2026-05-17 10:07:00,282 - main - INFO - FastAPI 애플리케이션 시작
2026-05-17 10:07:29,899 - main - INFO - [요청 시작] GET /items | 클라이언트: 127.0.0.1 | ID: 2026-05-17T10:07:29.899337
2026-05-17 10:07:29,901 - main - INFO - 마켓 가격 조회 요청: 검색어='None'
2026-05-17 10:07:29,908 - main - INFO - 마켓 가격 조회 완료: 0개 항목
2026-05-17 10:07:29,909 - main - INFO - [요청 완료] GET /items | 상태코드: 200 | ID: 2026-05-17T10:07:29.899337
2026-05-17 10:07:29,911 - main - INFO - [요청 시작] GET /items | 클라이언트: 127.0.0.1 | ID: 2026-05-17T10:07:29.910450
2026-05-17 10:07:29,912 - main - INFO - 마켓 가격 조회 요청: 검색어='None'
2026-05-17 10:07:29,914 - main - INFO - 마켓 가격 조회 완료: 0개 항목
2026-05-17 10:07:29,915 - main - INFO - [요청 완료] GET /items | 상태코드: 200 | ID: 2026-05-17T10:07:29.910450
2026-05-17 10:07:31,745 - main - INFO - [요청 시작] GET /items | 클라이언트: 127.0.0.1 | ID: 2026-05-17T10:07:31.745511
2026-05-17 10:07:31,747 - main - INFO - 마켓 가격 조회 요청: 검색어='None'
2026-05-17 10:07:31,750 - main - INFO - 마켓 가격 조회 완료: 0개 항목
2026-05-17 10:07:31,751 - main - INFO - [요청 완료] GET /items | 상태코드: 200 | ID: 2026-05-17T10:07:31.745511
2026-05-17 10:09:00,805 - main - INFO - [요청 시작] GET /items | 클라이언트: 127.0.0.1 | ID: 2026-05-17T10:09:00.805678
2026-05-17 10:09:00,805 - main - INFO - 마켓 가격 조회 요청: 검색어='None'
2026-05-17 10:09:00,805 - main - INFO - 마켓 가격 조회 완료: 0개 항목
2026-05-17 10:09:00,805 - main - INFO - [요청 완료] GET /items | 상태코드: 200 | ID: 2026-05-17T10:09:00.805678
2026-05-17 10:09:01,625 - main - INFO - [요청 시작] GET /items | 클라이언트: 127.0.0.1 | ID: 2026-05-17T10:09:01.625891
2026-05-17 10:09:01,626 - main - INFO - 마켓 가격 조회 요청: 검색어='None'
2026-05-17 10:09:01,626 - main - INFO - 마켓 가격 조회 완료: 0개 항목
2026-05-17 10:09:01,626 - main - INFO - [요청 완료] GET /items | 상태코드: 200 | ID: 2026-05-17T10:09:01.625891
2026-05-17 10:51:26,542 - main - INFO - FastAPI 애플리케이션 시작
2026-05-17 11:19:12,815 - main - INFO - FastAPI 애플리케이션 시작
2026-05-17 11:19:46,346 - main - INFO - FastAPI 애플리케이션 시작
2026-05-17 13:09:01,619 - main - INFO - FastAPI 애플리케이션 시작
2026-05-17 13:10:04,673 - main - INFO - FastAPI 애플리케이션 시작
2026-05-17 13:14:11,441 - main - INFO - FastAPI 애플리케이션 시작
2026-05-17 13:14:54,779 - main - INFO - FastAPI 애플리케이션 시작
2026-05-17 15:11:43,445 - main - INFO - FastAPI 애플리케이션 시작
2026-05-17 15:12:08,523 - main - INFO - FastAPI 애플리케이션 시작
2026-05-17 15:13:12,717 - main - INFO - FastAPI 애플리케이션 시작
2026-05-17 16:35:18,488 - main - INFO - FastAPI 애플리케이션 시작
2026-05-17 16:36:17,338 - main - INFO - FastAPI 애플리케이션 시작
2026-05-17 18:39:35,978 - main - INFO - FastAPI 애플리케이션 시작
2026-05-17 18:39:50,610 - main - INFO - [요청 시작] GET /items | 클라이언트: 127.0.0.1 | ID: 2026-05-17T18:39:50.610279
2026-05-17 18:39:50,639 - main - INFO - 마켓 가격 조회 요청: 검색어='None'
2026-05-17 18:39:50,721 - main - INFO - 마켓 가격 조회 완료: 604개 항목
2026-05-17 18:39:50,735 - main - INFO - [요청 완료] GET /items | 상태코드: 200 | ID: 2026-05-17T18:39:50.610279
2026-05-17 18:39:50,738 - main - INFO - [요청 시작] GET /items | 클라이언트: 127.0.0.1 | ID: 2026-05-17T18:39:50.738583
2026-05-17 18:39:50,738 - main - INFO - 마켓 가격 조회 요청: 검색어='None'
2026-05-17 18:39:50,746 - main - INFO - 마켓 가격 조회 완료: 604개 항목
2026-05-17 18:39:50,754 - main - INFO - [요청 완료] GET /items | 상태코드: 200 | ID: 2026-05-17T18:39:50.738583
2026-05-17 18:39:58,456 - main - INFO - [요청 시작] GET /api/storage/백설 하얀설탕(1kg) | 클라이언트: 127.0.0.1 | ID: 2026-05-17T18:39:58.456991
2026-05-17 18:39:58,456 - main - INFO - 보관 가이드 조회 요청: item_name=백설 하얀설탕(1kg)
2026-05-17 18:39:58,476 - main - INFO - 새로운 보관 가이드 생성 시작: item_name=백설 하얀설탕(1kg)
2026-05-17 18:39:58,476 - services.ai_service - INFO - 보관 가이드 생성 시작: item_name=백설 하얀설탕(1kg)
2026-05-17 18:39:58,731 - services.ai_service - ERROR - Gemini API 호출 실패 (보관 가이드): item_name=백설 하얀설탕(1kg), 에러=400 API key not valid. Please pass a valid API key. [reason: "API_KEY_INVALID"
domain: "googleapis.com"
metadata {
  key: "service"
  value: "generativelanguage.googleapis.com"
}
, locale: "en-US"
message: "API key not valid. Please pass a valid API key."
]
Traceback (most recent call last):
  File "C:\Users\heee1\AppData\Local\Programs\Python\Python312\Lib\site-packages\google\api_core\grpc_helpers.py", line 55, in error_remapped_callable
    return callable_(*args, **kwargs)
           ^^^^^^^^^^^^^^^^^^^^^^^^^^
  File "C:\Users\heee1\AppData\Local\Programs\Python\Python312\Lib\site-packages\grpc\_interceptor.py", line 276, in __call__
    response, ignored_call = self._with_call(
                             ^^^^^^^^^^^^^^^^
  File "C:\Users\heee1\AppData\Local\Programs\Python\Python312\Lib\site-packages\grpc\_interceptor.py", line 331, in _with_call
    return call.result(), call
           ^^^^^^^^^^^^^
  File "C:\Users\heee1\AppData\Local\Programs\Python\Python312\Lib\site-packages\grpc\_channel.py", line 438, in result
    raise self
  File "C:\Users\heee1\AppData\Local\Programs\Python\Python312\Lib\site-packages\grpc\_interceptor.py", line 314, in continuation
    response, call = self._thunk(new_method).with_call(
                     ^^^^^^^^^^^^^^^^^^^^^^^^^^^^^^^^^^
  File "C:\Users\heee1\AppData\Local\Programs\Python\Python312\Lib\site-packages\grpc\_channel.py", line 1173, in with_call
    return _end_unary_response_blocking(state, call, True, None)
           ^^^^^^^^^^^^^^^^^^^^^^^^^^^^^^^^^^^^^^^^^^^^^^^^^^^^^
  File "C:\Users\heee1\AppData\Local\Programs\Python\Python312\Lib\site-packages\grpc\_channel.py", line 990, in _end_unary_response_blocking
    raise _InactiveRpcError(state)  # pytype: disable=not-instantiable
    ^^^^^^^^^^^^^^^^^^^^^^^^^^^^^^
grpc._channel._InactiveRpcError: <_InactiveRpcError of RPC that terminated with:
	status = StatusCode.INVALID_ARGUMENT
	details = "API key not valid. Please pass a valid API key."
	debug_error_string = "UNKNOWN:Error received from peer ipv4:216.239.38.223:443 {grpc_status:3, grpc_message:"API key not valid. Please pass a valid API key."}"
>

The above exception was the direct cause of the following exception:

Traceback (most recent call last):
  File "C:\dev\GitHub\eco-price-ai\backend\services\ai_service.py", line 141, in generate_storage_guide
    response = model.generate_content(prompt)
               ^^^^^^^^^^^^^^^^^^^^^^^^^^^^^^
  File "C:\Users\heee1\AppData\Local\Programs\Python\Python312\Lib\site-packages\google\generativeai\generative_models.py", line 331, in generate_content
    response = self._client.generate_content(
               ^^^^^^^^^^^^^^^^^^^^^^^^^^^^^^
  File "C:\Users\heee1\AppData\Local\Programs\Python\Python312\Lib\site-packages\google\ai\generativelanguage_v1beta\services\generative_service\client.py", line 835, in generate_content
    response = rpc(
               ^^^^
  File "C:\Users\heee1\AppData\Local\Programs\Python\Python312\Lib\site-packages\google\api_core\gapic_v1\method.py", line 128, in __call__
    return wrapped_func(*args, **kwargs)
           ^^^^^^^^^^^^^^^^^^^^^^^^^^^^^
  File "C:\Users\heee1\AppData\Local\Programs\Python\Python312\Lib\site-packages\google\api_core\retry\retry_unary.py", line 294, in retry_wrapped_func
    return retry_target(
           ^^^^^^^^^^^^^
  File "C:\Users\heee1\AppData\Local\Programs\Python\Python312\Lib\site-packages\google\api_core\retry\retry_unary.py", line 156, in retry_target
    next_sleep = _retry_error_helper(
                 ^^^^^^^^^^^^^^^^^^^^
  File "C:\Users\heee1\AppData\Local\Programs\Python\Python312\Lib\site-packages\google\api_core\retry\retry_base.py", line 216, in _retry_error_helper
    raise final_exc from source_exc
  File "C:\Users\heee1\AppData\Local\Programs\Python\Python312\Lib\site-packages\google\api_core\retry\retry_unary.py", line 147, in retry_target
    result = target()
             ^^^^^^^^
  File "C:\Users\heee1\AppData\Local\Programs\Python\Python312\Lib\site-packages\google\api_core\timeout.py", line 130, in func_with_timeout
    return func(*args, **kwargs)
           ^^^^^^^^^^^^^^^^^^^^^
  File "C:\Users\heee1\AppData\Local\Programs\Python\Python312\Lib\site-packages\google\api_core\grpc_helpers.py", line 57, in error_remapped_callable
    raise exceptions.from_grpc_error(exc) from exc
google.api_core.exceptions.InvalidArgument: 400 API key not valid. Please pass a valid API key. [reason: "API_KEY_INVALID"
domain: "googleapis.com"
metadata {
  key: "service"
  value: "generativelanguage.googleapis.com"
}
, locale: "en-US"
message: "API key not valid. Please pass a valid API key."
]
2026-05-17 18:39:58,930 - main - ERROR - 보관 가이드 생성 중 심각한 오류 발생: item_name=백설 하얀설탕(1kg), 에러=Gemini API 호출 실패: 400 API key not valid. Please pass a valid API key. [reason: "API_KEY_INVALID"
domain: "googleapis.com"
metadata {
  key: "service"
  value: "generativelanguage.googleapis.com"
}
, locale: "en-US"
message: "API key not valid. Please pass a valid API key."
]
Traceback (most recent call last):
  File "C:\Users\heee1\AppData\Local\Programs\Python\Python312\Lib\site-packages\google\api_core\grpc_helpers.py", line 55, in error_remapped_callable
    return callable_(*args, **kwargs)
           ^^^^^^^^^^^^^^^^^^^^^^^^^^
  File "C:\Users\heee1\AppData\Local\Programs\Python\Python312\Lib\site-packages\grpc\_interceptor.py", line 276, in __call__
    response, ignored_call = self._with_call(
                             ^^^^^^^^^^^^^^^^
  File "C:\Users\heee1\AppData\Local\Programs\Python\Python312\Lib\site-packages\grpc\_interceptor.py", line 331, in _with_call
    return call.result(), call
           ^^^^^^^^^^^^^
  File "C:\Users\heee1\AppData\Local\Programs\Python\Python312\Lib\site-packages\grpc\_channel.py", line 438, in result
    raise self
  File "C:\Users\heee1\AppData\Local\Programs\Python\Python312\Lib\site-packages\grpc\_interceptor.py", line 314, in continuation
    response, call = self._thunk(new_method).with_call(
                     ^^^^^^^^^^^^^^^^^^^^^^^^^^^^^^^^^^
  File "C:\Users\heee1\AppData\Local\Programs\Python\Python312\Lib\site-packages\grpc\_channel.py", line 1173, in with_call
    return _end_unary_response_blocking(state, call, True, None)
           ^^^^^^^^^^^^^^^^^^^^^^^^^^^^^^^^^^^^^^^^^^^^^^^^^^^^^
  File "C:\Users\heee1\AppData\Local\Programs\Python\Python312\Lib\site-packages\grpc\_channel.py", line 990, in _end_unary_response_blocking
    raise _InactiveRpcError(state)  # pytype: disable=not-instantiable
    ^^^^^^^^^^^^^^^^^^^^^^^^^^^^^^
grpc._channel._InactiveRpcError: <_InactiveRpcError of RPC that terminated with:
	status = StatusCode.INVALID_ARGUMENT
	details = "API key not valid. Please pass a valid API key."
	debug_error_string = "UNKNOWN:Error received from peer ipv4:216.239.38.223:443 {grpc_status:3, grpc_message:"API key not valid. Please pass a valid API key."}"
>

The above exception was the direct cause of the following exception:

Traceback (most recent call last):
  File "C:\dev\GitHub\eco-price-ai\backend\services\ai_service.py", line 141, in generate_storage_guide
    response = model.generate_content(prompt)
               ^^^^^^^^^^^^^^^^^^^^^^^^^^^^^^
  File "C:\Users\heee1\AppData\Local\Programs\Python\Python312\Lib\site-packages\google\generativeai\generative_models.py", line 331, in generate_content
    response = self._client.generate_content(
               ^^^^^^^^^^^^^^^^^^^^^^^^^^^^^^
  File "C:\Users\heee1\AppData\Local\Programs\Python\Python312\Lib\site-packages\google\ai\generativelanguage_v1beta\services\generative_service\client.py", line 835, in generate_content
    response = rpc(
               ^^^^
  File "C:\Users\heee1\AppData\Local\Programs\Python\Python312\Lib\site-packages\google\api_core\gapic_v1\method.py", line 128, in __call__
    return wrapped_func(*args, **kwargs)
           ^^^^^^^^^^^^^^^^^^^^^^^^^^^^^
  File "C:\Users\heee1\AppData\Local\Programs\Python\Python312\Lib\site-packages\google\api_core\retry\retry_unary.py", line 294, in retry_wrapped_func
    return retry_target(
           ^^^^^^^^^^^^^
  File "C:\Users\heee1\AppData\Local\Programs\Python\Python312\Lib\site-packages\google\api_core\retry\retry_unary.py", line 156, in retry_target
    next_sleep = _retry_error_helper(
                 ^^^^^^^^^^^^^^^^^^^^
  File "C:\Users\heee1\AppData\Local\Programs\Python\Python312\Lib\site-packages\google\api_core\retry\retry_base.py", line 216, in _retry_error_helper
    raise final_exc from source_exc
  File "C:\Users\heee1\AppData\Local\Programs\Python\Python312\Lib\site-packages\google\api_core\retry\retry_unary.py", line 147, in retry_target
    result = target()
             ^^^^^^^^
  File "C:\Users\heee1\AppData\Local\Programs\Python\Python312\Lib\site-packages\google\api_core\timeout.py", line 130, in func_with_timeout
    return func(*args, **kwargs)
           ^^^^^^^^^^^^^^^^^^^^^
  File "C:\Users\heee1\AppData\Local\Programs\Python\Python312\Lib\site-packages\google\api_core\grpc_helpers.py", line 57, in error_remapped_callable
    raise exceptions.from_grpc_error(exc) from exc
google.api_core.exceptions.InvalidArgument: 400 API key not valid. Please pass a valid API key. [reason: "API_KEY_INVALID"
domain: "googleapis.com"
metadata {
  key: "service"
  value: "generativelanguage.googleapis.com"
}
, locale: "en-US"
message: "API key not valid. Please pass a valid API key."
]

During handling of the above exception, another exception occurred:

Traceback (most recent call last):
  File "C:\dev\GitHub\eco-price-ai\backend\main.py", line 217, in get_storage_guide
    storage_data = generate_storage_guide(item_name)
                   ^^^^^^^^^^^^^^^^^^^^^^^^^^^^^^^^^
  File "C:\dev\GitHub\eco-price-ai\backend\services\ai_service.py", line 166, in generate_storage_guide
    raise Exception(f"Gemini API 호출 실패: {str(e)}")
Exception: Gemini API 호출 실패: 400 API key not valid. Please pass a valid API key. [reason: "API_KEY_INVALID"
domain: "googleapis.com"
metadata {
  key: "service"
  value: "generativelanguage.googleapis.com"
}
, locale: "en-US"
message: "API key not valid. Please pass a valid API key."
]
2026-05-17 18:39:58,931 - database - ERROR - 데이터베이스 세션 중 오류 발생: 500: 보관 가이드 생성 오류: Gemini API 호출 실패: 400 API key not valid. Please pass a valid API key. [reason: "API_KEY_INVALID"
domain: "googleapis.com"
metadata {
  key: "service"
  value: "generativelanguage.googleapis.com"
}
, locale: "en-US"
message: "API key not valid. Please pass a valid API key."
]
Traceback (most recent call last):
  File "C:\Users\heee1\AppData\Local\Programs\Python\Python312\Lib\site-packages\google\api_core\grpc_helpers.py", line 55, in error_remapped_callable
    return callable_(*args, **kwargs)
           ^^^^^^^^^^^^^^^^^^^^^^^^^^
  File "C:\Users\heee1\AppData\Local\Programs\Python\Python312\Lib\site-packages\grpc\_interceptor.py", line 276, in __call__
    response, ignored_call = self._with_call(
                             ^^^^^^^^^^^^^^^^
  File "C:\Users\heee1\AppData\Local\Programs\Python\Python312\Lib\site-packages\grpc\_interceptor.py", line 331, in _with_call
    return call.result(), call
           ^^^^^^^^^^^^^
  File "C:\Users\heee1\AppData\Local\Programs\Python\Python312\Lib\site-packages\grpc\_channel.py", line 438, in result
    raise self
  File "C:\Users\heee1\AppData\Local\Programs\Python\Python312\Lib\site-packages\grpc\_interceptor.py", line 314, in continuation
    response, call = self._thunk(new_method).with_call(
                     ^^^^^^^^^^^^^^^^^^^^^^^^^^^^^^^^^^
  File "C:\Users\heee1\AppData\Local\Programs\Python\Python312\Lib\site-packages\grpc\_channel.py", line 1173, in with_call
    return _end_unary_response_blocking(state, call, True, None)
           ^^^^^^^^^^^^^^^^^^^^^^^^^^^^^^^^^^^^^^^^^^^^^^^^^^^^^
  File "C:\Users\heee1\AppData\Local\Programs\Python\Python312\Lib\site-packages\grpc\_channel.py", line 990, in _end_unary_response_blocking
    raise _InactiveRpcError(state)  # pytype: disable=not-instantiable
    ^^^^^^^^^^^^^^^^^^^^^^^^^^^^^^
grpc._channel._InactiveRpcError: <_InactiveRpcError of RPC that terminated with:
	status = StatusCode.INVALID_ARGUMENT
	details = "API key not valid. Please pass a valid API key."
	debug_error_string = "UNKNOWN:Error received from peer ipv4:216.239.38.223:443 {grpc_status:3, grpc_message:"API key not valid. Please pass a valid API key."}"
>

The above exception was the direct cause of the following exception:

Traceback (most recent call last):
  File "C:\dev\GitHub\eco-price-ai\backend\services\ai_service.py", line 141, in generate_storage_guide
    response = model.generate_content(prompt)
               ^^^^^^^^^^^^^^^^^^^^^^^^^^^^^^
  File "C:\Users\heee1\AppData\Local\Programs\Python\Python312\Lib\site-packages\google\generativeai\generative_models.py", line 331, in generate_content
    response = self._client.generate_content(
               ^^^^^^^^^^^^^^^^^^^^^^^^^^^^^^
  File "C:\Users\heee1\AppData\Local\Programs\Python\Python312\Lib\site-packages\google\ai\generativelanguage_v1beta\services\generative_service\client.py", line 835, in generate_content
    response = rpc(
               ^^^^
  File "C:\Users\heee1\AppData\Local\Programs\Python\Python312\Lib\site-packages\google\api_core\gapic_v1\method.py", line 128, in __call__
    return wrapped_func(*args, **kwargs)
           ^^^^^^^^^^^^^^^^^^^^^^^^^^^^^
  File "C:\Users\heee1\AppData\Local\Programs\Python\Python312\Lib\site-packages\google\api_core\retry\retry_unary.py", line 294, in retry_wrapped_func
    return retry_target(
           ^^^^^^^^^^^^^
  File "C:\Users\heee1\AppData\Local\Programs\Python\Python312\Lib\site-packages\google\api_core\retry\retry_unary.py", line 156, in retry_target
    next_sleep = _retry_error_helper(
                 ^^^^^^^^^^^^^^^^^^^^
  File "C:\Users\heee1\AppData\Local\Programs\Python\Python312\Lib\site-packages\google\api_core\retry\retry_base.py", line 216, in _retry_error_helper
    raise final_exc from source_exc
  File "C:\Users\heee1\AppData\Local\Programs\Python\Python312\Lib\site-packages\google\api_core\retry\retry_unary.py", line 147, in retry_target
    result = target()
             ^^^^^^^^
  File "C:\Users\heee1\AppData\Local\Programs\Python\Python312\Lib\site-packages\google\api_core\timeout.py", line 130, in func_with_timeout
    return func(*args, **kwargs)
           ^^^^^^^^^^^^^^^^^^^^^
  File "C:\Users\heee1\AppData\Local\Programs\Python\Python312\Lib\site-packages\google\api_core\grpc_helpers.py", line 57, in error_remapped_callable
    raise exceptions.from_grpc_error(exc) from exc
google.api_core.exceptions.InvalidArgument: 400 API key not valid. Please pass a valid API key. [reason: "API_KEY_INVALID"
domain: "googleapis.com"
metadata {
  key: "service"
  value: "generativelanguage.googleapis.com"
}
, locale: "en-US"
message: "API key not valid. Please pass a valid API key."
]

During handling of the above exception, another exception occurred:

Traceback (most recent call last):
  File "C:\dev\GitHub\eco-price-ai\backend\main.py", line 217, in get_storage_guide
    storage_data = generate_storage_guide(item_name)
                   ^^^^^^^^^^^^^^^^^^^^^^^^^^^^^^^^^
  File "C:\dev\GitHub\eco-price-ai\backend\services\ai_service.py", line 166, in generate_storage_guide
    raise Exception(f"Gemini API 호출 실패: {str(e)}")
Exception: Gemini API 호출 실패: 400 API key not valid. Please pass a valid API key. [reason: "API_KEY_INVALID"
domain: "googleapis.com"
metadata {
  key: "service"
  value: "generativelanguage.googleapis.com"
}
, locale: "en-US"
message: "API key not valid. Please pass a valid API key."
]

During handling of the above exception, another exception occurred:

Traceback (most recent call last):
  File "C:\dev\GitHub\eco-price-ai\backend\database.py", line 53, in get_db
    yield db
  File "C:\Users\heee1\AppData\Local\Programs\Python\Python312\Lib\site-packages\fastapi\concurrency.py", line 29, in contextmanager_in_threadpool
    yield await run_in_threadpool(cm.__enter__)
  File "C:\Users\heee1\AppData\Local\Programs\Python\Python312\Lib\site-packages\fastapi\routing.py", line 120, in app
    response = await f(request)
               ^^^^^^^^^^^^^^^^
  File "C:\Users\heee1\AppData\Local\Programs\Python\Python312\Lib\site-packages\fastapi\routing.py", line 674, in app
    raw_response = await run_endpoint_function(
                   ^^^^^^^^^^^^^^^^^^^^^^^^^^^^
  File "C:\Users\heee1\AppData\Local\Programs\Python\Python312\Lib\site-packages\fastapi\routing.py", line 330, in run_endpoint_function
    return await run_in_threadpool(dependant.call, **values)
           ^^^^^^^^^^^^^^^^^^^^^^^^^^^^^^^^^^^^^^^^^^^^^^^^^
  File "C:\Users\heee1\AppData\Local\Programs\Python\Python312\Lib\site-packages\starlette\concurrency.py", line 32, in run_in_threadpool
    return await anyio.to_thread.run_sync(func)
           ^^^^^^^^^^^^^^^^^^^^^^^^^^^^^^^^^^^^
  File "C:\Users\heee1\AppData\Local\Programs\Python\Python312\Lib\site-packages\anyio\to_thread.py", line 63, in run_sync
    return await get_async_backend().run_sync_in_worker_thread(
           ^^^^^^^^^^^^^^^^^^^^^^^^^^^^^^^^^^^^^^^^^^^^^^^^^^^^
  File "C:\Users\heee1\AppData\Local\Programs\Python\Python312\Lib\site-packages\anyio\_backends\_asyncio.py", line 2518, in run_sync_in_worker_thread
    return await future
           ^^^^^^^^^^^^
  File "C:\Users\heee1\AppData\Local\Programs\Python\Python312\Lib\site-packages\anyio\_backends\_asyncio.py", line 1002, in run
    result = context.run(func, *args)
             ^^^^^^^^^^^^^^^^^^^^^^^^
  File "C:\dev\GitHub\eco-price-ai\backend\main.py", line 242, in get_storage_guide
    raise HTTPException(status_code=500, detail=f"보관 가이드 생성 오류: {str(e)}")
fastapi.exceptions.HTTPException: 500: 보관 가이드 생성 오류: Gemini API 호출 실패: 400 API key not valid. Please pass a valid API key. [reason: "API_KEY_INVALID"
domain: "googleapis.com"
metadata {
  key: "service"
  value: "generativelanguage.googleapis.com"
}
, locale: "en-US"
message: "API key not valid. Please pass a valid API key."
]
2026-05-17 18:39:59,001 - main - INFO - [요청 완료] GET /api/storage/백설 하얀설탕(1kg) | 상태코드: 500 | ID: 2026-05-17T18:39:58.456991
2026-05-17 18:40:03,046 - main - INFO - [요청 시작] GET /api/storage/해표 꽃소금(1kg) | 클라이언트: 127.0.0.1 | ID: 2026-05-17T18:40:03.046654
2026-05-17 18:40:03,048 - main - INFO - 보관 가이드 조회 요청: item_name=해표 꽃소금(1kg)
2026-05-17 18:40:03,051 - main - INFO - 새로운 보관 가이드 생성 시작: item_name=해표 꽃소금(1kg)
2026-05-17 18:40:03,051 - services.ai_service - INFO - 보관 가이드 생성 시작: item_name=해표 꽃소금(1kg)
2026-05-17 18:40:03,147 - services.ai_service - ERROR - Gemini API 호출 실패 (보관 가이드): item_name=해표 꽃소금(1kg), 에러=400 API key not valid. Please pass a valid API key. [reason: "API_KEY_INVALID"
domain: "googleapis.com"
metadata {
  key: "service"
  value: "generativelanguage.googleapis.com"
}
, locale: "en-US"
message: "API key not valid. Please pass a valid API key."
]
Traceback (most recent call last):
  File "C:\Users\heee1\AppData\Local\Programs\Python\Python312\Lib\site-packages\google\api_core\grpc_helpers.py", line 55, in error_remapped_callable
    return callable_(*args, **kwargs)
           ^^^^^^^^^^^^^^^^^^^^^^^^^^
  File "C:\Users\heee1\AppData\Local\Programs\Python\Python312\Lib\site-packages\grpc\_interceptor.py", line 276, in __call__
    response, ignored_call = self._with_call(
                             ^^^^^^^^^^^^^^^^
  File "C:\Users\heee1\AppData\Local\Programs\Python\Python312\Lib\site-packages\grpc\_interceptor.py", line 331, in _with_call
    return call.result(), call
           ^^^^^^^^^^^^^
  File "C:\Users\heee1\AppData\Local\Programs\Python\Python312\Lib\site-packages\grpc\_channel.py", line 438, in result
    raise self
  File "C:\Users\heee1\AppData\Local\Programs\Python\Python312\Lib\site-packages\grpc\_interceptor.py", line 314, in continuation
    response, call = self._thunk(new_method).with_call(
                     ^^^^^^^^^^^^^^^^^^^^^^^^^^^^^^^^^^
  File "C:\Users\heee1\AppData\Local\Programs\Python\Python312\Lib\site-packages\grpc\_channel.py", line 1173, in with_call
    return _end_unary_response_blocking(state, call, True, None)
           ^^^^^^^^^^^^^^^^^^^^^^^^^^^^^^^^^^^^^^^^^^^^^^^^^^^^^
  File "C:\Users\heee1\AppData\Local\Programs\Python\Python312\Lib\site-packages\grpc\_channel.py", line 990, in _end_unary_response_blocking
    raise _InactiveRpcError(state)  # pytype: disable=not-instantiable
    ^^^^^^^^^^^^^^^^^^^^^^^^^^^^^^
grpc._channel._InactiveRpcError: <_InactiveRpcError of RPC that terminated with:
	status = StatusCode.INVALID_ARGUMENT
	details = "API key not valid. Please pass a valid API key."
	debug_error_string = "UNKNOWN:Error received from peer ipv4:216.239.38.223:443 {grpc_status:3, grpc_message:"API key not valid. Please pass a valid API key."}"
>

The above exception was the direct cause of the following exception:

Traceback (most recent call last):
  File "C:\dev\GitHub\eco-price-ai\backend\services\ai_service.py", line 141, in generate_storage_guide
    response = model.generate_content(prompt)
               ^^^^^^^^^^^^^^^^^^^^^^^^^^^^^^
  File "C:\Users\heee1\AppData\Local\Programs\Python\Python312\Lib\site-packages\google\generativeai\generative_models.py", line 331, in generate_content
    response = self._client.generate_content(
               ^^^^^^^^^^^^^^^^^^^^^^^^^^^^^^
  File "C:\Users\heee1\AppData\Local\Programs\Python\Python312\Lib\site-packages\google\ai\generativelanguage_v1beta\services\generative_service\client.py", line 835, in generate_content
    response = rpc(
               ^^^^
  File "C:\Users\heee1\AppData\Local\Programs\Python\Python312\Lib\site-packages\google\api_core\gapic_v1\method.py", line 128, in __call__
    return wrapped_func(*args, **kwargs)
           ^^^^^^^^^^^^^^^^^^^^^^^^^^^^^
  File "C:\Users\heee1\AppData\Local\Programs\Python\Python312\Lib\site-packages\google\api_core\retry\retry_unary.py", line 294, in retry_wrapped_func
    return retry_target(
           ^^^^^^^^^^^^^
  File "C:\Users\heee1\AppData\Local\Programs\Python\Python312\Lib\site-packages\google\api_core\retry\retry_unary.py", line 156, in retry_target
    next_sleep = _retry_error_helper(
                 ^^^^^^^^^^^^^^^^^^^^
  File "C:\Users\heee1\AppData\Local\Programs\Python\Python312\Lib\site-packages\google\api_core\retry\retry_base.py", line 216, in _retry_error_helper
    raise final_exc from source_exc
  File "C:\Users\heee1\AppData\Local\Programs\Python\Python312\Lib\site-packages\google\api_core\retry\retry_unary.py", line 147, in retry_target
    result = target()
             ^^^^^^^^
  File "C:\Users\heee1\AppData\Local\Programs\Python\Python312\Lib\site-packages\google\api_core\timeout.py", line 130, in func_with_timeout
    return func(*args, **kwargs)
           ^^^^^^^^^^^^^^^^^^^^^
  File "C:\Users\heee1\AppData\Local\Programs\Python\Python312\Lib\site-packages\google\api_core\grpc_helpers.py", line 57, in error_remapped_callable
    raise exceptions.from_grpc_error(exc) from exc
google.api_core.exceptions.InvalidArgument: 400 API key not valid. Please pass a valid API key. [reason: "API_KEY_INVALID"
domain: "googleapis.com"
metadata {
  key: "service"
  value: "generativelanguage.googleapis.com"
}
, locale: "en-US"
message: "API key not valid. Please pass a valid API key."
]
2026-05-17 18:40:03,148 - main - ERROR - 보관 가이드 생성 중 심각한 오류 발생: item_name=해표 꽃소금(1kg), 에러=Gemini API 호출 실패: 400 API key not valid. Please pass a valid API key. [reason: "API_KEY_INVALID"
domain: "googleapis.com"
metadata {
  key: "service"
  value: "generativelanguage.googleapis.com"
}
, locale: "en-US"
message: "API key not valid. Please pass a valid API key."
]
Traceback (most recent call last):
  File "C:\Users\heee1\AppData\Local\Programs\Python\Python312\Lib\site-packages\google\api_core\grpc_helpers.py", line 55, in error_remapped_callable
    return callable_(*args, **kwargs)
           ^^^^^^^^^^^^^^^^^^^^^^^^^^
  File "C:\Users\heee1\AppData\Local\Programs\Python\Python312\Lib\site-packages\grpc\_interceptor.py", line 276, in __call__
    response, ignored_call = self._with_call(
                             ^^^^^^^^^^^^^^^^
  File "C:\Users\heee1\AppData\Local\Programs\Python\Python312\Lib\site-packages\grpc\_interceptor.py", line 331, in _with_call
    return call.result(), call
           ^^^^^^^^^^^^^
  File "C:\Users\heee1\AppData\Local\Programs\Python\Python312\Lib\site-packages\grpc\_channel.py", line 438, in result
    raise self
  File "C:\Users\heee1\AppData\Local\Programs\Python\Python312\Lib\site-packages\grpc\_interceptor.py", line 314, in continuation
    response, call = self._thunk(new_method).with_call(
                     ^^^^^^^^^^^^^^^^^^^^^^^^^^^^^^^^^^
  File "C:\Users\heee1\AppData\Local\Programs\Python\Python312\Lib\site-packages\grpc\_channel.py", line 1173, in with_call
    return _end_unary_response_blocking(state, call, True, None)
           ^^^^^^^^^^^^^^^^^^^^^^^^^^^^^^^^^^^^^^^^^^^^^^^^^^^^^
  File "C:\Users\heee1\AppData\Local\Programs\Python\Python312\Lib\site-packages\grpc\_channel.py", line 990, in _end_unary_response_blocking
    raise _InactiveRpcError(state)  # pytype: disable=not-instantiable
    ^^^^^^^^^^^^^^^^^^^^^^^^^^^^^^
grpc._channel._InactiveRpcError: <_InactiveRpcError of RPC that terminated with:
	status = StatusCode.INVALID_ARGUMENT
	details = "API key not valid. Please pass a valid API key."
	debug_error_string = "UNKNOWN:Error received from peer ipv4:216.239.38.223:443 {grpc_status:3, grpc_message:"API key not valid. Please pass a valid API key."}"
>

The above exception was the direct cause of the following exception:

Traceback (most recent call last):
  File "C:\dev\GitHub\eco-price-ai\backend\services\ai_service.py", line 141, in generate_storage_guide
    response = model.generate_content(prompt)
               ^^^^^^^^^^^^^^^^^^^^^^^^^^^^^^
  File "C:\Users\heee1\AppData\Local\Programs\Python\Python312\Lib\site-packages\google\generativeai\generative_models.py", line 331, in generate_content
    response = self._client.generate_content(
               ^^^^^^^^^^^^^^^^^^^^^^^^^^^^^^
  File "C:\Users\heee1\AppData\Local\Programs\Python\Python312\Lib\site-packages\google\ai\generativelanguage_v1beta\services\generative_service\client.py", line 835, in generate_content
    response = rpc(
               ^^^^
  File "C:\Users\heee1\AppData\Local\Programs\Python\Python312\Lib\site-packages\google\api_core\gapic_v1\method.py", line 128, in __call__
    return wrapped_func(*args, **kwargs)
           ^^^^^^^^^^^^^^^^^^^^^^^^^^^^^
  File "C:\Users\heee1\AppData\Local\Programs\Python\Python312\Lib\site-packages\google\api_core\retry\retry_unary.py", line 294, in retry_wrapped_func
    return retry_target(
           ^^^^^^^^^^^^^
  File "C:\Users\heee1\AppData\Local\Programs\Python\Python312\Lib\site-packages\google\api_core\retry\retry_unary.py", line 156, in retry_target
    next_sleep = _retry_error_helper(
                 ^^^^^^^^^^^^^^^^^^^^
  File "C:\Users\heee1\AppData\Local\Programs\Python\Python312\Lib\site-packages\google\api_core\retry\retry_base.py", line 216, in _retry_error_helper
    raise final_exc from source_exc
  File "C:\Users\heee1\AppData\Local\Programs\Python\Python312\Lib\site-packages\google\api_core\retry\retry_unary.py", line 147, in retry_target
    result = target()
             ^^^^^^^^
  File "C:\Users\heee1\AppData\Local\Programs\Python\Python312\Lib\site-packages\google\api_core\timeout.py", line 130, in func_with_timeout
    return func(*args, **kwargs)
           ^^^^^^^^^^^^^^^^^^^^^
  File "C:\Users\heee1\AppData\Local\Programs\Python\Python312\Lib\site-packages\google\api_core\grpc_helpers.py", line 57, in error_remapped_callable
    raise exceptions.from_grpc_error(exc) from exc
google.api_core.exceptions.InvalidArgument: 400 API key not valid. Please pass a valid API key. [reason: "API_KEY_INVALID"
domain: "googleapis.com"
metadata {
  key: "service"
  value: "generativelanguage.googleapis.com"
}
, locale: "en-US"
message: "API key not valid. Please pass a valid API key."
]

During handling of the above exception, another exception occurred:

Traceback (most recent call last):
  File "C:\dev\GitHub\eco-price-ai\backend\main.py", line 217, in get_storage_guide
    storage_data = generate_storage_guide(item_name)
                   ^^^^^^^^^^^^^^^^^^^^^^^^^^^^^^^^^
  File "C:\dev\GitHub\eco-price-ai\backend\services\ai_service.py", line 166, in generate_storage_guide
    raise Exception(f"Gemini API 호출 실패: {str(e)}")
Exception: Gemini API 호출 실패: 400 API key not valid. Please pass a valid API key. [reason: "API_KEY_INVALID"
domain: "googleapis.com"
metadata {
  key: "service"
  value: "generativelanguage.googleapis.com"
}
, locale: "en-US"
message: "API key not valid. Please pass a valid API key."
]
2026-05-17 18:40:03,151 - database - ERROR - 데이터베이스 세션 중 오류 발생: 500: 보관 가이드 생성 오류: Gemini API 호출 실패: 400 API key not valid. Please pass a valid API key. [reason: "API_KEY_INVALID"
domain: "googleapis.com"
metadata {
  key: "service"
  value: "generativelanguage.googleapis.com"
}
, locale: "en-US"
message: "API key not valid. Please pass a valid API key."
]
Traceback (most recent call last):
  File "C:\Users\heee1\AppData\Local\Programs\Python\Python312\Lib\site-packages\google\api_core\grpc_helpers.py", line 55, in error_remapped_callable
    return callable_(*args, **kwargs)
           ^^^^^^^^^^^^^^^^^^^^^^^^^^
  File "C:\Users\heee1\AppData\Local\Programs\Python\Python312\Lib\site-packages\grpc\_interceptor.py", line 276, in __call__
    response, ignored_call = self._with_call(
                             ^^^^^^^^^^^^^^^^
  File "C:\Users\heee1\AppData\Local\Programs\Python\Python312\Lib\site-packages\grpc\_interceptor.py", line 331, in _with_call
    return call.result(), call
           ^^^^^^^^^^^^^
  File "C:\Users\heee1\AppData\Local\Programs\Python\Python312\Lib\site-packages\grpc\_channel.py", line 438, in result
    raise self
  File "C:\Users\heee1\AppData\Local\Programs\Python\Python312\Lib\site-packages\grpc\_interceptor.py", line 314, in continuation
    response, call = self._thunk(new_method).with_call(
                     ^^^^^^^^^^^^^^^^^^^^^^^^^^^^^^^^^^
  File "C:\Users\heee1\AppData\Local\Programs\Python\Python312\Lib\site-packages\grpc\_channel.py", line 1173, in with_call
    return _end_unary_response_blocking(state, call, True, None)
           ^^^^^^^^^^^^^^^^^^^^^^^^^^^^^^^^^^^^^^^^^^^^^^^^^^^^^
  File "C:\Users\heee1\AppData\Local\Programs\Python\Python312\Lib\site-packages\grpc\_channel.py", line 990, in _end_unary_response_blocking
    raise _InactiveRpcError(state)  # pytype: disable=not-instantiable
    ^^^^^^^^^^^^^^^^^^^^^^^^^^^^^^
grpc._channel._InactiveRpcError: <_InactiveRpcError of RPC that terminated with:
	status = StatusCode.INVALID_ARGUMENT
	details = "API key not valid. Please pass a valid API key."
	debug_error_string = "UNKNOWN:Error received from peer ipv4:216.239.38.223:443 {grpc_status:3, grpc_message:"API key not valid. Please pass a valid API key."}"
>

The above exception was the direct cause of the following exception:

Traceback (most recent call last):
  File "C:\dev\GitHub\eco-price-ai\backend\services\ai_service.py", line 141, in generate_storage_guide
    response = model.generate_content(prompt)
               ^^^^^^^^^^^^^^^^^^^^^^^^^^^^^^
  File "C:\Users\heee1\AppData\Local\Programs\Python\Python312\Lib\site-packages\google\generativeai\generative_models.py", line 331, in generate_content
    response = self._client.generate_content(
               ^^^^^^^^^^^^^^^^^^^^^^^^^^^^^^
  File "C:\Users\heee1\AppData\Local\Programs\Python\Python312\Lib\site-packages\google\ai\generativelanguage_v1beta\services\generative_service\client.py", line 835, in generate_content
    response = rpc(
               ^^^^
  File "C:\Users\heee1\AppData\Local\Programs\Python\Python312\Lib\site-packages\google\api_core\gapic_v1\method.py", line 128, in __call__
    return wrapped_func(*args, **kwargs)
           ^^^^^^^^^^^^^^^^^^^^^^^^^^^^^
  File "C:\Users\heee1\AppData\Local\Programs\Python\Python312\Lib\site-packages\google\api_core\retry\retry_unary.py", line 294, in retry_wrapped_func
    return retry_target(
           ^^^^^^^^^^^^^
  File "C:\Users\heee1\AppData\Local\Programs\Python\Python312\Lib\site-packages\google\api_core\retry\retry_unary.py", line 156, in retry_target
    next_sleep = _retry_error_helper(
                 ^^^^^^^^^^^^^^^^^^^^
  File "C:\Users\heee1\AppData\Local\Programs\Python\Python312\Lib\site-packages\google\api_core\retry\retry_base.py", line 216, in _retry_error_helper
    raise final_exc from source_exc
  File "C:\Users\heee1\AppData\Local\Programs\Python\Python312\Lib\site-packages\google\api_core\retry\retry_unary.py", line 147, in retry_target
    result = target()
             ^^^^^^^^
  File "C:\Users\heee1\AppData\Local\Programs\Python\Python312\Lib\site-packages\google\api_core\timeout.py", line 130, in func_with_timeout
    return func(*args, **kwargs)
           ^^^^^^^^^^^^^^^^^^^^^
  File "C:\Users\heee1\AppData\Local\Programs\Python\Python312\Lib\site-packages\google\api_core\grpc_helpers.py", line 57, in error_remapped_callable
    raise exceptions.from_grpc_error(exc) from exc
google.api_core.exceptions.InvalidArgument: 400 API key not valid. Please pass a valid API key. [reason: "API_KEY_INVALID"
domain: "googleapis.com"
metadata {
  key: "service"
  value: "generativelanguage.googleapis.com"
}
, locale: "en-US"
message: "API key not valid. Please pass a valid API key."
]

During handling of the above exception, another exception occurred:

Traceback (most recent call last):
  File "C:\dev\GitHub\eco-price-ai\backend\main.py", line 217, in get_storage_guide
    storage_data = generate_storage_guide(item_name)
                   ^^^^^^^^^^^^^^^^^^^^^^^^^^^^^^^^^
  File "C:\dev\GitHub\eco-price-ai\backend\services\ai_service.py", line 166, in generate_storage_guide
    raise Exception(f"Gemini API 호출 실패: {str(e)}")
Exception: Gemini API 호출 실패: 400 API key not valid. Please pass a valid API key. [reason: "API_KEY_INVALID"
domain: "googleapis.com"
metadata {
  key: "service"
  value: "generativelanguage.googleapis.com"
}
, locale: "en-US"
message: "API key not valid. Please pass a valid API key."
]

During handling of the above exception, another exception occurred:

Traceback (most recent call last):
  File "C:\dev\GitHub\eco-price-ai\backend\database.py", line 53, in get_db
    yield db
  File "C:\Users\heee1\AppData\Local\Programs\Python\Python312\Lib\site-packages\fastapi\concurrency.py", line 29, in contextmanager_in_threadpool
    yield await run_in_threadpool(cm.__enter__)
  File "C:\Users\heee1\AppData\Local\Programs\Python\Python312\Lib\site-packages\fastapi\routing.py", line 120, in app
    response = await f(request)
               ^^^^^^^^^^^^^^^^
  File "C:\Users\heee1\AppData\Local\Programs\Python\Python312\Lib\site-packages\fastapi\routing.py", line 674, in app
    raw_response = await run_endpoint_function(
                   ^^^^^^^^^^^^^^^^^^^^^^^^^^^^
  File "C:\Users\heee1\AppData\Local\Programs\Python\Python312\Lib\site-packages\fastapi\routing.py", line 330, in run_endpoint_function
    return await run_in_threadpool(dependant.call, **values)
           ^^^^^^^^^^^^^^^^^^^^^^^^^^^^^^^^^^^^^^^^^^^^^^^^^
  File "C:\Users\heee1\AppData\Local\Programs\Python\Python312\Lib\site-packages\starlette\concurrency.py", line 32, in run_in_threadpool
    return await anyio.to_thread.run_sync(func)
           ^^^^^^^^^^^^^^^^^^^^^^^^^^^^^^^^^^^^
  File "C:\Users\heee1\AppData\Local\Programs\Python\Python312\Lib\site-packages\anyio\to_thread.py", line 63, in run_sync
    return await get_async_backend().run_sync_in_worker_thread(
           ^^^^^^^^^^^^^^^^^^^^^^^^^^^^^^^^^^^^^^^^^^^^^^^^^^^^
  File "C:\Users\heee1\AppData\Local\Programs\Python\Python312\Lib\site-packages\anyio\_backends\_asyncio.py", line 2518, in run_sync_in_worker_thread
    return await future
           ^^^^^^^^^^^^
  File "C:\Users\heee1\AppData\Local\Programs\Python\Python312\Lib\site-packages\anyio\_backends\_asyncio.py", line 1002, in run
    result = context.run(func, *args)
             ^^^^^^^^^^^^^^^^^^^^^^^^
  File "C:\dev\GitHub\eco-price-ai\backend\main.py", line 242, in get_storage_guide
    raise HTTPException(status_code=500, detail=f"보관 가이드 생성 오류: {str(e)}")
fastapi.exceptions.HTTPException: 500: 보관 가이드 생성 오류: Gemini API 호출 실패: 400 API key not valid. Please pass a valid API key. [reason: "API_KEY_INVALID"
domain: "googleapis.com"
metadata {
  key: "service"
  value: "generativelanguage.googleapis.com"
}
, locale: "en-US"
message: "API key not valid. Please pass a valid API key."
]
2026-05-17 18:40:03,151 - main - INFO - [요청 완료] GET /api/storage/해표 꽃소금(1kg) | 상태코드: 500 | ID: 2026-05-17T18:40:03.046654
2026-05-17 18:40:46,560 - main - INFO - [요청 시작] GET /api/storage/쇠고기 등심(1+등급, 100g) | 클라이언트: 127.0.0.1 | ID: 2026-05-17T18:40:46.560178
2026-05-17 18:40:46,560 - main - INFO - 보관 가이드 조회 요청: item_name=쇠고기 등심(1+등급, 100g)
2026-05-17 18:40:46,560 - main - INFO - 새로운 보관 가이드 생성 시작: item_name=쇠고기 등심(1+등급, 100g)
2026-05-17 18:40:46,560 - services.ai_service - INFO - 보관 가이드 생성 시작: item_name=쇠고기 등심(1+등급, 100g)
2026-05-17 18:40:46,652 - services.ai_service - ERROR - Gemini API 호출 실패 (보관 가이드): item_name=쇠고기 등심(1+등급, 100g), 에러=400 API key not valid. Please pass a valid API key. [reason: "API_KEY_INVALID"
domain: "googleapis.com"
metadata {
  key: "service"
  value: "generativelanguage.googleapis.com"
}
, locale: "en-US"
message: "API key not valid. Please pass a valid API key."
]
Traceback (most recent call last):
  File "C:\Users\heee1\AppData\Local\Programs\Python\Python312\Lib\site-packages\google\api_core\grpc_helpers.py", line 55, in error_remapped_callable
    return callable_(*args, **kwargs)
           ^^^^^^^^^^^^^^^^^^^^^^^^^^
  File "C:\Users\heee1\AppData\Local\Programs\Python\Python312\Lib\site-packages\grpc\_interceptor.py", line 276, in __call__
    response, ignored_call = self._with_call(
                             ^^^^^^^^^^^^^^^^
  File "C:\Users\heee1\AppData\Local\Programs\Python\Python312\Lib\site-packages\grpc\_interceptor.py", line 331, in _with_call
    return call.result(), call
           ^^^^^^^^^^^^^
  File "C:\Users\heee1\AppData\Local\Programs\Python\Python312\Lib\site-packages\grpc\_channel.py", line 438, in result
    raise self
  File "C:\Users\heee1\AppData\Local\Programs\Python\Python312\Lib\site-packages\grpc\_interceptor.py", line 314, in continuation
    response, call = self._thunk(new_method).with_call(
                     ^^^^^^^^^^^^^^^^^^^^^^^^^^^^^^^^^^
  File "C:\Users\heee1\AppData\Local\Programs\Python\Python312\Lib\site-packages\grpc\_channel.py", line 1173, in with_call
    return _end_unary_response_blocking(state, call, True, None)
           ^^^^^^^^^^^^^^^^^^^^^^^^^^^^^^^^^^^^^^^^^^^^^^^^^^^^^
  File "C:\Users\heee1\AppData\Local\Programs\Python\Python312\Lib\site-packages\grpc\_channel.py", line 990, in _end_unary_response_blocking
    raise _InactiveRpcError(state)  # pytype: disable=not-instantiable
    ^^^^^^^^^^^^^^^^^^^^^^^^^^^^^^
grpc._channel._InactiveRpcError: <_InactiveRpcError of RPC that terminated with:
	status = StatusCode.INVALID_ARGUMENT
	details = "API key not valid. Please pass a valid API key."
	debug_error_string = "UNKNOWN:Error received from peer ipv4:216.239.38.223:443 {grpc_message:"API key not valid. Please pass a valid API key.", grpc_status:3}"
>

The above exception was the direct cause of the following exception:

Traceback (most recent call last):
  File "C:\dev\GitHub\eco-price-ai\backend\services\ai_service.py", line 141, in generate_storage_guide
    response = model.generate_content(prompt)
               ^^^^^^^^^^^^^^^^^^^^^^^^^^^^^^
  File "C:\Users\heee1\AppData\Local\Programs\Python\Python312\Lib\site-packages\google\generativeai\generative_models.py", line 331, in generate_content
    response = self._client.generate_content(
               ^^^^^^^^^^^^^^^^^^^^^^^^^^^^^^
  File "C:\Users\heee1\AppData\Local\Programs\Python\Python312\Lib\site-packages\google\ai\generativelanguage_v1beta\services\generative_service\client.py", line 835, in generate_content
    response = rpc(
               ^^^^
  File "C:\Users\heee1\AppData\Local\Programs\Python\Python312\Lib\site-packages\google\api_core\gapic_v1\method.py", line 128, in __call__
    return wrapped_func(*args, **kwargs)
           ^^^^^^^^^^^^^^^^^^^^^^^^^^^^^
  File "C:\Users\heee1\AppData\Local\Programs\Python\Python312\Lib\site-packages\google\api_core\retry\retry_unary.py", line 294, in retry_wrapped_func
    return retry_target(
           ^^^^^^^^^^^^^
  File "C:\Users\heee1\AppData\Local\Programs\Python\Python312\Lib\site-packages\google\api_core\retry\retry_unary.py", line 156, in retry_target
    next_sleep = _retry_error_helper(
                 ^^^^^^^^^^^^^^^^^^^^
  File "C:\Users\heee1\AppData\Local\Programs\Python\Python312\Lib\site-packages\google\api_core\retry\retry_base.py", line 216, in _retry_error_helper
    raise final_exc from source_exc
  File "C:\Users\heee1\AppData\Local\Programs\Python\Python312\Lib\site-packages\google\api_core\retry\retry_unary.py", line 147, in retry_target
    result = target()
             ^^^^^^^^
  File "C:\Users\heee1\AppData\Local\Programs\Python\Python312\Lib\site-packages\google\api_core\timeout.py", line 130, in func_with_timeout
    return func(*args, **kwargs)
           ^^^^^^^^^^^^^^^^^^^^^
  File "C:\Users\heee1\AppData\Local\Programs\Python\Python312\Lib\site-packages\google\api_core\grpc_helpers.py", line 57, in error_remapped_callable
    raise exceptions.from_grpc_error(exc) from exc
google.api_core.exceptions.InvalidArgument: 400 API key not valid. Please pass a valid API key. [reason: "API_KEY_INVALID"
domain: "googleapis.com"
metadata {
  key: "service"
  value: "generativelanguage.googleapis.com"
}
, locale: "en-US"
message: "API key not valid. Please pass a valid API key."
]
2026-05-17 18:40:46,656 - main - ERROR - 보관 가이드 생성 중 심각한 오류 발생: item_name=쇠고기 등심(1+등급, 100g), 에러=Gemini API 호출 실패: 400 API key not valid. Please pass a valid API key. [reason: "API_KEY_INVALID"
domain: "googleapis.com"
metadata {
  key: "service"
  value: "generativelanguage.googleapis.com"
}
, locale: "en-US"
message: "API key not valid. Please pass a valid API key."
]
Traceback (most recent call last):
  File "C:\Users\heee1\AppData\Local\Programs\Python\Python312\Lib\site-packages\google\api_core\grpc_helpers.py", line 55, in error_remapped_callable
    return callable_(*args, **kwargs)
           ^^^^^^^^^^^^^^^^^^^^^^^^^^
  File "C:\Users\heee1\AppData\Local\Programs\Python\Python312\Lib\site-packages\grpc\_interceptor.py", line 276, in __call__
    response, ignored_call = self._with_call(
                             ^^^^^^^^^^^^^^^^
  File "C:\Users\heee1\AppData\Local\Programs\Python\Python312\Lib\site-packages\grpc\_interceptor.py", line 331, in _with_call
    return call.result(), call
           ^^^^^^^^^^^^^
  File "C:\Users\heee1\AppData\Local\Programs\Python\Python312\Lib\site-packages\grpc\_channel.py", line 438, in result
    raise self
  File "C:\Users\heee1\AppData\Local\Programs\Python\Python312\Lib\site-packages\grpc\_interceptor.py", line 314, in continuation
    response, call = self._thunk(new_method).with_call(
                     ^^^^^^^^^^^^^^^^^^^^^^^^^^^^^^^^^^
  File "C:\Users\heee1\AppData\Local\Programs\Python\Python312\Lib\site-packages\grpc\_channel.py", line 1173, in with_call
    return _end_unary_response_blocking(state, call, True, None)
           ^^^^^^^^^^^^^^^^^^^^^^^^^^^^^^^^^^^^^^^^^^^^^^^^^^^^^
  File "C:\Users\heee1\AppData\Local\Programs\Python\Python312\Lib\site-packages\grpc\_channel.py", line 990, in _end_unary_response_blocking
    raise _InactiveRpcError(state)  # pytype: disable=not-instantiable
    ^^^^^^^^^^^^^^^^^^^^^^^^^^^^^^
grpc._channel._InactiveRpcError: <_InactiveRpcError of RPC that terminated with:
	status = StatusCode.INVALID_ARGUMENT
	details = "API key not valid. Please pass a valid API key."
	debug_error_string = "UNKNOWN:Error received from peer ipv4:216.239.38.223:443 {grpc_message:"API key not valid. Please pass a valid API key.", grpc_status:3}"
>

The above exception was the direct cause of the following exception:

Traceback (most recent call last):
  File "C:\dev\GitHub\eco-price-ai\backend\services\ai_service.py", line 141, in generate_storage_guide
    response = model.generate_content(prompt)
               ^^^^^^^^^^^^^^^^^^^^^^^^^^^^^^
  File "C:\Users\heee1\AppData\Local\Programs\Python\Python312\Lib\site-packages\google\generativeai\generative_models.py", line 331, in generate_content
    response = self._client.generate_content(
               ^^^^^^^^^^^^^^^^^^^^^^^^^^^^^^
  File "C:\Users\heee1\AppData\Local\Programs\Python\Python312\Lib\site-packages\google\ai\generativelanguage_v1beta\services\generative_service\client.py", line 835, in generate_content
    response = rpc(
               ^^^^
  File "C:\Users\heee1\AppData\Local\Programs\Python\Python312\Lib\site-packages\google\api_core\gapic_v1\method.py", line 128, in __call__
    return wrapped_func(*args, **kwargs)
           ^^^^^^^^^^^^^^^^^^^^^^^^^^^^^
  File "C:\Users\heee1\AppData\Local\Programs\Python\Python312\Lib\site-packages\google\api_core\retry\retry_unary.py", line 294, in retry_wrapped_func
    return retry_target(
           ^^^^^^^^^^^^^
  File "C:\Users\heee1\AppData\Local\Programs\Python\Python312\Lib\site-packages\google\api_core\retry\retry_unary.py", line 156, in retry_target
    next_sleep = _retry_error_helper(
                 ^^^^^^^^^^^^^^^^^^^^
  File "C:\Users\heee1\AppData\Local\Programs\Python\Python312\Lib\site-packages\google\api_core\retry\retry_base.py", line 216, in _retry_error_helper
    raise final_exc from source_exc
  File "C:\Users\heee1\AppData\Local\Programs\Python\Python312\Lib\site-packages\google\api_core\retry\retry_unary.py", line 147, in retry_target
    result = target()
             ^^^^^^^^
  File "C:\Users\heee1\AppData\Local\Programs\Python\Python312\Lib\site-packages\google\api_core\timeout.py", line 130, in func_with_timeout
    return func(*args, **kwargs)
           ^^^^^^^^^^^^^^^^^^^^^
  File "C:\Users\heee1\AppData\Local\Programs\Python\Python312\Lib\site-packages\google\api_core\grpc_helpers.py", line 57, in error_remapped_callable
    raise exceptions.from_grpc_error(exc) from exc
google.api_core.exceptions.InvalidArgument: 400 API key not valid. Please pass a valid API key. [reason: "API_KEY_INVALID"
domain: "googleapis.com"
metadata {
  key: "service"
  value: "generativelanguage.googleapis.com"
}
, locale: "en-US"
message: "API key not valid. Please pass a valid API key."
]

During handling of the above exception, another exception occurred:

Traceback (most recent call last):
  File "C:\dev\GitHub\eco-price-ai\backend\main.py", line 217, in get_storage_guide
    storage_data = generate_storage_guide(item_name)
                   ^^^^^^^^^^^^^^^^^^^^^^^^^^^^^^^^^
  File "C:\dev\GitHub\eco-price-ai\backend\services\ai_service.py", line 166, in generate_storage_guide
    raise Exception(f"Gemini API 호출 실패: {str(e)}")
Exception: Gemini API 호출 실패: 400 API key not valid. Please pass a valid API key. [reason: "API_KEY_INVALID"
domain: "googleapis.com"
metadata {
  key: "service"
  value: "generativelanguage.googleapis.com"
}
, locale: "en-US"
message: "API key not valid. Please pass a valid API key."
]
2026-05-17 18:40:46,657 - database - ERROR - 데이터베이스 세션 중 오류 발생: 500: 보관 가이드 생성 오류: Gemini API 호출 실패: 400 API key not valid. Please pass a valid API key. [reason: "API_KEY_INVALID"
domain: "googleapis.com"
metadata {
  key: "service"
  value: "generativelanguage.googleapis.com"
}
, locale: "en-US"
message: "API key not valid. Please pass a valid API key."
]
Traceback (most recent call last):
  File "C:\Users\heee1\AppData\Local\Programs\Python\Python312\Lib\site-packages\google\api_core\grpc_helpers.py", line 55, in error_remapped_callable
    return callable_(*args, **kwargs)
           ^^^^^^^^^^^^^^^^^^^^^^^^^^
  File "C:\Users\heee1\AppData\Local\Programs\Python\Python312\Lib\site-packages\grpc\_interceptor.py", line 276, in __call__
    response, ignored_call = self._with_call(
                             ^^^^^^^^^^^^^^^^
  File "C:\Users\heee1\AppData\Local\Programs\Python\Python312\Lib\site-packages\grpc\_interceptor.py", line 331, in _with_call
    return call.result(), call
           ^^^^^^^^^^^^^
  File "C:\Users\heee1\AppData\Local\Programs\Python\Python312\Lib\site-packages\grpc\_channel.py", line 438, in result
    raise self
  File "C:\Users\heee1\AppData\Local\Programs\Python\Python312\Lib\site-packages\grpc\_interceptor.py", line 314, in continuation
    response, call = self._thunk(new_method).with_call(
                     ^^^^^^^^^^^^^^^^^^^^^^^^^^^^^^^^^^
  File "C:\Users\heee1\AppData\Local\Programs\Python\Python312\Lib\site-packages\grpc\_channel.py", line 1173, in with_call
    return _end_unary_response_blocking(state, call, True, None)
           ^^^^^^^^^^^^^^^^^^^^^^^^^^^^^^^^^^^^^^^^^^^^^^^^^^^^^
  File "C:\Users\heee1\AppData\Local\Programs\Python\Python312\Lib\site-packages\grpc\_channel.py", line 990, in _end_unary_response_blocking
    raise _InactiveRpcError(state)  # pytype: disable=not-instantiable
    ^^^^^^^^^^^^^^^^^^^^^^^^^^^^^^
grpc._channel._InactiveRpcError: <_InactiveRpcError of RPC that terminated with:
	status = StatusCode.INVALID_ARGUMENT
	details = "API key not valid. Please pass a valid API key."
	debug_error_string = "UNKNOWN:Error received from peer ipv4:216.239.38.223:443 {grpc_message:"API key not valid. Please pass a valid API key.", grpc_status:3}"
>

The above exception was the direct cause of the following exception:

Traceback (most recent call last):
  File "C:\dev\GitHub\eco-price-ai\backend\services\ai_service.py", line 141, in generate_storage_guide
    response = model.generate_content(prompt)
               ^^^^^^^^^^^^^^^^^^^^^^^^^^^^^^
  File "C:\Users\heee1\AppData\Local\Programs\Python\Python312\Lib\site-packages\google\generativeai\generative_models.py", line 331, in generate_content
    response = self._client.generate_content(
               ^^^^^^^^^^^^^^^^^^^^^^^^^^^^^^
  File "C:\Users\heee1\AppData\Local\Programs\Python\Python312\Lib\site-packages\google\ai\generativelanguage_v1beta\services\generative_service\client.py", line 835, in generate_content
    response = rpc(
               ^^^^
  File "C:\Users\heee1\AppData\Local\Programs\Python\Python312\Lib\site-packages\google\api_core\gapic_v1\method.py", line 128, in __call__
    return wrapped_func(*args, **kwargs)
           ^^^^^^^^^^^^^^^^^^^^^^^^^^^^^
  File "C:\Users\heee1\AppData\Local\Programs\Python\Python312\Lib\site-packages\google\api_core\retry\retry_unary.py", line 294, in retry_wrapped_func
    return retry_target(
           ^^^^^^^^^^^^^
  File "C:\Users\heee1\AppData\Local\Programs\Python\Python312\Lib\site-packages\google\api_core\retry\retry_unary.py", line 156, in retry_target
    next_sleep = _retry_error_helper(
                 ^^^^^^^^^^^^^^^^^^^^
  File "C:\Users\heee1\AppData\Local\Programs\Python\Python312\Lib\site-packages\google\api_core\retry\retry_base.py", line 216, in _retry_error_helper
    raise final_exc from source_exc
  File "C:\Users\heee1\AppData\Local\Programs\Python\Python312\Lib\site-packages\google\api_core\retry\retry_unary.py", line 147, in retry_target
    result = target()
             ^^^^^^^^
  File "C:\Users\heee1\AppData\Local\Programs\Python\Python312\Lib\site-packages\google\api_core\timeout.py", line 130, in func_with_timeout
    return func(*args, **kwargs)
           ^^^^^^^^^^^^^^^^^^^^^
  File "C:\Users\heee1\AppData\Local\Programs\Python\Python312\Lib\site-packages\google\api_core\grpc_helpers.py", line 57, in error_remapped_callable
    raise exceptions.from_grpc_error(exc) from exc
google.api_core.exceptions.InvalidArgument: 400 API key not valid. Please pass a valid API key. [reason: "API_KEY_INVALID"
domain: "googleapis.com"
metadata {
  key: "service"
  value: "generativelanguage.googleapis.com"
}
, locale: "en-US"
message: "API key not valid. Please pass a valid API key."
]

During handling of the above exception, another exception occurred:

Traceback (most recent call last):
  File "C:\dev\GitHub\eco-price-ai\backend\main.py", line 217, in get_storage_guide
    storage_data = generate_storage_guide(item_name)
                   ^^^^^^^^^^^^^^^^^^^^^^^^^^^^^^^^^
  File "C:\dev\GitHub\eco-price-ai\backend\services\ai_service.py", line 166, in generate_storage_guide
    raise Exception(f"Gemini API 호출 실패: {str(e)}")
Exception: Gemini API 호출 실패: 400 API key not valid. Please pass a valid API key. [reason: "API_KEY_INVALID"
domain: "googleapis.com"
metadata {
  key: "service"
  value: "generativelanguage.googleapis.com"
}
, locale: "en-US"
message: "API key not valid. Please pass a valid API key."
]

During handling of the above exception, another exception occurred:

Traceback (most recent call last):
  File "C:\dev\GitHub\eco-price-ai\backend\database.py", line 53, in get_db
    yield db
  File "C:\Users\heee1\AppData\Local\Programs\Python\Python312\Lib\site-packages\fastapi\concurrency.py", line 29, in contextmanager_in_threadpool
    yield await run_in_threadpool(cm.__enter__)
  File "C:\Users\heee1\AppData\Local\Programs\Python\Python312\Lib\site-packages\fastapi\routing.py", line 120, in app
    response = await f(request)
               ^^^^^^^^^^^^^^^^
  File "C:\Users\heee1\AppData\Local\Programs\Python\Python312\Lib\site-packages\fastapi\routing.py", line 674, in app
    raw_response = await run_endpoint_function(
                   ^^^^^^^^^^^^^^^^^^^^^^^^^^^^
  File "C:\Users\heee1\AppData\Local\Programs\Python\Python312\Lib\site-packages\fastapi\routing.py", line 330, in run_endpoint_function
    return await run_in_threadpool(dependant.call, **values)
           ^^^^^^^^^^^^^^^^^^^^^^^^^^^^^^^^^^^^^^^^^^^^^^^^^
  File "C:\Users\heee1\AppData\Local\Programs\Python\Python312\Lib\site-packages\starlette\concurrency.py", line 32, in run_in_threadpool
    return await anyio.to_thread.run_sync(func)
           ^^^^^^^^^^^^^^^^^^^^^^^^^^^^^^^^^^^^
  File "C:\Users\heee1\AppData\Local\Programs\Python\Python312\Lib\site-packages\anyio\to_thread.py", line 63, in run_sync
    return await get_async_backend().run_sync_in_worker_thread(
           ^^^^^^^^^^^^^^^^^^^^^^^^^^^^^^^^^^^^^^^^^^^^^^^^^^^^
  File "C:\Users\heee1\AppData\Local\Programs\Python\Python312\Lib\site-packages\anyio\_backends\_asyncio.py", line 2518, in run_sync_in_worker_thread
    return await future
           ^^^^^^^^^^^^
  File "C:\Users\heee1\AppData\Local\Programs\Python\Python312\Lib\site-packages\anyio\_backends\_asyncio.py", line 1002, in run
    result = context.run(func, *args)
             ^^^^^^^^^^^^^^^^^^^^^^^^
  File "C:\dev\GitHub\eco-price-ai\backend\main.py", line 242, in get_storage_guide
    raise HTTPException(status_code=500, detail=f"보관 가이드 생성 오류: {str(e)}")
fastapi.exceptions.HTTPException: 500: 보관 가이드 생성 오류: Gemini API 호출 실패: 400 API key not valid. Please pass a valid API key. [reason: "API_KEY_INVALID"
domain: "googleapis.com"
metadata {
  key: "service"
  value: "generativelanguage.googleapis.com"
}
, locale: "en-US"
message: "API key not valid. Please pass a valid API key."
]
2026-05-17 18:40:46,657 - main - INFO - [요청 완료] GET /api/storage/쇠고기 등심(1+등급, 100g) | 상태코드: 500 | ID: 2026-05-17T18:40:46.560178
2026-05-17 18:41:03,171 - main - INFO - [요청 시작] GET /api/storage/도브 센서티브 뷰티바(4개) | 클라이언트: 127.0.0.1 | ID: 2026-05-17T18:41:03.171494
2026-05-17 18:41:03,173 - main - INFO - 보관 가이드 조회 요청: item_name=도브 센서티브 뷰티바(4개)
2026-05-17 18:41:03,175 - main - INFO - 새로운 보관 가이드 생성 시작: item_name=도브 센서티브 뷰티바(4개)
2026-05-17 18:41:03,175 - services.ai_service - INFO - 보관 가이드 생성 시작: item_name=도브 센서티브 뷰티바(4개)
2026-05-17 18:41:03,252 - services.ai_service - ERROR - Gemini API 호출 실패 (보관 가이드): item_name=도브 센서티브 뷰티바(4개), 에러=400 API key not valid. Please pass a valid API key. [reason: "API_KEY_INVALID"
domain: "googleapis.com"
metadata {
  key: "service"
  value: "generativelanguage.googleapis.com"
}
, locale: "en-US"
message: "API key not valid. Please pass a valid API key."
]
Traceback (most recent call last):
  File "C:\Users\heee1\AppData\Local\Programs\Python\Python312\Lib\site-packages\google\api_core\grpc_helpers.py", line 55, in error_remapped_callable
    return callable_(*args, **kwargs)
           ^^^^^^^^^^^^^^^^^^^^^^^^^^
  File "C:\Users\heee1\AppData\Local\Programs\Python\Python312\Lib\site-packages\grpc\_interceptor.py", line 276, in __call__
    response, ignored_call = self._with_call(
                             ^^^^^^^^^^^^^^^^
  File "C:\Users\heee1\AppData\Local\Programs\Python\Python312\Lib\site-packages\grpc\_interceptor.py", line 331, in _with_call
    return call.result(), call
           ^^^^^^^^^^^^^
  File "C:\Users\heee1\AppData\Local\Programs\Python\Python312\Lib\site-packages\grpc\_channel.py", line 438, in result
    raise self
  File "C:\Users\heee1\AppData\Local\Programs\Python\Python312\Lib\site-packages\grpc\_interceptor.py", line 314, in continuation
    response, call = self._thunk(new_method).with_call(
                     ^^^^^^^^^^^^^^^^^^^^^^^^^^^^^^^^^^
  File "C:\Users\heee1\AppData\Local\Programs\Python\Python312\Lib\site-packages\grpc\_channel.py", line 1173, in with_call
    return _end_unary_response_blocking(state, call, True, None)
           ^^^^^^^^^^^^^^^^^^^^^^^^^^^^^^^^^^^^^^^^^^^^^^^^^^^^^
  File "C:\Users\heee1\AppData\Local\Programs\Python\Python312\Lib\site-packages\grpc\_channel.py", line 990, in _end_unary_response_blocking
    raise _InactiveRpcError(state)  # pytype: disable=not-instantiable
    ^^^^^^^^^^^^^^^^^^^^^^^^^^^^^^
grpc._channel._InactiveRpcError: <_InactiveRpcError of RPC that terminated with:
	status = StatusCode.INVALID_ARGUMENT
	details = "API key not valid. Please pass a valid API key."
	debug_error_string = "UNKNOWN:Error received from peer ipv4:216.239.38.223:443 {grpc_message:"API key not valid. Please pass a valid API key.", grpc_status:3}"
>

The above exception was the direct cause of the following exception:

Traceback (most recent call last):
  File "C:\dev\GitHub\eco-price-ai\backend\services\ai_service.py", line 141, in generate_storage_guide
    response = model.generate_content(prompt)
               ^^^^^^^^^^^^^^^^^^^^^^^^^^^^^^
  File "C:\Users\heee1\AppData\Local\Programs\Python\Python312\Lib\site-packages\google\generativeai\generative_models.py", line 331, in generate_content
    response = self._client.generate_content(
               ^^^^^^^^^^^^^^^^^^^^^^^^^^^^^^
  File "C:\Users\heee1\AppData\Local\Programs\Python\Python312\Lib\site-packages\google\ai\generativelanguage_v1beta\services\generative_service\client.py", line 835, in generate_content
    response = rpc(
               ^^^^
  File "C:\Users\heee1\AppData\Local\Programs\Python\Python312\Lib\site-packages\google\api_core\gapic_v1\method.py", line 128, in __call__
    return wrapped_func(*args, **kwargs)
           ^^^^^^^^^^^^^^^^^^^^^^^^^^^^^
  File "C:\Users\heee1\AppData\Local\Programs\Python\Python312\Lib\site-packages\google\api_core\retry\retry_unary.py", line 294, in retry_wrapped_func
    return retry_target(
           ^^^^^^^^^^^^^
  File "C:\Users\heee1\AppData\Local\Programs\Python\Python312\Lib\site-packages\google\api_core\retry\retry_unary.py", line 156, in retry_target
    next_sleep = _retry_error_helper(
                 ^^^^^^^^^^^^^^^^^^^^
  File "C:\Users\heee1\AppData\Local\Programs\Python\Python312\Lib\site-packages\google\api_core\retry\retry_base.py", line 216, in _retry_error_helper
    raise final_exc from source_exc
  File "C:\Users\heee1\AppData\Local\Programs\Python\Python312\Lib\site-packages\google\api_core\retry\retry_unary.py", line 147, in retry_target
    result = target()
             ^^^^^^^^
  File "C:\Users\heee1\AppData\Local\Programs\Python\Python312\Lib\site-packages\google\api_core\timeout.py", line 130, in func_with_timeout
    return func(*args, **kwargs)
           ^^^^^^^^^^^^^^^^^^^^^
  File "C:\Users\heee1\AppData\Local\Programs\Python\Python312\Lib\site-packages\google\api_core\grpc_helpers.py", line 57, in error_remapped_callable
    raise exceptions.from_grpc_error(exc) from exc
google.api_core.exceptions.InvalidArgument: 400 API key not valid. Please pass a valid API key. [reason: "API_KEY_INVALID"
domain: "googleapis.com"
metadata {
  key: "service"
  value: "generativelanguage.googleapis.com"
}
, locale: "en-US"
message: "API key not valid. Please pass a valid API key."
]
2026-05-17 18:41:03,252 - main - ERROR - 보관 가이드 생성 중 심각한 오류 발생: item_name=도브 센서티브 뷰티바(4개), 에러=Gemini API 호출 실패: 400 API key not valid. Please pass a valid API key. [reason: "API_KEY_INVALID"
domain: "googleapis.com"
metadata {
  key: "service"
  value: "generativelanguage.googleapis.com"
}
, locale: "en-US"
message: "API key not valid. Please pass a valid API key."
]
Traceback (most recent call last):
  File "C:\Users\heee1\AppData\Local\Programs\Python\Python312\Lib\site-packages\google\api_core\grpc_helpers.py", line 55, in error_remapped_callable
    return callable_(*args, **kwargs)
           ^^^^^^^^^^^^^^^^^^^^^^^^^^
  File "C:\Users\heee1\AppData\Local\Programs\Python\Python312\Lib\site-packages\grpc\_interceptor.py", line 276, in __call__
    response, ignored_call = self._with_call(
                             ^^^^^^^^^^^^^^^^
  File "C:\Users\heee1\AppData\Local\Programs\Python\Python312\Lib\site-packages\grpc\_interceptor.py", line 331, in _with_call
    return call.result(), call
           ^^^^^^^^^^^^^
  File "C:\Users\heee1\AppData\Local\Programs\Python\Python312\Lib\site-packages\grpc\_channel.py", line 438, in result
    raise self
  File "C:\Users\heee1\AppData\Local\Programs\Python\Python312\Lib\site-packages\grpc\_interceptor.py", line 314, in continuation
    response, call = self._thunk(new_method).with_call(
                     ^^^^^^^^^^^^^^^^^^^^^^^^^^^^^^^^^^
  File "C:\Users\heee1\AppData\Local\Programs\Python\Python312\Lib\site-packages\grpc\_channel.py", line 1173, in with_call
    return _end_unary_response_blocking(state, call, True, None)
           ^^^^^^^^^^^^^^^^^^^^^^^^^^^^^^^^^^^^^^^^^^^^^^^^^^^^^
  File "C:\Users\heee1\AppData\Local\Programs\Python\Python312\Lib\site-packages\grpc\_channel.py", line 990, in _end_unary_response_blocking
    raise _InactiveRpcError(state)  # pytype: disable=not-instantiable
    ^^^^^^^^^^^^^^^^^^^^^^^^^^^^^^
grpc._channel._InactiveRpcError: <_InactiveRpcError of RPC that terminated with:
	status = StatusCode.INVALID_ARGUMENT
	details = "API key not valid. Please pass a valid API key."
	debug_error_string = "UNKNOWN:Error received from peer ipv4:216.239.38.223:443 {grpc_message:"API key not valid. Please pass a valid API key.", grpc_status:3}"
>

The above exception was the direct cause of the following exception:

Traceback (most recent call last):
  File "C:\dev\GitHub\eco-price-ai\backend\services\ai_service.py", line 141, in generate_storage_guide
    response = model.generate_content(prompt)
               ^^^^^^^^^^^^^^^^^^^^^^^^^^^^^^
  File "C:\Users\heee1\AppData\Local\Programs\Python\Python312\Lib\site-packages\google\generativeai\generative_models.py", line 331, in generate_content
    response = self._client.generate_content(
               ^^^^^^^^^^^^^^^^^^^^^^^^^^^^^^
  File "C:\Users\heee1\AppData\Local\Programs\Python\Python312\Lib\site-packages\google\ai\generativelanguage_v1beta\services\generative_service\client.py", line 835, in generate_content
    response = rpc(
               ^^^^
  File "C:\Users\heee1\AppData\Local\Programs\Python\Python312\Lib\site-packages\google\api_core\gapic_v1\method.py", line 128, in __call__
    return wrapped_func(*args, **kwargs)
           ^^^^^^^^^^^^^^^^^^^^^^^^^^^^^
  File "C:\Users\heee1\AppData\Local\Programs\Python\Python312\Lib\site-packages\google\api_core\retry\retry_unary.py", line 294, in retry_wrapped_func
    return retry_target(
           ^^^^^^^^^^^^^
  File "C:\Users\heee1\AppData\Local\Programs\Python\Python312\Lib\site-packages\google\api_core\retry\retry_unary.py", line 156, in retry_target
    next_sleep = _retry_error_helper(
                 ^^^^^^^^^^^^^^^^^^^^
  File "C:\Users\heee1\AppData\Local\Programs\Python\Python312\Lib\site-packages\google\api_core\retry\retry_base.py", line 216, in _retry_error_helper
    raise final_exc from source_exc
  File "C:\Users\heee1\AppData\Local\Programs\Python\Python312\Lib\site-packages\google\api_core\retry\retry_unary.py", line 147, in retry_target
    result = target()
             ^^^^^^^^
  File "C:\Users\heee1\AppData\Local\Programs\Python\Python312\Lib\site-packages\google\api_core\timeout.py", line 130, in func_with_timeout
    return func(*args, **kwargs)
           ^^^^^^^^^^^^^^^^^^^^^
  File "C:\Users\heee1\AppData\Local\Programs\Python\Python312\Lib\site-packages\google\api_core\grpc_helpers.py", line 57, in error_remapped_callable
    raise exceptions.from_grpc_error(exc) from exc
google.api_core.exceptions.InvalidArgument: 400 API key not valid. Please pass a valid API key. [reason: "API_KEY_INVALID"
domain: "googleapis.com"
metadata {
  key: "service"
  value: "generativelanguage.googleapis.com"
}
, locale: "en-US"
message: "API key not valid. Please pass a valid API key."
]

During handling of the above exception, another exception occurred:

Traceback (most recent call last):
  File "C:\dev\GitHub\eco-price-ai\backend\main.py", line 217, in get_storage_guide
    storage_data = generate_storage_guide(item_name)
                   ^^^^^^^^^^^^^^^^^^^^^^^^^^^^^^^^^
  File "C:\dev\GitHub\eco-price-ai\backend\services\ai_service.py", line 166, in generate_storage_guide
    raise Exception(f"Gemini API 호출 실패: {str(e)}")
Exception: Gemini API 호출 실패: 400 API key not valid. Please pass a valid API key. [reason: "API_KEY_INVALID"
domain: "googleapis.com"
metadata {
  key: "service"
  value: "generativelanguage.googleapis.com"
}
, locale: "en-US"
message: "API key not valid. Please pass a valid API key."
]
2026-05-17 18:41:03,262 - database - ERROR - 데이터베이스 세션 중 오류 발생: 500: 보관 가이드 생성 오류: Gemini API 호출 실패: 400 API key not valid. Please pass a valid API key. [reason: "API_KEY_INVALID"
domain: "googleapis.com"
metadata {
  key: "service"
  value: "generativelanguage.googleapis.com"
}
, locale: "en-US"
message: "API key not valid. Please pass a valid API key."
]
Traceback (most recent call last):
  File "C:\Users\heee1\AppData\Local\Programs\Python\Python312\Lib\site-packages\google\api_core\grpc_helpers.py", line 55, in error_remapped_callable
    return callable_(*args, **kwargs)
           ^^^^^^^^^^^^^^^^^^^^^^^^^^
  File "C:\Users\heee1\AppData\Local\Programs\Python\Python312\Lib\site-packages\grpc\_interceptor.py", line 276, in __call__
    response, ignored_call = self._with_call(
                             ^^^^^^^^^^^^^^^^
  File "C:\Users\heee1\AppData\Local\Programs\Python\Python312\Lib\site-packages\grpc\_interceptor.py", line 331, in _with_call
    return call.result(), call
           ^^^^^^^^^^^^^
  File "C:\Users\heee1\AppData\Local\Programs\Python\Python312\Lib\site-packages\grpc\_channel.py", line 438, in result
    raise self
  File "C:\Users\heee1\AppData\Local\Programs\Python\Python312\Lib\site-packages\grpc\_interceptor.py", line 314, in continuation
    response, call = self._thunk(new_method).with_call(
                     ^^^^^^^^^^^^^^^^^^^^^^^^^^^^^^^^^^
  File "C:\Users\heee1\AppData\Local\Programs\Python\Python312\Lib\site-packages\grpc\_channel.py", line 1173, in with_call
    return _end_unary_response_blocking(state, call, True, None)
           ^^^^^^^^^^^^^^^^^^^^^^^^^^^^^^^^^^^^^^^^^^^^^^^^^^^^^
  File "C:\Users\heee1\AppData\Local\Programs\Python\Python312\Lib\site-packages\grpc\_channel.py", line 990, in _end_unary_response_blocking
    raise _InactiveRpcError(state)  # pytype: disable=not-instantiable
    ^^^^^^^^^^^^^^^^^^^^^^^^^^^^^^
grpc._channel._InactiveRpcError: <_InactiveRpcError of RPC that terminated with:
	status = StatusCode.INVALID_ARGUMENT
	details = "API key not valid. Please pass a valid API key."
	debug_error_string = "UNKNOWN:Error received from peer ipv4:216.239.38.223:443 {grpc_message:"API key not valid. Please pass a valid API key.", grpc_status:3}"
>

The above exception was the direct cause of the following exception:

Traceback (most recent call last):
  File "C:\dev\GitHub\eco-price-ai\backend\services\ai_service.py", line 141, in generate_storage_guide
    response = model.generate_content(prompt)
               ^^^^^^^^^^^^^^^^^^^^^^^^^^^^^^
  File "C:\Users\heee1\AppData\Local\Programs\Python\Python312\Lib\site-packages\google\generativeai\generative_models.py", line 331, in generate_content
    response = self._client.generate_content(
               ^^^^^^^^^^^^^^^^^^^^^^^^^^^^^^
  File "C:\Users\heee1\AppData\Local\Programs\Python\Python312\Lib\site-packages\google\ai\generativelanguage_v1beta\services\generative_service\client.py", line 835, in generate_content
    response = rpc(
               ^^^^
  File "C:\Users\heee1\AppData\Local\Programs\Python\Python312\Lib\site-packages\google\api_core\gapic_v1\method.py", line 128, in __call__
    return wrapped_func(*args, **kwargs)
           ^^^^^^^^^^^^^^^^^^^^^^^^^^^^^
  File "C:\Users\heee1\AppData\Local\Programs\Python\Python312\Lib\site-packages\google\api_core\retry\retry_unary.py", line 294, in retry_wrapped_func
    return retry_target(
           ^^^^^^^^^^^^^
  File "C:\Users\heee1\AppData\Local\Programs\Python\Python312\Lib\site-packages\google\api_core\retry\retry_unary.py", line 156, in retry_target
    next_sleep = _retry_error_helper(
                 ^^^^^^^^^^^^^^^^^^^^
  File "C:\Users\heee1\AppData\Local\Programs\Python\Python312\Lib\site-packages\google\api_core\retry\retry_base.py", line 216, in _retry_error_helper
    raise final_exc from source_exc
  File "C:\Users\heee1\AppData\Local\Programs\Python\Python312\Lib\site-packages\google\api_core\retry\retry_unary.py", line 147, in retry_target
    result = target()
             ^^^^^^^^
  File "C:\Users\heee1\AppData\Local\Programs\Python\Python312\Lib\site-packages\google\api_core\timeout.py", line 130, in func_with_timeout
    return func(*args, **kwargs)
           ^^^^^^^^^^^^^^^^^^^^^
  File "C:\Users\heee1\AppData\Local\Programs\Python\Python312\Lib\site-packages\google\api_core\grpc_helpers.py", line 57, in error_remapped_callable
    raise exceptions.from_grpc_error(exc) from exc
google.api_core.exceptions.InvalidArgument: 400 API key not valid. Please pass a valid API key. [reason: "API_KEY_INVALID"
domain: "googleapis.com"
metadata {
  key: "service"
  value: "generativelanguage.googleapis.com"
}
, locale: "en-US"
message: "API key not valid. Please pass a valid API key."
]

During handling of the above exception, another exception occurred:

Traceback (most recent call last):
  File "C:\dev\GitHub\eco-price-ai\backend\main.py", line 217, in get_storage_guide
    storage_data = generate_storage_guide(item_name)
                   ^^^^^^^^^^^^^^^^^^^^^^^^^^^^^^^^^
  File "C:\dev\GitHub\eco-price-ai\backend\services\ai_service.py", line 166, in generate_storage_guide
    raise Exception(f"Gemini API 호출 실패: {str(e)}")
Exception: Gemini API 호출 실패: 400 API key not valid. Please pass a valid API key. [reason: "API_KEY_INVALID"
domain: "googleapis.com"
metadata {
  key: "service"
  value: "generativelanguage.googleapis.com"
}
, locale: "en-US"
message: "API key not valid. Please pass a valid API key."
]

During handling of the above exception, another exception occurred:

Traceback (most recent call last):
  File "C:\dev\GitHub\eco-price-ai\backend\database.py", line 53, in get_db
    yield db
  File "C:\Users\heee1\AppData\Local\Programs\Python\Python312\Lib\site-packages\fastapi\concurrency.py", line 29, in contextmanager_in_threadpool
    yield await run_in_threadpool(cm.__enter__)
  File "C:\Users\heee1\AppData\Local\Programs\Python\Python312\Lib\site-packages\fastapi\routing.py", line 120, in app
    response = await f(request)
               ^^^^^^^^^^^^^^^^
  File "C:\Users\heee1\AppData\Local\Programs\Python\Python312\Lib\site-packages\fastapi\routing.py", line 674, in app
    raw_response = await run_endpoint_function(
                   ^^^^^^^^^^^^^^^^^^^^^^^^^^^^
  File "C:\Users\heee1\AppData\Local\Programs\Python\Python312\Lib\site-packages\fastapi\routing.py", line 330, in run_endpoint_function
    return await run_in_threadpool(dependant.call, **values)
           ^^^^^^^^^^^^^^^^^^^^^^^^^^^^^^^^^^^^^^^^^^^^^^^^^
  File "C:\Users\heee1\AppData\Local\Programs\Python\Python312\Lib\site-packages\starlette\concurrency.py", line 32, in run_in_threadpool
    return await anyio.to_thread.run_sync(func)
           ^^^^^^^^^^^^^^^^^^^^^^^^^^^^^^^^^^^^
  File "C:\Users\heee1\AppData\Local\Programs\Python\Python312\Lib\site-packages\anyio\to_thread.py", line 63, in run_sync
    return await get_async_backend().run_sync_in_worker_thread(
           ^^^^^^^^^^^^^^^^^^^^^^^^^^^^^^^^^^^^^^^^^^^^^^^^^^^^
  File "C:\Users\heee1\AppData\Local\Programs\Python\Python312\Lib\site-packages\anyio\_backends\_asyncio.py", line 2518, in run_sync_in_worker_thread
    return await future
           ^^^^^^^^^^^^
  File "C:\Users\heee1\AppData\Local\Programs\Python\Python312\Lib\site-packages\anyio\_backends\_asyncio.py", line 1002, in run
    result = context.run(func, *args)
             ^^^^^^^^^^^^^^^^^^^^^^^^
  File "C:\dev\GitHub\eco-price-ai\backend\main.py", line 242, in get_storage_guide
    raise HTTPException(status_code=500, detail=f"보관 가이드 생성 오류: {str(e)}")
fastapi.exceptions.HTTPException: 500: 보관 가이드 생성 오류: Gemini API 호출 실패: 400 API key not valid. Please pass a valid API key. [reason: "API_KEY_INVALID"
domain: "googleapis.com"
metadata {
  key: "service"
  value: "generativelanguage.googleapis.com"
}
, locale: "en-US"
message: "API key not valid. Please pass a valid API key."
]
2026-05-17 18:41:03,262 - main - INFO - [요청 완료] GET /api/storage/도브 센서티브 뷰티바(4개) | 상태코드: 500 | ID: 2026-05-17T18:41:03.171494
2026-05-17 18:41:04,305 - main - INFO - [요청 시작] GET /items | 클라이언트: 127.0.0.1 | ID: 2026-05-17T18:41:04.305089
2026-05-17 18:41:04,305 - main - INFO - 마켓 가격 조회 요청: 검색어='None'
2026-05-17 18:41:04,318 - main - INFO - 마켓 가격 조회 완료: 604개 항목
2026-05-17 18:41:04,325 - main - INFO - [요청 완료] GET /items | 상태코드: 200 | ID: 2026-05-17T18:41:04.305089
2026-05-17 18:42:58,327 - main - INFO - FastAPI 애플리케이션 시작
2026-05-17 18:43:15,602 - main - INFO - [요청 시작] GET /items | 클라이언트: 127.0.0.1 | ID: 2026-05-17T18:43:15.602592
2026-05-17 18:43:15,616 - main - INFO - 마켓 가격 조회 요청: 검색어='None'
2026-05-17 18:43:15,711 - main - INFO - 마켓 가격 조회 완료: 604개 항목
2026-05-17 18:43:15,727 - main - INFO - [요청 완료] GET /items | 상태코드: 200 | ID: 2026-05-17T18:43:15.602592
2026-05-17 18:43:15,733 - main - INFO - [요청 시작] GET /items | 클라이언트: 127.0.0.1 | ID: 2026-05-17T18:43:15.733337
2026-05-17 18:43:15,738 - main - INFO - 마켓 가격 조회 요청: 검색어='None'
2026-05-17 18:43:15,744 - main - INFO - 마켓 가격 조회 완료: 604개 항목
2026-05-17 18:43:15,761 - main - INFO - [요청 완료] GET /items | 상태코드: 200 | ID: 2026-05-17T18:43:15.733337
2026-05-17 18:43:17,696 - main - INFO - [요청 시작] GET /api/storage/도브 센서티브 뷰티바(4개) | 클라이언트: 127.0.0.1 | ID: 2026-05-17T18:43:17.696196
2026-05-17 18:43:17,698 - main - INFO - 보관 가이드 조회 요청: item_name=도브 센서티브 뷰티바(4개)
2026-05-17 18:43:17,701 - main - INFO - 새로운 보관 가이드 생성 시작: item_name=도브 센서티브 뷰티바(4개)
2026-05-17 18:43:17,701 - services.ai_service - INFO - 보관 가이드 생성 시작: item_name=도브 센서티브 뷰티바(4개)
2026-05-17 18:43:17,973 - services.ai_service - ERROR - Gemini API 호출 실패 (보관 가이드): item_name=도브 센서티브 뷰티바(4개), 에러=400 API key not valid. Please pass a valid API key. [reason: "API_KEY_INVALID"
domain: "googleapis.com"
metadata {
  key: "service"
  value: "generativelanguage.googleapis.com"
}
, locale: "en-US"
message: "API key not valid. Please pass a valid API key."
]
Traceback (most recent call last):
  File "C:\Users\heee1\AppData\Local\Programs\Python\Python312\Lib\site-packages\google\api_core\grpc_helpers.py", line 55, in error_remapped_callable
    return callable_(*args, **kwargs)
           ^^^^^^^^^^^^^^^^^^^^^^^^^^
  File "C:\Users\heee1\AppData\Local\Programs\Python\Python312\Lib\site-packages\grpc\_interceptor.py", line 276, in __call__
    response, ignored_call = self._with_call(
                             ^^^^^^^^^^^^^^^^
  File "C:\Users\heee1\AppData\Local\Programs\Python\Python312\Lib\site-packages\grpc\_interceptor.py", line 331, in _with_call
    return call.result(), call
           ^^^^^^^^^^^^^
  File "C:\Users\heee1\AppData\Local\Programs\Python\Python312\Lib\site-packages\grpc\_channel.py", line 438, in result
    raise self
  File "C:\Users\heee1\AppData\Local\Programs\Python\Python312\Lib\site-packages\grpc\_interceptor.py", line 314, in continuation
    response, call = self._thunk(new_method).with_call(
                     ^^^^^^^^^^^^^^^^^^^^^^^^^^^^^^^^^^
  File "C:\Users\heee1\AppData\Local\Programs\Python\Python312\Lib\site-packages\grpc\_channel.py", line 1173, in with_call
    return _end_unary_response_blocking(state, call, True, None)
           ^^^^^^^^^^^^^^^^^^^^^^^^^^^^^^^^^^^^^^^^^^^^^^^^^^^^^
  File "C:\Users\heee1\AppData\Local\Programs\Python\Python312\Lib\site-packages\grpc\_channel.py", line 990, in _end_unary_response_blocking
    raise _InactiveRpcError(state)  # pytype: disable=not-instantiable
    ^^^^^^^^^^^^^^^^^^^^^^^^^^^^^^
grpc._channel._InactiveRpcError: <_InactiveRpcError of RPC that terminated with:
	status = StatusCode.INVALID_ARGUMENT
	details = "API key not valid. Please pass a valid API key."
	debug_error_string = "UNKNOWN:Error received from peer ipv4:216.239.34.223:443 {grpc_status:3, grpc_message:"API key not valid. Please pass a valid API key."}"
>

The above exception was the direct cause of the following exception:

Traceback (most recent call last):
  File "C:\dev\GitHub\eco-price-ai\backend\services\ai_service.py", line 145, in generate_storage_guide
    response = model.generate_content(prompt)
               ^^^^^^^^^^^^^^^^^^^^^^^^^^^^^^
  File "C:\Users\heee1\AppData\Local\Programs\Python\Python312\Lib\site-packages\google\generativeai\generative_models.py", line 331, in generate_content
    response = self._client.generate_content(
               ^^^^^^^^^^^^^^^^^^^^^^^^^^^^^^
  File "C:\Users\heee1\AppData\Local\Programs\Python\Python312\Lib\site-packages\google\ai\generativelanguage_v1beta\services\generative_service\client.py", line 835, in generate_content
    response = rpc(
               ^^^^
  File "C:\Users\heee1\AppData\Local\Programs\Python\Python312\Lib\site-packages\google\api_core\gapic_v1\method.py", line 128, in __call__
    return wrapped_func(*args, **kwargs)
           ^^^^^^^^^^^^^^^^^^^^^^^^^^^^^
  File "C:\Users\heee1\AppData\Local\Programs\Python\Python312\Lib\site-packages\google\api_core\retry\retry_unary.py", line 294, in retry_wrapped_func
    return retry_target(
           ^^^^^^^^^^^^^
  File "C:\Users\heee1\AppData\Local\Programs\Python\Python312\Lib\site-packages\google\api_core\retry\retry_unary.py", line 156, in retry_target
    next_sleep = _retry_error_helper(
                 ^^^^^^^^^^^^^^^^^^^^
  File "C:\Users\heee1\AppData\Local\Programs\Python\Python312\Lib\site-packages\google\api_core\retry\retry_base.py", line 216, in _retry_error_helper
    raise final_exc from source_exc
  File "C:\Users\heee1\AppData\Local\Programs\Python\Python312\Lib\site-packages\google\api_core\retry\retry_unary.py", line 147, in retry_target
    result = target()
             ^^^^^^^^
  File "C:\Users\heee1\AppData\Local\Programs\Python\Python312\Lib\site-packages\google\api_core\timeout.py", line 130, in func_with_timeout
    return func(*args, **kwargs)
           ^^^^^^^^^^^^^^^^^^^^^
  File "C:\Users\heee1\AppData\Local\Programs\Python\Python312\Lib\site-packages\google\api_core\grpc_helpers.py", line 57, in error_remapped_callable
    raise exceptions.from_grpc_error(exc) from exc
google.api_core.exceptions.InvalidArgument: 400 API key not valid. Please pass a valid API key. [reason: "API_KEY_INVALID"
domain: "googleapis.com"
metadata {
  key: "service"
  value: "generativelanguage.googleapis.com"
}
, locale: "en-US"
message: "API key not valid. Please pass a valid API key."
]
2026-05-17 18:43:18,028 - main - ERROR - 보관 가이드 생성 중 심각한 오류 발생: item_name=도브 센서티브 뷰티바(4개), 에러=Gemini API 호출 실패: 400 API key not valid. Please pass a valid API key. [reason: "API_KEY_INVALID"
domain: "googleapis.com"
metadata {
  key: "service"
  value: "generativelanguage.googleapis.com"
}
, locale: "en-US"
message: "API key not valid. Please pass a valid API key."
]
Traceback (most recent call last):
  File "C:\Users\heee1\AppData\Local\Programs\Python\Python312\Lib\site-packages\google\api_core\grpc_helpers.py", line 55, in error_remapped_callable
    return callable_(*args, **kwargs)
           ^^^^^^^^^^^^^^^^^^^^^^^^^^
  File "C:\Users\heee1\AppData\Local\Programs\Python\Python312\Lib\site-packages\grpc\_interceptor.py", line 276, in __call__
    response, ignored_call = self._with_call(
                             ^^^^^^^^^^^^^^^^
  File "C:\Users\heee1\AppData\Local\Programs\Python\Python312\Lib\site-packages\grpc\_interceptor.py", line 331, in _with_call
    return call.result(), call
           ^^^^^^^^^^^^^
  File "C:\Users\heee1\AppData\Local\Programs\Python\Python312\Lib\site-packages\grpc\_channel.py", line 438, in result
    raise self
  File "C:\Users\heee1\AppData\Local\Programs\Python\Python312\Lib\site-packages\grpc\_interceptor.py", line 314, in continuation
    response, call = self._thunk(new_method).with_call(
                     ^^^^^^^^^^^^^^^^^^^^^^^^^^^^^^^^^^
  File "C:\Users\heee1\AppData\Local\Programs\Python\Python312\Lib\site-packages\grpc\_channel.py", line 1173, in with_call
    return _end_unary_response_blocking(state, call, True, None)
           ^^^^^^^^^^^^^^^^^^^^^^^^^^^^^^^^^^^^^^^^^^^^^^^^^^^^^
  File "C:\Users\heee1\AppData\Local\Programs\Python\Python312\Lib\site-packages\grpc\_channel.py", line 990, in _end_unary_response_blocking
    raise _InactiveRpcError(state)  # pytype: disable=not-instantiable
    ^^^^^^^^^^^^^^^^^^^^^^^^^^^^^^
grpc._channel._InactiveRpcError: <_InactiveRpcError of RPC that terminated with:
	status = StatusCode.INVALID_ARGUMENT
	details = "API key not valid. Please pass a valid API key."
	debug_error_string = "UNKNOWN:Error received from peer ipv4:216.239.34.223:443 {grpc_status:3, grpc_message:"API key not valid. Please pass a valid API key."}"
>

The above exception was the direct cause of the following exception:

Traceback (most recent call last):
  File "C:\dev\GitHub\eco-price-ai\backend\services\ai_service.py", line 145, in generate_storage_guide
    response = model.generate_content(prompt)
               ^^^^^^^^^^^^^^^^^^^^^^^^^^^^^^
  File "C:\Users\heee1\AppData\Local\Programs\Python\Python312\Lib\site-packages\google\generativeai\generative_models.py", line 331, in generate_content
    response = self._client.generate_content(
               ^^^^^^^^^^^^^^^^^^^^^^^^^^^^^^
  File "C:\Users\heee1\AppData\Local\Programs\Python\Python312\Lib\site-packages\google\ai\generativelanguage_v1beta\services\generative_service\client.py", line 835, in generate_content
    response = rpc(
               ^^^^
  File "C:\Users\heee1\AppData\Local\Programs\Python\Python312\Lib\site-packages\google\api_core\gapic_v1\method.py", line 128, in __call__
    return wrapped_func(*args, **kwargs)
           ^^^^^^^^^^^^^^^^^^^^^^^^^^^^^
  File "C:\Users\heee1\AppData\Local\Programs\Python\Python312\Lib\site-packages\google\api_core\retry\retry_unary.py", line 294, in retry_wrapped_func
    return retry_target(
           ^^^^^^^^^^^^^
  File "C:\Users\heee1\AppData\Local\Programs\Python\Python312\Lib\site-packages\google\api_core\retry\retry_unary.py", line 156, in retry_target
    next_sleep = _retry_error_helper(
                 ^^^^^^^^^^^^^^^^^^^^
  File "C:\Users\heee1\AppData\Local\Programs\Python\Python312\Lib\site-packages\google\api_core\retry\retry_base.py", line 216, in _retry_error_helper
    raise final_exc from source_exc
  File "C:\Users\heee1\AppData\Local\Programs\Python\Python312\Lib\site-packages\google\api_core\retry\retry_unary.py", line 147, in retry_target
    result = target()
             ^^^^^^^^
  File "C:\Users\heee1\AppData\Local\Programs\Python\Python312\Lib\site-packages\google\api_core\timeout.py", line 130, in func_with_timeout
    return func(*args, **kwargs)
           ^^^^^^^^^^^^^^^^^^^^^
  File "C:\Users\heee1\AppData\Local\Programs\Python\Python312\Lib\site-packages\google\api_core\grpc_helpers.py", line 57, in error_remapped_callable
    raise exceptions.from_grpc_error(exc) from exc
google.api_core.exceptions.InvalidArgument: 400 API key not valid. Please pass a valid API key. [reason: "API_KEY_INVALID"
domain: "googleapis.com"
metadata {
  key: "service"
  value: "generativelanguage.googleapis.com"
}
, locale: "en-US"
message: "API key not valid. Please pass a valid API key."
]

During handling of the above exception, another exception occurred:

Traceback (most recent call last):
  File "C:\dev\GitHub\eco-price-ai\backend\main.py", line 217, in get_storage_guide
    storage_data = generate_storage_guide(item_name)
                   ^^^^^^^^^^^^^^^^^^^^^^^^^^^^^^^^^
  File "C:\dev\GitHub\eco-price-ai\backend\services\ai_service.py", line 173, in generate_storage_guide
    raise Exception(f"Gemini API 호출 실패: {str(e)}")
Exception: Gemini API 호출 실패: 400 API key not valid. Please pass a valid API key. [reason: "API_KEY_INVALID"
domain: "googleapis.com"
metadata {
  key: "service"
  value: "generativelanguage.googleapis.com"
}
, locale: "en-US"
message: "API key not valid. Please pass a valid API key."
]
2026-05-17 18:43:18,038 - database - ERROR - 데이터베이스 세션 중 오류 발생: 500: 보관 가이드 생성 오류: Gemini API 호출 실패: 400 API key not valid. Please pass a valid API key. [reason: "API_KEY_INVALID"
domain: "googleapis.com"
metadata {
  key: "service"
  value: "generativelanguage.googleapis.com"
}
, locale: "en-US"
message: "API key not valid. Please pass a valid API key."
]
Traceback (most recent call last):
  File "C:\Users\heee1\AppData\Local\Programs\Python\Python312\Lib\site-packages\google\api_core\grpc_helpers.py", line 55, in error_remapped_callable
    return callable_(*args, **kwargs)
           ^^^^^^^^^^^^^^^^^^^^^^^^^^
  File "C:\Users\heee1\AppData\Local\Programs\Python\Python312\Lib\site-packages\grpc\_interceptor.py", line 276, in __call__
    response, ignored_call = self._with_call(
                             ^^^^^^^^^^^^^^^^
  File "C:\Users\heee1\AppData\Local\Programs\Python\Python312\Lib\site-packages\grpc\_interceptor.py", line 331, in _with_call
    return call.result(), call
           ^^^^^^^^^^^^^
  File "C:\Users\heee1\AppData\Local\Programs\Python\Python312\Lib\site-packages\grpc\_channel.py", line 438, in result
    raise self
  File "C:\Users\heee1\AppData\Local\Programs\Python\Python312\Lib\site-packages\grpc\_interceptor.py", line 314, in continuation
    response, call = self._thunk(new_method).with_call(
                     ^^^^^^^^^^^^^^^^^^^^^^^^^^^^^^^^^^
  File "C:\Users\heee1\AppData\Local\Programs\Python\Python312\Lib\site-packages\grpc\_channel.py", line 1173, in with_call
    return _end_unary_response_blocking(state, call, True, None)
           ^^^^^^^^^^^^^^^^^^^^^^^^^^^^^^^^^^^^^^^^^^^^^^^^^^^^^
  File "C:\Users\heee1\AppData\Local\Programs\Python\Python312\Lib\site-packages\grpc\_channel.py", line 990, in _end_unary_response_blocking
    raise _InactiveRpcError(state)  # pytype: disable=not-instantiable
    ^^^^^^^^^^^^^^^^^^^^^^^^^^^^^^
grpc._channel._InactiveRpcError: <_InactiveRpcError of RPC that terminated with:
	status = StatusCode.INVALID_ARGUMENT
	details = "API key not valid. Please pass a valid API key."
	debug_error_string = "UNKNOWN:Error received from peer ipv4:216.239.34.223:443 {grpc_status:3, grpc_message:"API key not valid. Please pass a valid API key."}"
>

The above exception was the direct cause of the following exception:

Traceback (most recent call last):
  File "C:\dev\GitHub\eco-price-ai\backend\services\ai_service.py", line 145, in generate_storage_guide
    response = model.generate_content(prompt)
               ^^^^^^^^^^^^^^^^^^^^^^^^^^^^^^
  File "C:\Users\heee1\AppData\Local\Programs\Python\Python312\Lib\site-packages\google\generativeai\generative_models.py", line 331, in generate_content
    response = self._client.generate_content(
               ^^^^^^^^^^^^^^^^^^^^^^^^^^^^^^
  File "C:\Users\heee1\AppData\Local\Programs\Python\Python312\Lib\site-packages\google\ai\generativelanguage_v1beta\services\generative_service\client.py", line 835, in generate_content
    response = rpc(
               ^^^^
  File "C:\Users\heee1\AppData\Local\Programs\Python\Python312\Lib\site-packages\google\api_core\gapic_v1\method.py", line 128, in __call__
    return wrapped_func(*args, **kwargs)
           ^^^^^^^^^^^^^^^^^^^^^^^^^^^^^
  File "C:\Users\heee1\AppData\Local\Programs\Python\Python312\Lib\site-packages\google\api_core\retry\retry_unary.py", line 294, in retry_wrapped_func
    return retry_target(
           ^^^^^^^^^^^^^
  File "C:\Users\heee1\AppData\Local\Programs\Python\Python312\Lib\site-packages\google\api_core\retry\retry_unary.py", line 156, in retry_target
    next_sleep = _retry_error_helper(
                 ^^^^^^^^^^^^^^^^^^^^
  File "C:\Users\heee1\AppData\Local\Programs\Python\Python312\Lib\site-packages\google\api_core\retry\retry_base.py", line 216, in _retry_error_helper
    raise final_exc from source_exc
  File "C:\Users\heee1\AppData\Local\Programs\Python\Python312\Lib\site-packages\google\api_core\retry\retry_unary.py", line 147, in retry_target
    result = target()
             ^^^^^^^^
  File "C:\Users\heee1\AppData\Local\Programs\Python\Python312\Lib\site-packages\google\api_core\timeout.py", line 130, in func_with_timeout
    return func(*args, **kwargs)
           ^^^^^^^^^^^^^^^^^^^^^
  File "C:\Users\heee1\AppData\Local\Programs\Python\Python312\Lib\site-packages\google\api_core\grpc_helpers.py", line 57, in error_remapped_callable
    raise exceptions.from_grpc_error(exc) from exc
google.api_core.exceptions.InvalidArgument: 400 API key not valid. Please pass a valid API key. [reason: "API_KEY_INVALID"
domain: "googleapis.com"
metadata {
  key: "service"
  value: "generativelanguage.googleapis.com"
}
, locale: "en-US"
message: "API key not valid. Please pass a valid API key."
]

During handling of the above exception, another exception occurred:

Traceback (most recent call last):
  File "C:\dev\GitHub\eco-price-ai\backend\main.py", line 217, in get_storage_guide
    storage_data = generate_storage_guide(item_name)
                   ^^^^^^^^^^^^^^^^^^^^^^^^^^^^^^^^^
  File "C:\dev\GitHub\eco-price-ai\backend\services\ai_service.py", line 173, in generate_storage_guide
    raise Exception(f"Gemini API 호출 실패: {str(e)}")
Exception: Gemini API 호출 실패: 400 API key not valid. Please pass a valid API key. [reason: "API_KEY_INVALID"
domain: "googleapis.com"
metadata {
  key: "service"
  value: "generativelanguage.googleapis.com"
}
, locale: "en-US"
message: "API key not valid. Please pass a valid API key."
]

During handling of the above exception, another exception occurred:

Traceback (most recent call last):
  File "C:\dev\GitHub\eco-price-ai\backend\database.py", line 53, in get_db
    yield db
  File "C:\Users\heee1\AppData\Local\Programs\Python\Python312\Lib\site-packages\fastapi\concurrency.py", line 29, in contextmanager_in_threadpool
    yield await run_in_threadpool(cm.__enter__)
  File "C:\Users\heee1\AppData\Local\Programs\Python\Python312\Lib\site-packages\fastapi\routing.py", line 120, in app
    response = await f(request)
               ^^^^^^^^^^^^^^^^
  File "C:\Users\heee1\AppData\Local\Programs\Python\Python312\Lib\site-packages\fastapi\routing.py", line 674, in app
    raw_response = await run_endpoint_function(
                   ^^^^^^^^^^^^^^^^^^^^^^^^^^^^
  File "C:\Users\heee1\AppData\Local\Programs\Python\Python312\Lib\site-packages\fastapi\routing.py", line 330, in run_endpoint_function
    return await run_in_threadpool(dependant.call, **values)
           ^^^^^^^^^^^^^^^^^^^^^^^^^^^^^^^^^^^^^^^^^^^^^^^^^
  File "C:\Users\heee1\AppData\Local\Programs\Python\Python312\Lib\site-packages\starlette\concurrency.py", line 32, in run_in_threadpool
    return await anyio.to_thread.run_sync(func)
           ^^^^^^^^^^^^^^^^^^^^^^^^^^^^^^^^^^^^
  File "C:\Users\heee1\AppData\Local\Programs\Python\Python312\Lib\site-packages\anyio\to_thread.py", line 63, in run_sync
    return await get_async_backend().run_sync_in_worker_thread(
           ^^^^^^^^^^^^^^^^^^^^^^^^^^^^^^^^^^^^^^^^^^^^^^^^^^^^
  File "C:\Users\heee1\AppData\Local\Programs\Python\Python312\Lib\site-packages\anyio\_backends\_asyncio.py", line 2518, in run_sync_in_worker_thread
    return await future
           ^^^^^^^^^^^^
  File "C:\Users\heee1\AppData\Local\Programs\Python\Python312\Lib\site-packages\anyio\_backends\_asyncio.py", line 1002, in run
    result = context.run(func, *args)
             ^^^^^^^^^^^^^^^^^^^^^^^^
  File "C:\dev\GitHub\eco-price-ai\backend\main.py", line 242, in get_storage_guide
    raise HTTPException(status_code=500, detail=f"보관 가이드 생성 오류: {str(e)}")
fastapi.exceptions.HTTPException: 500: 보관 가이드 생성 오류: Gemini API 호출 실패: 400 API key not valid. Please pass a valid API key. [reason: "API_KEY_INVALID"
domain: "googleapis.com"
metadata {
  key: "service"
  value: "generativelanguage.googleapis.com"
}
, locale: "en-US"
message: "API key not valid. Please pass a valid API key."
]
2026-05-17 18:43:18,064 - main - INFO - [요청 완료] GET /api/storage/도브 센서티브 뷰티바(4개) | 상태코드: 500 | ID: 2026-05-17T18:43:17.696196
2026-05-17 18:43:27,588 - main - INFO - [요청 시작] GET /api/storage/해표 꽃소금(1kg) | 클라이언트: 127.0.0.1 | ID: 2026-05-17T18:43:27.588872
2026-05-17 18:43:27,591 - main - INFO - 보관 가이드 조회 요청: item_name=해표 꽃소금(1kg)
2026-05-17 18:43:27,597 - main - INFO - 새로운 보관 가이드 생성 시작: item_name=해표 꽃소금(1kg)
2026-05-17 18:43:27,598 - services.ai_service - INFO - 보관 가이드 생성 시작: item_name=해표 꽃소금(1kg)
2026-05-17 18:43:27,687 - services.ai_service - ERROR - Gemini API 호출 실패 (보관 가이드): item_name=해표 꽃소금(1kg), 에러=400 API key not valid. Please pass a valid API key. [reason: "API_KEY_INVALID"
domain: "googleapis.com"
metadata {
  key: "service"
  value: "generativelanguage.googleapis.com"
}
, locale: "en-US"
message: "API key not valid. Please pass a valid API key."
]
Traceback (most recent call last):
  File "C:\Users\heee1\AppData\Local\Programs\Python\Python312\Lib\site-packages\google\api_core\grpc_helpers.py", line 55, in error_remapped_callable
    return callable_(*args, **kwargs)
           ^^^^^^^^^^^^^^^^^^^^^^^^^^
  File "C:\Users\heee1\AppData\Local\Programs\Python\Python312\Lib\site-packages\grpc\_interceptor.py", line 276, in __call__
    response, ignored_call = self._with_call(
                             ^^^^^^^^^^^^^^^^
  File "C:\Users\heee1\AppData\Local\Programs\Python\Python312\Lib\site-packages\grpc\_interceptor.py", line 331, in _with_call
    return call.result(), call
           ^^^^^^^^^^^^^
  File "C:\Users\heee1\AppData\Local\Programs\Python\Python312\Lib\site-packages\grpc\_channel.py", line 438, in result
    raise self
  File "C:\Users\heee1\AppData\Local\Programs\Python\Python312\Lib\site-packages\grpc\_interceptor.py", line 314, in continuation
    response, call = self._thunk(new_method).with_call(
                     ^^^^^^^^^^^^^^^^^^^^^^^^^^^^^^^^^^
  File "C:\Users\heee1\AppData\Local\Programs\Python\Python312\Lib\site-packages\grpc\_channel.py", line 1173, in with_call
    return _end_unary_response_blocking(state, call, True, None)
           ^^^^^^^^^^^^^^^^^^^^^^^^^^^^^^^^^^^^^^^^^^^^^^^^^^^^^
  File "C:\Users\heee1\AppData\Local\Programs\Python\Python312\Lib\site-packages\grpc\_channel.py", line 990, in _end_unary_response_blocking
    raise _InactiveRpcError(state)  # pytype: disable=not-instantiable
    ^^^^^^^^^^^^^^^^^^^^^^^^^^^^^^
grpc._channel._InactiveRpcError: <_InactiveRpcError of RPC that terminated with:
	status = StatusCode.INVALID_ARGUMENT
	details = "API key not valid. Please pass a valid API key."
	debug_error_string = "UNKNOWN:Error received from peer ipv4:216.239.34.223:443 {grpc_status:3, grpc_message:"API key not valid. Please pass a valid API key."}"
>

The above exception was the direct cause of the following exception:

Traceback (most recent call last):
  File "C:\dev\GitHub\eco-price-ai\backend\services\ai_service.py", line 145, in generate_storage_guide
    response = model.generate_content(prompt)
               ^^^^^^^^^^^^^^^^^^^^^^^^^^^^^^
  File "C:\Users\heee1\AppData\Local\Programs\Python\Python312\Lib\site-packages\google\generativeai\generative_models.py", line 331, in generate_content
    response = self._client.generate_content(
               ^^^^^^^^^^^^^^^^^^^^^^^^^^^^^^
  File "C:\Users\heee1\AppData\Local\Programs\Python\Python312\Lib\site-packages\google\ai\generativelanguage_v1beta\services\generative_service\client.py", line 835, in generate_content
    response = rpc(
               ^^^^
  File "C:\Users\heee1\AppData\Local\Programs\Python\Python312\Lib\site-packages\google\api_core\gapic_v1\method.py", line 128, in __call__
    return wrapped_func(*args, **kwargs)
           ^^^^^^^^^^^^^^^^^^^^^^^^^^^^^
  File "C:\Users\heee1\AppData\Local\Programs\Python\Python312\Lib\site-packages\google\api_core\retry\retry_unary.py", line 294, in retry_wrapped_func
    return retry_target(
           ^^^^^^^^^^^^^
  File "C:\Users\heee1\AppData\Local\Programs\Python\Python312\Lib\site-packages\google\api_core\retry\retry_unary.py", line 156, in retry_target
    next_sleep = _retry_error_helper(
                 ^^^^^^^^^^^^^^^^^^^^
  File "C:\Users\heee1\AppData\Local\Programs\Python\Python312\Lib\site-packages\google\api_core\retry\retry_base.py", line 216, in _retry_error_helper
    raise final_exc from source_exc
  File "C:\Users\heee1\AppData\Local\Programs\Python\Python312\Lib\site-packages\google\api_core\retry\retry_unary.py", line 147, in retry_target
    result = target()
             ^^^^^^^^
  File "C:\Users\heee1\AppData\Local\Programs\Python\Python312\Lib\site-packages\google\api_core\timeout.py", line 130, in func_with_timeout
    return func(*args, **kwargs)
           ^^^^^^^^^^^^^^^^^^^^^
  File "C:\Users\heee1\AppData\Local\Programs\Python\Python312\Lib\site-packages\google\api_core\grpc_helpers.py", line 57, in error_remapped_callable
    raise exceptions.from_grpc_error(exc) from exc
google.api_core.exceptions.InvalidArgument: 400 API key not valid. Please pass a valid API key. [reason: "API_KEY_INVALID"
domain: "googleapis.com"
metadata {
  key: "service"
  value: "generativelanguage.googleapis.com"
}
, locale: "en-US"
message: "API key not valid. Please pass a valid API key."
]
2026-05-17 18:43:27,691 - main - ERROR - 보관 가이드 생성 중 심각한 오류 발생: item_name=해표 꽃소금(1kg), 에러=Gemini API 호출 실패: 400 API key not valid. Please pass a valid API key. [reason: "API_KEY_INVALID"
domain: "googleapis.com"
metadata {
  key: "service"
  value: "generativelanguage.googleapis.com"
}
, locale: "en-US"
message: "API key not valid. Please pass a valid API key."
]
Traceback (most recent call last):
  File "C:\Users\heee1\AppData\Local\Programs\Python\Python312\Lib\site-packages\google\api_core\grpc_helpers.py", line 55, in error_remapped_callable
    return callable_(*args, **kwargs)
           ^^^^^^^^^^^^^^^^^^^^^^^^^^
  File "C:\Users\heee1\AppData\Local\Programs\Python\Python312\Lib\site-packages\grpc\_interceptor.py", line 276, in __call__
    response, ignored_call = self._with_call(
                             ^^^^^^^^^^^^^^^^
  File "C:\Users\heee1\AppData\Local\Programs\Python\Python312\Lib\site-packages\grpc\_interceptor.py", line 331, in _with_call
    return call.result(), call
           ^^^^^^^^^^^^^
  File "C:\Users\heee1\AppData\Local\Programs\Python\Python312\Lib\site-packages\grpc\_channel.py", line 438, in result
    raise self
  File "C:\Users\heee1\AppData\Local\Programs\Python\Python312\Lib\site-packages\grpc\_interceptor.py", line 314, in continuation
    response, call = self._thunk(new_method).with_call(
                     ^^^^^^^^^^^^^^^^^^^^^^^^^^^^^^^^^^
  File "C:\Users\heee1\AppData\Local\Programs\Python\Python312\Lib\site-packages\grpc\_channel.py", line 1173, in with_call
    return _end_unary_response_blocking(state, call, True, None)
           ^^^^^^^^^^^^^^^^^^^^^^^^^^^^^^^^^^^^^^^^^^^^^^^^^^^^^
  File "C:\Users\heee1\AppData\Local\Programs\Python\Python312\Lib\site-packages\grpc\_channel.py", line 990, in _end_unary_response_blocking
    raise _InactiveRpcError(state)  # pytype: disable=not-instantiable
    ^^^^^^^^^^^^^^^^^^^^^^^^^^^^^^
grpc._channel._InactiveRpcError: <_InactiveRpcError of RPC that terminated with:
	status = StatusCode.INVALID_ARGUMENT
	details = "API key not valid. Please pass a valid API key."
	debug_error_string = "UNKNOWN:Error received from peer ipv4:216.239.34.223:443 {grpc_status:3, grpc_message:"API key not valid. Please pass a valid API key."}"
>

The above exception was the direct cause of the following exception:

Traceback (most recent call last):
  File "C:\dev\GitHub\eco-price-ai\backend\services\ai_service.py", line 145, in generate_storage_guide
    response = model.generate_content(prompt)
               ^^^^^^^^^^^^^^^^^^^^^^^^^^^^^^
  File "C:\Users\heee1\AppData\Local\Programs\Python\Python312\Lib\site-packages\google\generativeai\generative_models.py", line 331, in generate_content
    response = self._client.generate_content(
               ^^^^^^^^^^^^^^^^^^^^^^^^^^^^^^
  File "C:\Users\heee1\AppData\Local\Programs\Python\Python312\Lib\site-packages\google\ai\generativelanguage_v1beta\services\generative_service\client.py", line 835, in generate_content
    response = rpc(
               ^^^^
  File "C:\Users\heee1\AppData\Local\Programs\Python\Python312\Lib\site-packages\google\api_core\gapic_v1\method.py", line 128, in __call__
    return wrapped_func(*args, **kwargs)
           ^^^^^^^^^^^^^^^^^^^^^^^^^^^^^
  File "C:\Users\heee1\AppData\Local\Programs\Python\Python312\Lib\site-packages\google\api_core\retry\retry_unary.py", line 294, in retry_wrapped_func
    return retry_target(
           ^^^^^^^^^^^^^
  File "C:\Users\heee1\AppData\Local\Programs\Python\Python312\Lib\site-packages\google\api_core\retry\retry_unary.py", line 156, in retry_target
    next_sleep = _retry_error_helper(
                 ^^^^^^^^^^^^^^^^^^^^
  File "C:\Users\heee1\AppData\Local\Programs\Python\Python312\Lib\site-packages\google\api_core\retry\retry_base.py", line 216, in _retry_error_helper
    raise final_exc from source_exc
  File "C:\Users\heee1\AppData\Local\Programs\Python\Python312\Lib\site-packages\google\api_core\retry\retry_unary.py", line 147, in retry_target
    result = target()
             ^^^^^^^^
  File "C:\Users\heee1\AppData\Local\Programs\Python\Python312\Lib\site-packages\google\api_core\timeout.py", line 130, in func_with_timeout
    return func(*args, **kwargs)
           ^^^^^^^^^^^^^^^^^^^^^
  File "C:\Users\heee1\AppData\Local\Programs\Python\Python312\Lib\site-packages\google\api_core\grpc_helpers.py", line 57, in error_remapped_callable
    raise exceptions.from_grpc_error(exc) from exc
google.api_core.exceptions.InvalidArgument: 400 API key not valid. Please pass a valid API key. [reason: "API_KEY_INVALID"
domain: "googleapis.com"
metadata {
  key: "service"
  value: "generativelanguage.googleapis.com"
}
, locale: "en-US"
message: "API key not valid. Please pass a valid API key."
]

During handling of the above exception, another exception occurred:

Traceback (most recent call last):
  File "C:\dev\GitHub\eco-price-ai\backend\main.py", line 217, in get_storage_guide
    storage_data = generate_storage_guide(item_name)
                   ^^^^^^^^^^^^^^^^^^^^^^^^^^^^^^^^^
  File "C:\dev\GitHub\eco-price-ai\backend\services\ai_service.py", line 173, in generate_storage_guide
    raise Exception(f"Gemini API 호출 실패: {str(e)}")
Exception: Gemini API 호출 실패: 400 API key not valid. Please pass a valid API key. [reason: "API_KEY_INVALID"
domain: "googleapis.com"
metadata {
  key: "service"
  value: "generativelanguage.googleapis.com"
}
, locale: "en-US"
message: "API key not valid. Please pass a valid API key."
]
2026-05-17 18:43:27,694 - database - ERROR - 데이터베이스 세션 중 오류 발생: 500: 보관 가이드 생성 오류: Gemini API 호출 실패: 400 API key not valid. Please pass a valid API key. [reason: "API_KEY_INVALID"
domain: "googleapis.com"
metadata {
  key: "service"
  value: "generativelanguage.googleapis.com"
}
, locale: "en-US"
message: "API key not valid. Please pass a valid API key."
]
Traceback (most recent call last):
  File "C:\Users\heee1\AppData\Local\Programs\Python\Python312\Lib\site-packages\google\api_core\grpc_helpers.py", line 55, in error_remapped_callable
    return callable_(*args, **kwargs)
           ^^^^^^^^^^^^^^^^^^^^^^^^^^
  File "C:\Users\heee1\AppData\Local\Programs\Python\Python312\Lib\site-packages\grpc\_interceptor.py", line 276, in __call__
    response, ignored_call = self._with_call(
                             ^^^^^^^^^^^^^^^^
  File "C:\Users\heee1\AppData\Local\Programs\Python\Python312\Lib\site-packages\grpc\_interceptor.py", line 331, in _with_call
    return call.result(), call
           ^^^^^^^^^^^^^
  File "C:\Users\heee1\AppData\Local\Programs\Python\Python312\Lib\site-packages\grpc\_channel.py", line 438, in result
    raise self
  File "C:\Users\heee1\AppData\Local\Programs\Python\Python312\Lib\site-packages\grpc\_interceptor.py", line 314, in continuation
    response, call = self._thunk(new_method).with_call(
                     ^^^^^^^^^^^^^^^^^^^^^^^^^^^^^^^^^^
  File "C:\Users\heee1\AppData\Local\Programs\Python\Python312\Lib\site-packages\grpc\_channel.py", line 1173, in with_call
    return _end_unary_response_blocking(state, call, True, None)
           ^^^^^^^^^^^^^^^^^^^^^^^^^^^^^^^^^^^^^^^^^^^^^^^^^^^^^
  File "C:\Users\heee1\AppData\Local\Programs\Python\Python312\Lib\site-packages\grpc\_channel.py", line 990, in _end_unary_response_blocking
    raise _InactiveRpcError(state)  # pytype: disable=not-instantiable
    ^^^^^^^^^^^^^^^^^^^^^^^^^^^^^^
grpc._channel._InactiveRpcError: <_InactiveRpcError of RPC that terminated with:
	status = StatusCode.INVALID_ARGUMENT
	details = "API key not valid. Please pass a valid API key."
	debug_error_string = "UNKNOWN:Error received from peer ipv4:216.239.34.223:443 {grpc_status:3, grpc_message:"API key not valid. Please pass a valid API key."}"
>

The above exception was the direct cause of the following exception:

Traceback (most recent call last):
  File "C:\dev\GitHub\eco-price-ai\backend\services\ai_service.py", line 145, in generate_storage_guide
    response = model.generate_content(prompt)
               ^^^^^^^^^^^^^^^^^^^^^^^^^^^^^^
  File "C:\Users\heee1\AppData\Local\Programs\Python\Python312\Lib\site-packages\google\generativeai\generative_models.py", line 331, in generate_content
    response = self._client.generate_content(
               ^^^^^^^^^^^^^^^^^^^^^^^^^^^^^^
  File "C:\Users\heee1\AppData\Local\Programs\Python\Python312\Lib\site-packages\google\ai\generativelanguage_v1beta\services\generative_service\client.py", line 835, in generate_content
    response = rpc(
               ^^^^
  File "C:\Users\heee1\AppData\Local\Programs\Python\Python312\Lib\site-packages\google\api_core\gapic_v1\method.py", line 128, in __call__
    return wrapped_func(*args, **kwargs)
           ^^^^^^^^^^^^^^^^^^^^^^^^^^^^^
  File "C:\Users\heee1\AppData\Local\Programs\Python\Python312\Lib\site-packages\google\api_core\retry\retry_unary.py", line 294, in retry_wrapped_func
    return retry_target(
           ^^^^^^^^^^^^^
  File "C:\Users\heee1\AppData\Local\Programs\Python\Python312\Lib\site-packages\google\api_core\retry\retry_unary.py", line 156, in retry_target
    next_sleep = _retry_error_helper(
                 ^^^^^^^^^^^^^^^^^^^^
  File "C:\Users\heee1\AppData\Local\Programs\Python\Python312\Lib\site-packages\google\api_core\retry\retry_base.py", line 216, in _retry_error_helper
    raise final_exc from source_exc
  File "C:\Users\heee1\AppData\Local\Programs\Python\Python312\Lib\site-packages\google\api_core\retry\retry_unary.py", line 147, in retry_target
    result = target()
             ^^^^^^^^
  File "C:\Users\heee1\AppData\Local\Programs\Python\Python312\Lib\site-packages\google\api_core\timeout.py", line 130, in func_with_timeout
    return func(*args, **kwargs)
           ^^^^^^^^^^^^^^^^^^^^^
  File "C:\Users\heee1\AppData\Local\Programs\Python\Python312\Lib\site-packages\google\api_core\grpc_helpers.py", line 57, in error_remapped_callable
    raise exceptions.from_grpc_error(exc) from exc
google.api_core.exceptions.InvalidArgument: 400 API key not valid. Please pass a valid API key. [reason: "API_KEY_INVALID"
domain: "googleapis.com"
metadata {
  key: "service"
  value: "generativelanguage.googleapis.com"
}
, locale: "en-US"
message: "API key not valid. Please pass a valid API key."
]

During handling of the above exception, another exception occurred:

Traceback (most recent call last):
  File "C:\dev\GitHub\eco-price-ai\backend\main.py", line 217, in get_storage_guide
    storage_data = generate_storage_guide(item_name)
                   ^^^^^^^^^^^^^^^^^^^^^^^^^^^^^^^^^
  File "C:\dev\GitHub\eco-price-ai\backend\services\ai_service.py", line 173, in generate_storage_guide
    raise Exception(f"Gemini API 호출 실패: {str(e)}")
Exception: Gemini API 호출 실패: 400 API key not valid. Please pass a valid API key. [reason: "API_KEY_INVALID"
domain: "googleapis.com"
metadata {
  key: "service"
  value: "generativelanguage.googleapis.com"
}
, locale: "en-US"
message: "API key not valid. Please pass a valid API key."
]

During handling of the above exception, another exception occurred:

Traceback (most recent call last):
  File "C:\dev\GitHub\eco-price-ai\backend\database.py", line 53, in get_db
    yield db
  File "C:\Users\heee1\AppData\Local\Programs\Python\Python312\Lib\site-packages\fastapi\concurrency.py", line 29, in contextmanager_in_threadpool
    yield await run_in_threadpool(cm.__enter__)
  File "C:\Users\heee1\AppData\Local\Programs\Python\Python312\Lib\site-packages\fastapi\routing.py", line 120, in app
    response = await f(request)
               ^^^^^^^^^^^^^^^^
  File "C:\Users\heee1\AppData\Local\Programs\Python\Python312\Lib\site-packages\fastapi\routing.py", line 674, in app
    raw_response = await run_endpoint_function(
                   ^^^^^^^^^^^^^^^^^^^^^^^^^^^^
  File "C:\Users\heee1\AppData\Local\Programs\Python\Python312\Lib\site-packages\fastapi\routing.py", line 330, in run_endpoint_function
    return await run_in_threadpool(dependant.call, **values)
           ^^^^^^^^^^^^^^^^^^^^^^^^^^^^^^^^^^^^^^^^^^^^^^^^^
  File "C:\Users\heee1\AppData\Local\Programs\Python\Python312\Lib\site-packages\starlette\concurrency.py", line 32, in run_in_threadpool
    return await anyio.to_thread.run_sync(func)
           ^^^^^^^^^^^^^^^^^^^^^^^^^^^^^^^^^^^^
  File "C:\Users\heee1\AppData\Local\Programs\Python\Python312\Lib\site-packages\anyio\to_thread.py", line 63, in run_sync
    return await get_async_backend().run_sync_in_worker_thread(
           ^^^^^^^^^^^^^^^^^^^^^^^^^^^^^^^^^^^^^^^^^^^^^^^^^^^^
  File "C:\Users\heee1\AppData\Local\Programs\Python\Python312\Lib\site-packages\anyio\_backends\_asyncio.py", line 2518, in run_sync_in_worker_thread
    return await future
           ^^^^^^^^^^^^
  File "C:\Users\heee1\AppData\Local\Programs\Python\Python312\Lib\site-packages\anyio\_backends\_asyncio.py", line 1002, in run
    result = context.run(func, *args)
             ^^^^^^^^^^^^^^^^^^^^^^^^
  File "C:\dev\GitHub\eco-price-ai\backend\main.py", line 242, in get_storage_guide
    raise HTTPException(status_code=500, detail=f"보관 가이드 생성 오류: {str(e)}")
fastapi.exceptions.HTTPException: 500: 보관 가이드 생성 오류: Gemini API 호출 실패: 400 API key not valid. Please pass a valid API key. [reason: "API_KEY_INVALID"
domain: "googleapis.com"
metadata {
  key: "service"
  value: "generativelanguage.googleapis.com"
}
, locale: "en-US"
message: "API key not valid. Please pass a valid API key."
]
2026-05-17 18:43:27,699 - main - INFO - [요청 완료] GET /api/storage/해표 꽃소금(1kg) | 상태코드: 500 | ID: 2026-05-17T18:43:27.588872
2026-05-17 18:44:22,640 - main - INFO - FastAPI 애플리케이션 시작
2026-05-17 18:44:27,701 - main - INFO - [요청 시작] GET /items | 클라이언트: 127.0.0.1 | ID: 2026-05-17T18:44:27.701189
2026-05-17 18:44:27,701 - main - INFO - 마켓 가격 조회 요청: 검색어='None'
2026-05-17 18:44:27,748 - main - INFO - 마켓 가격 조회 완료: 604개 항목
2026-05-17 18:44:27,751 - main - INFO - [요청 완료] GET /items | 상태코드: 200 | ID: 2026-05-17T18:44:27.701189
2026-05-17 18:44:27,758 - main - INFO - [요청 시작] GET /items | 클라이언트: 127.0.0.1 | ID: 2026-05-17T18:44:27.758447
2026-05-17 18:44:27,759 - main - INFO - 마켓 가격 조회 요청: 검색어='None'
2026-05-17 18:44:27,761 - main - INFO - 마켓 가격 조회 완료: 604개 항목
2026-05-17 18:44:27,770 - main - INFO - [요청 완료] GET /items | 상태코드: 200 | ID: 2026-05-17T18:44:27.758447
2026-05-17 18:44:29,148 - main - INFO - [요청 시작] GET /api/storage/해표 꽃소금(1kg) | 클라이언트: 127.0.0.1 | ID: 2026-05-17T18:44:29.148793
2026-05-17 18:44:29,149 - main - INFO - 보관 가이드 조회 요청: item_name=해표 꽃소금(1kg)
2026-05-17 18:44:29,153 - main - INFO - 새로운 보관 가이드 생성 시작: item_name=해표 꽃소금(1kg)
2026-05-17 18:44:29,153 - services.ai_service - INFO - 보관 가이드 생성 시작: item_name=해표 꽃소금(1kg)
2026-05-17 18:44:29,375 - services.ai_service - ERROR - Gemini API 호출 실패 (보관 가이드): item_name=해표 꽃소금(1kg), 에러=400 API key not valid. Please pass a valid API key. [reason: "API_KEY_INVALID"
domain: "googleapis.com"
metadata {
  key: "service"
  value: "generativelanguage.googleapis.com"
}
, locale: "en-US"
message: "API key not valid. Please pass a valid API key."
]
Traceback (most recent call last):
  File "C:\Users\heee1\AppData\Local\Programs\Python\Python312\Lib\site-packages\google\api_core\grpc_helpers.py", line 55, in error_remapped_callable
    return callable_(*args, **kwargs)
           ^^^^^^^^^^^^^^^^^^^^^^^^^^
  File "C:\Users\heee1\AppData\Local\Programs\Python\Python312\Lib\site-packages\grpc\_interceptor.py", line 276, in __call__
    response, ignored_call = self._with_call(
                             ^^^^^^^^^^^^^^^^
  File "C:\Users\heee1\AppData\Local\Programs\Python\Python312\Lib\site-packages\grpc\_interceptor.py", line 331, in _with_call
    return call.result(), call
           ^^^^^^^^^^^^^
  File "C:\Users\heee1\AppData\Local\Programs\Python\Python312\Lib\site-packages\grpc\_channel.py", line 438, in result
    raise self
  File "C:\Users\heee1\AppData\Local\Programs\Python\Python312\Lib\site-packages\grpc\_interceptor.py", line 314, in continuation
    response, call = self._thunk(new_method).with_call(
                     ^^^^^^^^^^^^^^^^^^^^^^^^^^^^^^^^^^
  File "C:\Users\heee1\AppData\Local\Programs\Python\Python312\Lib\site-packages\grpc\_channel.py", line 1173, in with_call
    return _end_unary_response_blocking(state, call, True, None)
           ^^^^^^^^^^^^^^^^^^^^^^^^^^^^^^^^^^^^^^^^^^^^^^^^^^^^^
  File "C:\Users\heee1\AppData\Local\Programs\Python\Python312\Lib\site-packages\grpc\_channel.py", line 990, in _end_unary_response_blocking
    raise _InactiveRpcError(state)  # pytype: disable=not-instantiable
    ^^^^^^^^^^^^^^^^^^^^^^^^^^^^^^
grpc._channel._InactiveRpcError: <_InactiveRpcError of RPC that terminated with:
	status = StatusCode.INVALID_ARGUMENT
	details = "API key not valid. Please pass a valid API key."
	debug_error_string = "UNKNOWN:Error received from peer ipv4:216.239.34.223:443 {grpc_message:"API key not valid. Please pass a valid API key.", grpc_status:3}"
>

The above exception was the direct cause of the following exception:

Traceback (most recent call last):
  File "C:\dev\GitHub\eco-price-ai\backend\services\ai_service.py", line 145, in generate_storage_guide
    response = model.generate_content(prompt)
               ^^^^^^^^^^^^^^^^^^^^^^^^^^^^^^
  File "C:\Users\heee1\AppData\Local\Programs\Python\Python312\Lib\site-packages\google\generativeai\generative_models.py", line 331, in generate_content
    response = self._client.generate_content(
               ^^^^^^^^^^^^^^^^^^^^^^^^^^^^^^
  File "C:\Users\heee1\AppData\Local\Programs\Python\Python312\Lib\site-packages\google\ai\generativelanguage_v1beta\services\generative_service\client.py", line 835, in generate_content
    response = rpc(
               ^^^^
  File "C:\Users\heee1\AppData\Local\Programs\Python\Python312\Lib\site-packages\google\api_core\gapic_v1\method.py", line 128, in __call__
    return wrapped_func(*args, **kwargs)
           ^^^^^^^^^^^^^^^^^^^^^^^^^^^^^
  File "C:\Users\heee1\AppData\Local\Programs\Python\Python312\Lib\site-packages\google\api_core\retry\retry_unary.py", line 294, in retry_wrapped_func
    return retry_target(
           ^^^^^^^^^^^^^
  File "C:\Users\heee1\AppData\Local\Programs\Python\Python312\Lib\site-packages\google\api_core\retry\retry_unary.py", line 156, in retry_target
    next_sleep = _retry_error_helper(
                 ^^^^^^^^^^^^^^^^^^^^
  File "C:\Users\heee1\AppData\Local\Programs\Python\Python312\Lib\site-packages\google\api_core\retry\retry_base.py", line 216, in _retry_error_helper
    raise final_exc from source_exc
  File "C:\Users\heee1\AppData\Local\Programs\Python\Python312\Lib\site-packages\google\api_core\retry\retry_unary.py", line 147, in retry_target
    result = target()
             ^^^^^^^^
  File "C:\Users\heee1\AppData\Local\Programs\Python\Python312\Lib\site-packages\google\api_core\timeout.py", line 130, in func_with_timeout
    return func(*args, **kwargs)
           ^^^^^^^^^^^^^^^^^^^^^
  File "C:\Users\heee1\AppData\Local\Programs\Python\Python312\Lib\site-packages\google\api_core\grpc_helpers.py", line 57, in error_remapped_callable
    raise exceptions.from_grpc_error(exc) from exc
google.api_core.exceptions.InvalidArgument: 400 API key not valid. Please pass a valid API key. [reason: "API_KEY_INVALID"
domain: "googleapis.com"
metadata {
  key: "service"
  value: "generativelanguage.googleapis.com"
}
, locale: "en-US"
message: "API key not valid. Please pass a valid API key."
]
2026-05-17 18:44:29,382 - main - ERROR - 보관 가이드 생성 중 심각한 오류 발생: item_name=해표 꽃소금(1kg), 에러=Gemini API 호출 실패: 400 API key not valid. Please pass a valid API key. [reason: "API_KEY_INVALID"
domain: "googleapis.com"
metadata {
  key: "service"
  value: "generativelanguage.googleapis.com"
}
, locale: "en-US"
message: "API key not valid. Please pass a valid API key."
]
Traceback (most recent call last):
  File "C:\Users\heee1\AppData\Local\Programs\Python\Python312\Lib\site-packages\google\api_core\grpc_helpers.py", line 55, in error_remapped_callable
    return callable_(*args, **kwargs)
           ^^^^^^^^^^^^^^^^^^^^^^^^^^
  File "C:\Users\heee1\AppData\Local\Programs\Python\Python312\Lib\site-packages\grpc\_interceptor.py", line 276, in __call__
    response, ignored_call = self._with_call(
                             ^^^^^^^^^^^^^^^^
  File "C:\Users\heee1\AppData\Local\Programs\Python\Python312\Lib\site-packages\grpc\_interceptor.py", line 331, in _with_call
    return call.result(), call
           ^^^^^^^^^^^^^
  File "C:\Users\heee1\AppData\Local\Programs\Python\Python312\Lib\site-packages\grpc\_channel.py", line 438, in result
    raise self
  File "C:\Users\heee1\AppData\Local\Programs\Python\Python312\Lib\site-packages\grpc\_interceptor.py", line 314, in continuation
    response, call = self._thunk(new_method).with_call(
                     ^^^^^^^^^^^^^^^^^^^^^^^^^^^^^^^^^^
  File "C:\Users\heee1\AppData\Local\Programs\Python\Python312\Lib\site-packages\grpc\_channel.py", line 1173, in with_call
    return _end_unary_response_blocking(state, call, True, None)
           ^^^^^^^^^^^^^^^^^^^^^^^^^^^^^^^^^^^^^^^^^^^^^^^^^^^^^
  File "C:\Users\heee1\AppData\Local\Programs\Python\Python312\Lib\site-packages\grpc\_channel.py", line 990, in _end_unary_response_blocking
    raise _InactiveRpcError(state)  # pytype: disable=not-instantiable
    ^^^^^^^^^^^^^^^^^^^^^^^^^^^^^^
grpc._channel._InactiveRpcError: <_InactiveRpcError of RPC that terminated with:
	status = StatusCode.INVALID_ARGUMENT
	details = "API key not valid. Please pass a valid API key."
	debug_error_string = "UNKNOWN:Error received from peer ipv4:216.239.34.223:443 {grpc_message:"API key not valid. Please pass a valid API key.", grpc_status:3}"
>

The above exception was the direct cause of the following exception:

Traceback (most recent call last):
  File "C:\dev\GitHub\eco-price-ai\backend\services\ai_service.py", line 145, in generate_storage_guide
    response = model.generate_content(prompt)
               ^^^^^^^^^^^^^^^^^^^^^^^^^^^^^^
  File "C:\Users\heee1\AppData\Local\Programs\Python\Python312\Lib\site-packages\google\generativeai\generative_models.py", line 331, in generate_content
    response = self._client.generate_content(
               ^^^^^^^^^^^^^^^^^^^^^^^^^^^^^^
  File "C:\Users\heee1\AppData\Local\Programs\Python\Python312\Lib\site-packages\google\ai\generativelanguage_v1beta\services\generative_service\client.py", line 835, in generate_content
    response = rpc(
               ^^^^
  File "C:\Users\heee1\AppData\Local\Programs\Python\Python312\Lib\site-packages\google\api_core\gapic_v1\method.py", line 128, in __call__
    return wrapped_func(*args, **kwargs)
           ^^^^^^^^^^^^^^^^^^^^^^^^^^^^^
  File "C:\Users\heee1\AppData\Local\Programs\Python\Python312\Lib\site-packages\google\api_core\retry\retry_unary.py", line 294, in retry_wrapped_func
    return retry_target(
           ^^^^^^^^^^^^^
  File "C:\Users\heee1\AppData\Local\Programs\Python\Python312\Lib\site-packages\google\api_core\retry\retry_unary.py", line 156, in retry_target
    next_sleep = _retry_error_helper(
                 ^^^^^^^^^^^^^^^^^^^^
  File "C:\Users\heee1\AppData\Local\Programs\Python\Python312\Lib\site-packages\google\api_core\retry\retry_base.py", line 216, in _retry_error_helper
    raise final_exc from source_exc
  File "C:\Users\heee1\AppData\Local\Programs\Python\Python312\Lib\site-packages\google\api_core\retry\retry_unary.py", line 147, in retry_target
    result = target()
             ^^^^^^^^
  File "C:\Users\heee1\AppData\Local\Programs\Python\Python312\Lib\site-packages\google\api_core\timeout.py", line 130, in func_with_timeout
    return func(*args, **kwargs)
           ^^^^^^^^^^^^^^^^^^^^^
  File "C:\Users\heee1\AppData\Local\Programs\Python\Python312\Lib\site-packages\google\api_core\grpc_helpers.py", line 57, in error_remapped_callable
    raise exceptions.from_grpc_error(exc) from exc
google.api_core.exceptions.InvalidArgument: 400 API key not valid. Please pass a valid API key. [reason: "API_KEY_INVALID"
domain: "googleapis.com"
metadata {
  key: "service"
  value: "generativelanguage.googleapis.com"
}
, locale: "en-US"
message: "API key not valid. Please pass a valid API key."
]

During handling of the above exception, another exception occurred:

Traceback (most recent call last):
  File "C:\dev\GitHub\eco-price-ai\backend\main.py", line 217, in get_storage_guide
    storage_data = generate_storage_guide(item_name)
                   ^^^^^^^^^^^^^^^^^^^^^^^^^^^^^^^^^
  File "C:\dev\GitHub\eco-price-ai\backend\services\ai_service.py", line 173, in generate_storage_guide
    raise Exception(f"Gemini API 호출 실패: {str(e)}")
Exception: Gemini API 호출 실패: 400 API key not valid. Please pass a valid API key. [reason: "API_KEY_INVALID"
domain: "googleapis.com"
metadata {
  key: "service"
  value: "generativelanguage.googleapis.com"
}
, locale: "en-US"
message: "API key not valid. Please pass a valid API key."
]
2026-05-17 18:44:29,383 - database - ERROR - 데이터베이스 세션 중 오류 발생: 500: 보관 가이드 생성 오류: Gemini API 호출 실패: 400 API key not valid. Please pass a valid API key. [reason: "API_KEY_INVALID"
domain: "googleapis.com"
metadata {
  key: "service"
  value: "generativelanguage.googleapis.com"
}
, locale: "en-US"
message: "API key not valid. Please pass a valid API key."
]
Traceback (most recent call last):
  File "C:\Users\heee1\AppData\Local\Programs\Python\Python312\Lib\site-packages\google\api_core\grpc_helpers.py", line 55, in error_remapped_callable
    return callable_(*args, **kwargs)
           ^^^^^^^^^^^^^^^^^^^^^^^^^^
  File "C:\Users\heee1\AppData\Local\Programs\Python\Python312\Lib\site-packages\grpc\_interceptor.py", line 276, in __call__
    response, ignored_call = self._with_call(
                             ^^^^^^^^^^^^^^^^
  File "C:\Users\heee1\AppData\Local\Programs\Python\Python312\Lib\site-packages\grpc\_interceptor.py", line 331, in _with_call
    return call.result(), call
           ^^^^^^^^^^^^^
  File "C:\Users\heee1\AppData\Local\Programs\Python\Python312\Lib\site-packages\grpc\_channel.py", line 438, in result
    raise self
  File "C:\Users\heee1\AppData\Local\Programs\Python\Python312\Lib\site-packages\grpc\_interceptor.py", line 314, in continuation
    response, call = self._thunk(new_method).with_call(
                     ^^^^^^^^^^^^^^^^^^^^^^^^^^^^^^^^^^
  File "C:\Users\heee1\AppData\Local\Programs\Python\Python312\Lib\site-packages\grpc\_channel.py", line 1173, in with_call
    return _end_unary_response_blocking(state, call, True, None)
           ^^^^^^^^^^^^^^^^^^^^^^^^^^^^^^^^^^^^^^^^^^^^^^^^^^^^^
  File "C:\Users\heee1\AppData\Local\Programs\Python\Python312\Lib\site-packages\grpc\_channel.py", line 990, in _end_unary_response_blocking
    raise _InactiveRpcError(state)  # pytype: disable=not-instantiable
    ^^^^^^^^^^^^^^^^^^^^^^^^^^^^^^
grpc._channel._InactiveRpcError: <_InactiveRpcError of RPC that terminated with:
	status = StatusCode.INVALID_ARGUMENT
	details = "API key not valid. Please pass a valid API key."
	debug_error_string = "UNKNOWN:Error received from peer ipv4:216.239.34.223:443 {grpc_message:"API key not valid. Please pass a valid API key.", grpc_status:3}"
>

The above exception was the direct cause of the following exception:

Traceback (most recent call last):
  File "C:\dev\GitHub\eco-price-ai\backend\services\ai_service.py", line 145, in generate_storage_guide
    response = model.generate_content(prompt)
               ^^^^^^^^^^^^^^^^^^^^^^^^^^^^^^
  File "C:\Users\heee1\AppData\Local\Programs\Python\Python312\Lib\site-packages\google\generativeai\generative_models.py", line 331, in generate_content
    response = self._client.generate_content(
               ^^^^^^^^^^^^^^^^^^^^^^^^^^^^^^
  File "C:\Users\heee1\AppData\Local\Programs\Python\Python312\Lib\site-packages\google\ai\generativelanguage_v1beta\services\generative_service\client.py", line 835, in generate_content
    response = rpc(
               ^^^^
  File "C:\Users\heee1\AppData\Local\Programs\Python\Python312\Lib\site-packages\google\api_core\gapic_v1\method.py", line 128, in __call__
    return wrapped_func(*args, **kwargs)
           ^^^^^^^^^^^^^^^^^^^^^^^^^^^^^
  File "C:\Users\heee1\AppData\Local\Programs\Python\Python312\Lib\site-packages\google\api_core\retry\retry_unary.py", line 294, in retry_wrapped_func
    return retry_target(
           ^^^^^^^^^^^^^
  File "C:\Users\heee1\AppData\Local\Programs\Python\Python312\Lib\site-packages\google\api_core\retry\retry_unary.py", line 156, in retry_target
    next_sleep = _retry_error_helper(
                 ^^^^^^^^^^^^^^^^^^^^
  File "C:\Users\heee1\AppData\Local\Programs\Python\Python312\Lib\site-packages\google\api_core\retry\retry_base.py", line 216, in _retry_error_helper
    raise final_exc from source_exc
  File "C:\Users\heee1\AppData\Local\Programs\Python\Python312\Lib\site-packages\google\api_core\retry\retry_unary.py", line 147, in retry_target
    result = target()
             ^^^^^^^^
  File "C:\Users\heee1\AppData\Local\Programs\Python\Python312\Lib\site-packages\google\api_core\timeout.py", line 130, in func_with_timeout
    return func(*args, **kwargs)
           ^^^^^^^^^^^^^^^^^^^^^
  File "C:\Users\heee1\AppData\Local\Programs\Python\Python312\Lib\site-packages\google\api_core\grpc_helpers.py", line 57, in error_remapped_callable
    raise exceptions.from_grpc_error(exc) from exc
google.api_core.exceptions.InvalidArgument: 400 API key not valid. Please pass a valid API key. [reason: "API_KEY_INVALID"
domain: "googleapis.com"
metadata {
  key: "service"
  value: "generativelanguage.googleapis.com"
}
, locale: "en-US"
message: "API key not valid. Please pass a valid API key."
]

During handling of the above exception, another exception occurred:

Traceback (most recent call last):
  File "C:\dev\GitHub\eco-price-ai\backend\main.py", line 217, in get_storage_guide
    storage_data = generate_storage_guide(item_name)
                   ^^^^^^^^^^^^^^^^^^^^^^^^^^^^^^^^^
  File "C:\dev\GitHub\eco-price-ai\backend\services\ai_service.py", line 173, in generate_storage_guide
    raise Exception(f"Gemini API 호출 실패: {str(e)}")
Exception: Gemini API 호출 실패: 400 API key not valid. Please pass a valid API key. [reason: "API_KEY_INVALID"
domain: "googleapis.com"
metadata {
  key: "service"
  value: "generativelanguage.googleapis.com"
}
, locale: "en-US"
message: "API key not valid. Please pass a valid API key."
]

During handling of the above exception, another exception occurred:

Traceback (most recent call last):
  File "C:\dev\GitHub\eco-price-ai\backend\database.py", line 53, in get_db
    yield db
  File "C:\Users\heee1\AppData\Local\Programs\Python\Python312\Lib\site-packages\fastapi\concurrency.py", line 29, in contextmanager_in_threadpool
    yield await run_in_threadpool(cm.__enter__)
  File "C:\Users\heee1\AppData\Local\Programs\Python\Python312\Lib\site-packages\fastapi\routing.py", line 120, in app
    response = await f(request)
               ^^^^^^^^^^^^^^^^
  File "C:\Users\heee1\AppData\Local\Programs\Python\Python312\Lib\site-packages\fastapi\routing.py", line 674, in app
    raw_response = await run_endpoint_function(
                   ^^^^^^^^^^^^^^^^^^^^^^^^^^^^
  File "C:\Users\heee1\AppData\Local\Programs\Python\Python312\Lib\site-packages\fastapi\routing.py", line 330, in run_endpoint_function
    return await run_in_threadpool(dependant.call, **values)
           ^^^^^^^^^^^^^^^^^^^^^^^^^^^^^^^^^^^^^^^^^^^^^^^^^
  File "C:\Users\heee1\AppData\Local\Programs\Python\Python312\Lib\site-packages\starlette\concurrency.py", line 32, in run_in_threadpool
    return await anyio.to_thread.run_sync(func)
           ^^^^^^^^^^^^^^^^^^^^^^^^^^^^^^^^^^^^
  File "C:\Users\heee1\AppData\Local\Programs\Python\Python312\Lib\site-packages\anyio\to_thread.py", line 63, in run_sync
    return await get_async_backend().run_sync_in_worker_thread(
           ^^^^^^^^^^^^^^^^^^^^^^^^^^^^^^^^^^^^^^^^^^^^^^^^^^^^
  File "C:\Users\heee1\AppData\Local\Programs\Python\Python312\Lib\site-packages\anyio\_backends\_asyncio.py", line 2518, in run_sync_in_worker_thread
    return await future
           ^^^^^^^^^^^^
  File "C:\Users\heee1\AppData\Local\Programs\Python\Python312\Lib\site-packages\anyio\_backends\_asyncio.py", line 1002, in run
    result = context.run(func, *args)
             ^^^^^^^^^^^^^^^^^^^^^^^^
  File "C:\dev\GitHub\eco-price-ai\backend\main.py", line 242, in get_storage_guide
    raise HTTPException(status_code=500, detail=f"보관 가이드 생성 오류: {str(e)}")
fastapi.exceptions.HTTPException: 500: 보관 가이드 생성 오류: Gemini API 호출 실패: 400 API key not valid. Please pass a valid API key. [reason: "API_KEY_INVALID"
domain: "googleapis.com"
metadata {
  key: "service"
  value: "generativelanguage.googleapis.com"
}
, locale: "en-US"
message: "API key not valid. Please pass a valid API key."
]
2026-05-17 18:44:29,388 - main - INFO - [요청 완료] GET /api/storage/해표 꽃소금(1kg) | 상태코드: 500 | ID: 2026-05-17T18:44:29.148793
2026-05-17 18:44:37,533 - main - INFO - [요청 시작] GET /items | 클라이언트: 127.0.0.1 | ID: 2026-05-17T18:44:37.533780
2026-05-17 18:44:37,533 - main - INFO - 마켓 가격 조회 요청: 검색어='None'
2026-05-17 18:44:37,541 - main - INFO - 마켓 가격 조회 완료: 604개 항목
2026-05-17 18:44:37,551 - main - INFO - [요청 완료] GET /items | 상태코드: 200 | ID: 2026-05-17T18:44:37.533780
2026-05-17 18:44:37,551 - main - INFO - [요청 시작] GET /items | 클라이언트: 127.0.0.1 | ID: 2026-05-17T18:44:37.551873
2026-05-17 18:44:37,551 - main - INFO - 마켓 가격 조회 요청: 검색어='None'
2026-05-17 18:44:37,558 - main - INFO - 마켓 가격 조회 완료: 604개 항목
2026-05-17 18:44:37,570 - main - INFO - [요청 완료] GET /items | 상태코드: 200 | ID: 2026-05-17T18:44:37.551873
2026-05-17 18:44:38,506 - main - INFO - [요청 시작] GET /api/storage/해표 꽃소금(1kg) | 클라이언트: 127.0.0.1 | ID: 2026-05-17T18:44:38.506924
2026-05-17 18:44:38,506 - main - INFO - 보관 가이드 조회 요청: item_name=해표 꽃소금(1kg)
2026-05-17 18:44:38,510 - main - INFO - 새로운 보관 가이드 생성 시작: item_name=해표 꽃소금(1kg)
2026-05-17 18:44:38,510 - services.ai_service - INFO - 보관 가이드 생성 시작: item_name=해표 꽃소금(1kg)
2026-05-17 18:44:38,594 - services.ai_service - ERROR - Gemini API 호출 실패 (보관 가이드): item_name=해표 꽃소금(1kg), 에러=400 API key not valid. Please pass a valid API key. [reason: "API_KEY_INVALID"
domain: "googleapis.com"
metadata {
  key: "service"
  value: "generativelanguage.googleapis.com"
}
, locale: "en-US"
message: "API key not valid. Please pass a valid API key."
]
Traceback (most recent call last):
  File "C:\Users\heee1\AppData\Local\Programs\Python\Python312\Lib\site-packages\google\api_core\grpc_helpers.py", line 55, in error_remapped_callable
    return callable_(*args, **kwargs)
           ^^^^^^^^^^^^^^^^^^^^^^^^^^
  File "C:\Users\heee1\AppData\Local\Programs\Python\Python312\Lib\site-packages\grpc\_interceptor.py", line 276, in __call__
    response, ignored_call = self._with_call(
                             ^^^^^^^^^^^^^^^^
  File "C:\Users\heee1\AppData\Local\Programs\Python\Python312\Lib\site-packages\grpc\_interceptor.py", line 331, in _with_call
    return call.result(), call
           ^^^^^^^^^^^^^
  File "C:\Users\heee1\AppData\Local\Programs\Python\Python312\Lib\site-packages\grpc\_channel.py", line 438, in result
    raise self
  File "C:\Users\heee1\AppData\Local\Programs\Python\Python312\Lib\site-packages\grpc\_interceptor.py", line 314, in continuation
    response, call = self._thunk(new_method).with_call(
                     ^^^^^^^^^^^^^^^^^^^^^^^^^^^^^^^^^^
  File "C:\Users\heee1\AppData\Local\Programs\Python\Python312\Lib\site-packages\grpc\_channel.py", line 1173, in with_call
    return _end_unary_response_blocking(state, call, True, None)
           ^^^^^^^^^^^^^^^^^^^^^^^^^^^^^^^^^^^^^^^^^^^^^^^^^^^^^
  File "C:\Users\heee1\AppData\Local\Programs\Python\Python312\Lib\site-packages\grpc\_channel.py", line 990, in _end_unary_response_blocking
    raise _InactiveRpcError(state)  # pytype: disable=not-instantiable
    ^^^^^^^^^^^^^^^^^^^^^^^^^^^^^^
grpc._channel._InactiveRpcError: <_InactiveRpcError of RPC that terminated with:
	status = StatusCode.INVALID_ARGUMENT
	details = "API key not valid. Please pass a valid API key."
	debug_error_string = "UNKNOWN:Error received from peer ipv4:216.239.34.223:443 {grpc_message:"API key not valid. Please pass a valid API key.", grpc_status:3}"
>

The above exception was the direct cause of the following exception:

Traceback (most recent call last):
  File "C:\dev\GitHub\eco-price-ai\backend\services\ai_service.py", line 145, in generate_storage_guide
    response = model.generate_content(prompt)
               ^^^^^^^^^^^^^^^^^^^^^^^^^^^^^^
  File "C:\Users\heee1\AppData\Local\Programs\Python\Python312\Lib\site-packages\google\generativeai\generative_models.py", line 331, in generate_content
    response = self._client.generate_content(
               ^^^^^^^^^^^^^^^^^^^^^^^^^^^^^^
  File "C:\Users\heee1\AppData\Local\Programs\Python\Python312\Lib\site-packages\google\ai\generativelanguage_v1beta\services\generative_service\client.py", line 835, in generate_content
    response = rpc(
               ^^^^
  File "C:\Users\heee1\AppData\Local\Programs\Python\Python312\Lib\site-packages\google\api_core\gapic_v1\method.py", line 128, in __call__
    return wrapped_func(*args, **kwargs)
           ^^^^^^^^^^^^^^^^^^^^^^^^^^^^^
  File "C:\Users\heee1\AppData\Local\Programs\Python\Python312\Lib\site-packages\google\api_core\retry\retry_unary.py", line 294, in retry_wrapped_func
    return retry_target(
           ^^^^^^^^^^^^^
  File "C:\Users\heee1\AppData\Local\Programs\Python\Python312\Lib\site-packages\google\api_core\retry\retry_unary.py", line 156, in retry_target
    next_sleep = _retry_error_helper(
                 ^^^^^^^^^^^^^^^^^^^^
  File "C:\Users\heee1\AppData\Local\Programs\Python\Python312\Lib\site-packages\google\api_core\retry\retry_base.py", line 216, in _retry_error_helper
    raise final_exc from source_exc
  File "C:\Users\heee1\AppData\Local\Programs\Python\Python312\Lib\site-packages\google\api_core\retry\retry_unary.py", line 147, in retry_target
    result = target()
             ^^^^^^^^
  File "C:\Users\heee1\AppData\Local\Programs\Python\Python312\Lib\site-packages\google\api_core\timeout.py", line 130, in func_with_timeout
    return func(*args, **kwargs)
           ^^^^^^^^^^^^^^^^^^^^^
  File "C:\Users\heee1\AppData\Local\Programs\Python\Python312\Lib\site-packages\google\api_core\grpc_helpers.py", line 57, in error_remapped_callable
    raise exceptions.from_grpc_error(exc) from exc
google.api_core.exceptions.InvalidArgument: 400 API key not valid. Please pass a valid API key. [reason: "API_KEY_INVALID"
domain: "googleapis.com"
metadata {
  key: "service"
  value: "generativelanguage.googleapis.com"
}
, locale: "en-US"
message: "API key not valid. Please pass a valid API key."
]
2026-05-17 18:44:38,596 - main - ERROR - 보관 가이드 생성 중 심각한 오류 발생: item_name=해표 꽃소금(1kg), 에러=Gemini API 호출 실패: 400 API key not valid. Please pass a valid API key. [reason: "API_KEY_INVALID"
domain: "googleapis.com"
metadata {
  key: "service"
  value: "generativelanguage.googleapis.com"
}
, locale: "en-US"
message: "API key not valid. Please pass a valid API key."
]
Traceback (most recent call last):
  File "C:\Users\heee1\AppData\Local\Programs\Python\Python312\Lib\site-packages\google\api_core\grpc_helpers.py", line 55, in error_remapped_callable
    return callable_(*args, **kwargs)
           ^^^^^^^^^^^^^^^^^^^^^^^^^^
  File "C:\Users\heee1\AppData\Local\Programs\Python\Python312\Lib\site-packages\grpc\_interceptor.py", line 276, in __call__
    response, ignored_call = self._with_call(
                             ^^^^^^^^^^^^^^^^
  File "C:\Users\heee1\AppData\Local\Programs\Python\Python312\Lib\site-packages\grpc\_interceptor.py", line 331, in _with_call
    return call.result(), call
           ^^^^^^^^^^^^^
  File "C:\Users\heee1\AppData\Local\Programs\Python\Python312\Lib\site-packages\grpc\_channel.py", line 438, in result
    raise self
  File "C:\Users\heee1\AppData\Local\Programs\Python\Python312\Lib\site-packages\grpc\_interceptor.py", line 314, in continuation
    response, call = self._thunk(new_method).with_call(
                     ^^^^^^^^^^^^^^^^^^^^^^^^^^^^^^^^^^
  File "C:\Users\heee1\AppData\Local\Programs\Python\Python312\Lib\site-packages\grpc\_channel.py", line 1173, in with_call
    return _end_unary_response_blocking(state, call, True, None)
           ^^^^^^^^^^^^^^^^^^^^^^^^^^^^^^^^^^^^^^^^^^^^^^^^^^^^^
  File "C:\Users\heee1\AppData\Local\Programs\Python\Python312\Lib\site-packages\grpc\_channel.py", line 990, in _end_unary_response_blocking
    raise _InactiveRpcError(state)  # pytype: disable=not-instantiable
    ^^^^^^^^^^^^^^^^^^^^^^^^^^^^^^
grpc._channel._InactiveRpcError: <_InactiveRpcError of RPC that terminated with:
	status = StatusCode.INVALID_ARGUMENT
	details = "API key not valid. Please pass a valid API key."
	debug_error_string = "UNKNOWN:Error received from peer ipv4:216.239.34.223:443 {grpc_message:"API key not valid. Please pass a valid API key.", grpc_status:3}"
>

The above exception was the direct cause of the following exception:

Traceback (most recent call last):
  File "C:\dev\GitHub\eco-price-ai\backend\services\ai_service.py", line 145, in generate_storage_guide
    response = model.generate_content(prompt)
               ^^^^^^^^^^^^^^^^^^^^^^^^^^^^^^
  File "C:\Users\heee1\AppData\Local\Programs\Python\Python312\Lib\site-packages\google\generativeai\generative_models.py", line 331, in generate_content
    response = self._client.generate_content(
               ^^^^^^^^^^^^^^^^^^^^^^^^^^^^^^
  File "C:\Users\heee1\AppData\Local\Programs\Python\Python312\Lib\site-packages\google\ai\generativelanguage_v1beta\services\generative_service\client.py", line 835, in generate_content
    response = rpc(
               ^^^^
  File "C:\Users\heee1\AppData\Local\Programs\Python\Python312\Lib\site-packages\google\api_core\gapic_v1\method.py", line 128, in __call__
    return wrapped_func(*args, **kwargs)
           ^^^^^^^^^^^^^^^^^^^^^^^^^^^^^
  File "C:\Users\heee1\AppData\Local\Programs\Python\Python312\Lib\site-packages\google\api_core\retry\retry_unary.py", line 294, in retry_wrapped_func
    return retry_target(
           ^^^^^^^^^^^^^
  File "C:\Users\heee1\AppData\Local\Programs\Python\Python312\Lib\site-packages\google\api_core\retry\retry_unary.py", line 156, in retry_target
    next_sleep = _retry_error_helper(
                 ^^^^^^^^^^^^^^^^^^^^
  File "C:\Users\heee1\AppData\Local\Programs\Python\Python312\Lib\site-packages\google\api_core\retry\retry_base.py", line 216, in _retry_error_helper
    raise final_exc from source_exc
  File "C:\Users\heee1\AppData\Local\Programs\Python\Python312\Lib\site-packages\google\api_core\retry\retry_unary.py", line 147, in retry_target
    result = target()
             ^^^^^^^^
  File "C:\Users\heee1\AppData\Local\Programs\Python\Python312\Lib\site-packages\google\api_core\timeout.py", line 130, in func_with_timeout
    return func(*args, **kwargs)
           ^^^^^^^^^^^^^^^^^^^^^
  File "C:\Users\heee1\AppData\Local\Programs\Python\Python312\Lib\site-packages\google\api_core\grpc_helpers.py", line 57, in error_remapped_callable
    raise exceptions.from_grpc_error(exc) from exc
google.api_core.exceptions.InvalidArgument: 400 API key not valid. Please pass a valid API key. [reason: "API_KEY_INVALID"
domain: "googleapis.com"
metadata {
  key: "service"
  value: "generativelanguage.googleapis.com"
}
, locale: "en-US"
message: "API key not valid. Please pass a valid API key."
]

During handling of the above exception, another exception occurred:

Traceback (most recent call last):
  File "C:\dev\GitHub\eco-price-ai\backend\main.py", line 217, in get_storage_guide
    storage_data = generate_storage_guide(item_name)
                   ^^^^^^^^^^^^^^^^^^^^^^^^^^^^^^^^^
  File "C:\dev\GitHub\eco-price-ai\backend\services\ai_service.py", line 173, in generate_storage_guide
    raise Exception(f"Gemini API 호출 실패: {str(e)}")
Exception: Gemini API 호출 실패: 400 API key not valid. Please pass a valid API key. [reason: "API_KEY_INVALID"
domain: "googleapis.com"
metadata {
  key: "service"
  value: "generativelanguage.googleapis.com"
}
, locale: "en-US"
message: "API key not valid. Please pass a valid API key."
]
2026-05-17 18:44:38,600 - database - ERROR - 데이터베이스 세션 중 오류 발생: 500: 보관 가이드 생성 오류: Gemini API 호출 실패: 400 API key not valid. Please pass a valid API key. [reason: "API_KEY_INVALID"
domain: "googleapis.com"
metadata {
  key: "service"
  value: "generativelanguage.googleapis.com"
}
, locale: "en-US"
message: "API key not valid. Please pass a valid API key."
]
Traceback (most recent call last):
  File "C:\Users\heee1\AppData\Local\Programs\Python\Python312\Lib\site-packages\google\api_core\grpc_helpers.py", line 55, in error_remapped_callable
    return callable_(*args, **kwargs)
           ^^^^^^^^^^^^^^^^^^^^^^^^^^
  File "C:\Users\heee1\AppData\Local\Programs\Python\Python312\Lib\site-packages\grpc\_interceptor.py", line 276, in __call__
    response, ignored_call = self._with_call(
                             ^^^^^^^^^^^^^^^^
  File "C:\Users\heee1\AppData\Local\Programs\Python\Python312\Lib\site-packages\grpc\_interceptor.py", line 331, in _with_call
    return call.result(), call
           ^^^^^^^^^^^^^
  File "C:\Users\heee1\AppData\Local\Programs\Python\Python312\Lib\site-packages\grpc\_channel.py", line 438, in result
    raise self
  File "C:\Users\heee1\AppData\Local\Programs\Python\Python312\Lib\site-packages\grpc\_interceptor.py", line 314, in continuation
    response, call = self._thunk(new_method).with_call(
                     ^^^^^^^^^^^^^^^^^^^^^^^^^^^^^^^^^^
  File "C:\Users\heee1\AppData\Local\Programs\Python\Python312\Lib\site-packages\grpc\_channel.py", line 1173, in with_call
    return _end_unary_response_blocking(state, call, True, None)
           ^^^^^^^^^^^^^^^^^^^^^^^^^^^^^^^^^^^^^^^^^^^^^^^^^^^^^
  File "C:\Users\heee1\AppData\Local\Programs\Python\Python312\Lib\site-packages\grpc\_channel.py", line 990, in _end_unary_response_blocking
    raise _InactiveRpcError(state)  # pytype: disable=not-instantiable
    ^^^^^^^^^^^^^^^^^^^^^^^^^^^^^^
grpc._channel._InactiveRpcError: <_InactiveRpcError of RPC that terminated with:
	status = StatusCode.INVALID_ARGUMENT
	details = "API key not valid. Please pass a valid API key."
	debug_error_string = "UNKNOWN:Error received from peer ipv4:216.239.34.223:443 {grpc_message:"API key not valid. Please pass a valid API key.", grpc_status:3}"
>

The above exception was the direct cause of the following exception:

Traceback (most recent call last):
  File "C:\dev\GitHub\eco-price-ai\backend\services\ai_service.py", line 145, in generate_storage_guide
    response = model.generate_content(prompt)
               ^^^^^^^^^^^^^^^^^^^^^^^^^^^^^^
  File "C:\Users\heee1\AppData\Local\Programs\Python\Python312\Lib\site-packages\google\generativeai\generative_models.py", line 331, in generate_content
    response = self._client.generate_content(
               ^^^^^^^^^^^^^^^^^^^^^^^^^^^^^^
  File "C:\Users\heee1\AppData\Local\Programs\Python\Python312\Lib\site-packages\google\ai\generativelanguage_v1beta\services\generative_service\client.py", line 835, in generate_content
    response = rpc(
               ^^^^
  File "C:\Users\heee1\AppData\Local\Programs\Python\Python312\Lib\site-packages\google\api_core\gapic_v1\method.py", line 128, in __call__
    return wrapped_func(*args, **kwargs)
           ^^^^^^^^^^^^^^^^^^^^^^^^^^^^^
  File "C:\Users\heee1\AppData\Local\Programs\Python\Python312\Lib\site-packages\google\api_core\retry\retry_unary.py", line 294, in retry_wrapped_func
    return retry_target(
           ^^^^^^^^^^^^^
  File "C:\Users\heee1\AppData\Local\Programs\Python\Python312\Lib\site-packages\google\api_core\retry\retry_unary.py", line 156, in retry_target
    next_sleep = _retry_error_helper(
                 ^^^^^^^^^^^^^^^^^^^^
  File "C:\Users\heee1\AppData\Local\Programs\Python\Python312\Lib\site-packages\google\api_core\retry\retry_base.py", line 216, in _retry_error_helper
    raise final_exc from source_exc
  File "C:\Users\heee1\AppData\Local\Programs\Python\Python312\Lib\site-packages\google\api_core\retry\retry_unary.py", line 147, in retry_target
    result = target()
             ^^^^^^^^
  File "C:\Users\heee1\AppData\Local\Programs\Python\Python312\Lib\site-packages\google\api_core\timeout.py", line 130, in func_with_timeout
    return func(*args, **kwargs)
           ^^^^^^^^^^^^^^^^^^^^^
  File "C:\Users\heee1\AppData\Local\Programs\Python\Python312\Lib\site-packages\google\api_core\grpc_helpers.py", line 57, in error_remapped_callable
    raise exceptions.from_grpc_error(exc) from exc
google.api_core.exceptions.InvalidArgument: 400 API key not valid. Please pass a valid API key. [reason: "API_KEY_INVALID"
domain: "googleapis.com"
metadata {
  key: "service"
  value: "generativelanguage.googleapis.com"
}
, locale: "en-US"
message: "API key not valid. Please pass a valid API key."
]

During handling of the above exception, another exception occurred:

Traceback (most recent call last):
  File "C:\dev\GitHub\eco-price-ai\backend\main.py", line 217, in get_storage_guide
    storage_data = generate_storage_guide(item_name)
                   ^^^^^^^^^^^^^^^^^^^^^^^^^^^^^^^^^
  File "C:\dev\GitHub\eco-price-ai\backend\services\ai_service.py", line 173, in generate_storage_guide
    raise Exception(f"Gemini API 호출 실패: {str(e)}")
Exception: Gemini API 호출 실패: 400 API key not valid. Please pass a valid API key. [reason: "API_KEY_INVALID"
domain: "googleapis.com"
metadata {
  key: "service"
  value: "generativelanguage.googleapis.com"
}
, locale: "en-US"
message: "API key not valid. Please pass a valid API key."
]

During handling of the above exception, another exception occurred:

Traceback (most recent call last):
  File "C:\dev\GitHub\eco-price-ai\backend\database.py", line 53, in get_db
    yield db
  File "C:\Users\heee1\AppData\Local\Programs\Python\Python312\Lib\site-packages\fastapi\concurrency.py", line 29, in contextmanager_in_threadpool
    yield await run_in_threadpool(cm.__enter__)
  File "C:\Users\heee1\AppData\Local\Programs\Python\Python312\Lib\site-packages\fastapi\routing.py", line 120, in app
    response = await f(request)
               ^^^^^^^^^^^^^^^^
  File "C:\Users\heee1\AppData\Local\Programs\Python\Python312\Lib\site-packages\fastapi\routing.py", line 674, in app
    raw_response = await run_endpoint_function(
                   ^^^^^^^^^^^^^^^^^^^^^^^^^^^^
  File "C:\Users\heee1\AppData\Local\Programs\Python\Python312\Lib\site-packages\fastapi\routing.py", line 330, in run_endpoint_function
    return await run_in_threadpool(dependant.call, **values)
           ^^^^^^^^^^^^^^^^^^^^^^^^^^^^^^^^^^^^^^^^^^^^^^^^^
  File "C:\Users\heee1\AppData\Local\Programs\Python\Python312\Lib\site-packages\starlette\concurrency.py", line 32, in run_in_threadpool
    return await anyio.to_thread.run_sync(func)
           ^^^^^^^^^^^^^^^^^^^^^^^^^^^^^^^^^^^^
  File "C:\Users\heee1\AppData\Local\Programs\Python\Python312\Lib\site-packages\anyio\to_thread.py", line 63, in run_sync
    return await get_async_backend().run_sync_in_worker_thread(
           ^^^^^^^^^^^^^^^^^^^^^^^^^^^^^^^^^^^^^^^^^^^^^^^^^^^^
  File "C:\Users\heee1\AppData\Local\Programs\Python\Python312\Lib\site-packages\anyio\_backends\_asyncio.py", line 2518, in run_sync_in_worker_thread
    return await future
           ^^^^^^^^^^^^
  File "C:\Users\heee1\AppData\Local\Programs\Python\Python312\Lib\site-packages\anyio\_backends\_asyncio.py", line 1002, in run
    result = context.run(func, *args)
             ^^^^^^^^^^^^^^^^^^^^^^^^
  File "C:\dev\GitHub\eco-price-ai\backend\main.py", line 242, in get_storage_guide
    raise HTTPException(status_code=500, detail=f"보관 가이드 생성 오류: {str(e)}")
fastapi.exceptions.HTTPException: 500: 보관 가이드 생성 오류: Gemini API 호출 실패: 400 API key not valid. Please pass a valid API key. [reason: "API_KEY_INVALID"
domain: "googleapis.com"
metadata {
  key: "service"
  value: "generativelanguage.googleapis.com"
}
, locale: "en-US"
message: "API key not valid. Please pass a valid API key."
]
2026-05-17 18:44:38,601 - main - INFO - [요청 완료] GET /api/storage/해표 꽃소금(1kg) | 상태코드: 500 | ID: 2026-05-17T18:44:38.506924
2026-05-17 18:44:45,957 - main - INFO - [요청 시작] GET /items | 클라이언트: 127.0.0.1 | ID: 2026-05-17T18:44:45.957349
2026-05-17 18:44:45,958 - main - INFO - 마켓 가격 조회 요청: 검색어='None'
2026-05-17 18:44:45,968 - main - INFO - 마켓 가격 조회 완료: 604개 항목
2026-05-17 18:44:45,983 - main - INFO - [요청 완료] GET /items | 상태코드: 200 | ID: 2026-05-17T18:44:45.957349
2026-05-17 18:44:45,984 - main - INFO - [요청 시작] GET /items | 클라이언트: 127.0.0.1 | ID: 2026-05-17T18:44:45.984274
2026-05-17 18:44:45,984 - main - INFO - 마켓 가격 조회 요청: 검색어='None'
2026-05-17 18:44:45,992 - main - INFO - 마켓 가격 조회 완료: 604개 항목
2026-05-17 18:44:46,005 - main - INFO - [요청 완료] GET /items | 상태코드: 200 | ID: 2026-05-17T18:44:45.984274
2026-05-17 18:44:48,614 - main - INFO - [요청 시작] GET /api/storage/해표 꽃소금(1kg) | 클라이언트: 127.0.0.1 | ID: 2026-05-17T18:44:48.614130
2026-05-17 18:44:48,615 - main - INFO - 보관 가이드 조회 요청: item_name=해표 꽃소금(1kg)
2026-05-17 18:44:48,619 - main - INFO - 새로운 보관 가이드 생성 시작: item_name=해표 꽃소금(1kg)
2026-05-17 18:44:48,619 - services.ai_service - INFO - 보관 가이드 생성 시작: item_name=해표 꽃소금(1kg)
2026-05-17 18:44:48,704 - services.ai_service - ERROR - Gemini API 호출 실패 (보관 가이드): item_name=해표 꽃소금(1kg), 에러=400 API key not valid. Please pass a valid API key. [reason: "API_KEY_INVALID"
domain: "googleapis.com"
metadata {
  key: "service"
  value: "generativelanguage.googleapis.com"
}
, locale: "en-US"
message: "API key not valid. Please pass a valid API key."
]
Traceback (most recent call last):
  File "C:\Users\heee1\AppData\Local\Programs\Python\Python312\Lib\site-packages\google\api_core\grpc_helpers.py", line 55, in error_remapped_callable
    return callable_(*args, **kwargs)
           ^^^^^^^^^^^^^^^^^^^^^^^^^^
  File "C:\Users\heee1\AppData\Local\Programs\Python\Python312\Lib\site-packages\grpc\_interceptor.py", line 276, in __call__
    response, ignored_call = self._with_call(
                             ^^^^^^^^^^^^^^^^
  File "C:\Users\heee1\AppData\Local\Programs\Python\Python312\Lib\site-packages\grpc\_interceptor.py", line 331, in _with_call
    return call.result(), call
           ^^^^^^^^^^^^^
  File "C:\Users\heee1\AppData\Local\Programs\Python\Python312\Lib\site-packages\grpc\_channel.py", line 438, in result
    raise self
  File "C:\Users\heee1\AppData\Local\Programs\Python\Python312\Lib\site-packages\grpc\_interceptor.py", line 314, in continuation
    response, call = self._thunk(new_method).with_call(
                     ^^^^^^^^^^^^^^^^^^^^^^^^^^^^^^^^^^
  File "C:\Users\heee1\AppData\Local\Programs\Python\Python312\Lib\site-packages\grpc\_channel.py", line 1173, in with_call
    return _end_unary_response_blocking(state, call, True, None)
           ^^^^^^^^^^^^^^^^^^^^^^^^^^^^^^^^^^^^^^^^^^^^^^^^^^^^^
  File "C:\Users\heee1\AppData\Local\Programs\Python\Python312\Lib\site-packages\grpc\_channel.py", line 990, in _end_unary_response_blocking
    raise _InactiveRpcError(state)  # pytype: disable=not-instantiable
    ^^^^^^^^^^^^^^^^^^^^^^^^^^^^^^
grpc._channel._InactiveRpcError: <_InactiveRpcError of RPC that terminated with:
	status = StatusCode.INVALID_ARGUMENT
	details = "API key not valid. Please pass a valid API key."
	debug_error_string = "UNKNOWN:Error received from peer ipv4:216.239.34.223:443 {grpc_status:3, grpc_message:"API key not valid. Please pass a valid API key."}"
>

The above exception was the direct cause of the following exception:

Traceback (most recent call last):
  File "C:\dev\GitHub\eco-price-ai\backend\services\ai_service.py", line 145, in generate_storage_guide
    response = model.generate_content(prompt)
               ^^^^^^^^^^^^^^^^^^^^^^^^^^^^^^
  File "C:\Users\heee1\AppData\Local\Programs\Python\Python312\Lib\site-packages\google\generativeai\generative_models.py", line 331, in generate_content
    response = self._client.generate_content(
               ^^^^^^^^^^^^^^^^^^^^^^^^^^^^^^
  File "C:\Users\heee1\AppData\Local\Programs\Python\Python312\Lib\site-packages\google\ai\generativelanguage_v1beta\services\generative_service\client.py", line 835, in generate_content
    response = rpc(
               ^^^^
  File "C:\Users\heee1\AppData\Local\Programs\Python\Python312\Lib\site-packages\google\api_core\gapic_v1\method.py", line 128, in __call__
    return wrapped_func(*args, **kwargs)
           ^^^^^^^^^^^^^^^^^^^^^^^^^^^^^
  File "C:\Users\heee1\AppData\Local\Programs\Python\Python312\Lib\site-packages\google\api_core\retry\retry_unary.py", line 294, in retry_wrapped_func
    return retry_target(
           ^^^^^^^^^^^^^
  File "C:\Users\heee1\AppData\Local\Programs\Python\Python312\Lib\site-packages\google\api_core\retry\retry_unary.py", line 156, in retry_target
    next_sleep = _retry_error_helper(
                 ^^^^^^^^^^^^^^^^^^^^
  File "C:\Users\heee1\AppData\Local\Programs\Python\Python312\Lib\site-packages\google\api_core\retry\retry_base.py", line 216, in _retry_error_helper
    raise final_exc from source_exc
  File "C:\Users\heee1\AppData\Local\Programs\Python\Python312\Lib\site-packages\google\api_core\retry\retry_unary.py", line 147, in retry_target
    result = target()
             ^^^^^^^^
  File "C:\Users\heee1\AppData\Local\Programs\Python\Python312\Lib\site-packages\google\api_core\timeout.py", line 130, in func_with_timeout
    return func(*args, **kwargs)
           ^^^^^^^^^^^^^^^^^^^^^
  File "C:\Users\heee1\AppData\Local\Programs\Python\Python312\Lib\site-packages\google\api_core\grpc_helpers.py", line 57, in error_remapped_callable
    raise exceptions.from_grpc_error(exc) from exc
google.api_core.exceptions.InvalidArgument: 400 API key not valid. Please pass a valid API key. [reason: "API_KEY_INVALID"
domain: "googleapis.com"
metadata {
  key: "service"
  value: "generativelanguage.googleapis.com"
}
, locale: "en-US"
message: "API key not valid. Please pass a valid API key."
]
2026-05-17 18:44:48,707 - main - ERROR - 보관 가이드 생성 중 심각한 오류 발생: item_name=해표 꽃소금(1kg), 에러=Gemini API 호출 실패: 400 API key not valid. Please pass a valid API key. [reason: "API_KEY_INVALID"
domain: "googleapis.com"
metadata {
  key: "service"
  value: "generativelanguage.googleapis.com"
}
, locale: "en-US"
message: "API key not valid. Please pass a valid API key."
]
Traceback (most recent call last):
  File "C:\Users\heee1\AppData\Local\Programs\Python\Python312\Lib\site-packages\google\api_core\grpc_helpers.py", line 55, in error_remapped_callable
    return callable_(*args, **kwargs)
           ^^^^^^^^^^^^^^^^^^^^^^^^^^
  File "C:\Users\heee1\AppData\Local\Programs\Python\Python312\Lib\site-packages\grpc\_interceptor.py", line 276, in __call__
    response, ignored_call = self._with_call(
                             ^^^^^^^^^^^^^^^^
  File "C:\Users\heee1\AppData\Local\Programs\Python\Python312\Lib\site-packages\grpc\_interceptor.py", line 331, in _with_call
    return call.result(), call
           ^^^^^^^^^^^^^
  File "C:\Users\heee1\AppData\Local\Programs\Python\Python312\Lib\site-packages\grpc\_channel.py", line 438, in result
    raise self
  File "C:\Users\heee1\AppData\Local\Programs\Python\Python312\Lib\site-packages\grpc\_interceptor.py", line 314, in continuation
    response, call = self._thunk(new_method).with_call(
                     ^^^^^^^^^^^^^^^^^^^^^^^^^^^^^^^^^^
  File "C:\Users\heee1\AppData\Local\Programs\Python\Python312\Lib\site-packages\grpc\_channel.py", line 1173, in with_call
    return _end_unary_response_blocking(state, call, True, None)
           ^^^^^^^^^^^^^^^^^^^^^^^^^^^^^^^^^^^^^^^^^^^^^^^^^^^^^
  File "C:\Users\heee1\AppData\Local\Programs\Python\Python312\Lib\site-packages\grpc\_channel.py", line 990, in _end_unary_response_blocking
    raise _InactiveRpcError(state)  # pytype: disable=not-instantiable
    ^^^^^^^^^^^^^^^^^^^^^^^^^^^^^^
grpc._channel._InactiveRpcError: <_InactiveRpcError of RPC that terminated with:
	status = StatusCode.INVALID_ARGUMENT
	details = "API key not valid. Please pass a valid API key."
	debug_error_string = "UNKNOWN:Error received from peer ipv4:216.239.34.223:443 {grpc_status:3, grpc_message:"API key not valid. Please pass a valid API key."}"
>

The above exception was the direct cause of the following exception:

Traceback (most recent call last):
  File "C:\dev\GitHub\eco-price-ai\backend\services\ai_service.py", line 145, in generate_storage_guide
    response = model.generate_content(prompt)
               ^^^^^^^^^^^^^^^^^^^^^^^^^^^^^^
  File "C:\Users\heee1\AppData\Local\Programs\Python\Python312\Lib\site-packages\google\generativeai\generative_models.py", line 331, in generate_content
    response = self._client.generate_content(
               ^^^^^^^^^^^^^^^^^^^^^^^^^^^^^^
  File "C:\Users\heee1\AppData\Local\Programs\Python\Python312\Lib\site-packages\google\ai\generativelanguage_v1beta\services\generative_service\client.py", line 835, in generate_content
    response = rpc(
               ^^^^
  File "C:\Users\heee1\AppData\Local\Programs\Python\Python312\Lib\site-packages\google\api_core\gapic_v1\method.py", line 128, in __call__
    return wrapped_func(*args, **kwargs)
           ^^^^^^^^^^^^^^^^^^^^^^^^^^^^^
  File "C:\Users\heee1\AppData\Local\Programs\Python\Python312\Lib\site-packages\google\api_core\retry\retry_unary.py", line 294, in retry_wrapped_func
    return retry_target(
           ^^^^^^^^^^^^^
  File "C:\Users\heee1\AppData\Local\Programs\Python\Python312\Lib\site-packages\google\api_core\retry\retry_unary.py", line 156, in retry_target
    next_sleep = _retry_error_helper(
                 ^^^^^^^^^^^^^^^^^^^^
  File "C:\Users\heee1\AppData\Local\Programs\Python\Python312\Lib\site-packages\google\api_core\retry\retry_base.py", line 216, in _retry_error_helper
    raise final_exc from source_exc
  File "C:\Users\heee1\AppData\Local\Programs\Python\Python312\Lib\site-packages\google\api_core\retry\retry_unary.py", line 147, in retry_target
    result = target()
             ^^^^^^^^
  File "C:\Users\heee1\AppData\Local\Programs\Python\Python312\Lib\site-packages\google\api_core\timeout.py", line 130, in func_with_timeout
    return func(*args, **kwargs)
           ^^^^^^^^^^^^^^^^^^^^^
  File "C:\Users\heee1\AppData\Local\Programs\Python\Python312\Lib\site-packages\google\api_core\grpc_helpers.py", line 57, in error_remapped_callable
    raise exceptions.from_grpc_error(exc) from exc
google.api_core.exceptions.InvalidArgument: 400 API key not valid. Please pass a valid API key. [reason: "API_KEY_INVALID"
domain: "googleapis.com"
metadata {
  key: "service"
  value: "generativelanguage.googleapis.com"
}
, locale: "en-US"
message: "API key not valid. Please pass a valid API key."
]

During handling of the above exception, another exception occurred:

Traceback (most recent call last):
  File "C:\dev\GitHub\eco-price-ai\backend\main.py", line 217, in get_storage_guide
    storage_data = generate_storage_guide(item_name)
                   ^^^^^^^^^^^^^^^^^^^^^^^^^^^^^^^^^
  File "C:\dev\GitHub\eco-price-ai\backend\services\ai_service.py", line 173, in generate_storage_guide
    raise Exception(f"Gemini API 호출 실패: {str(e)}")
Exception: Gemini API 호출 실패: 400 API key not valid. Please pass a valid API key. [reason: "API_KEY_INVALID"
domain: "googleapis.com"
metadata {
  key: "service"
  value: "generativelanguage.googleapis.com"
}
, locale: "en-US"
message: "API key not valid. Please pass a valid API key."
]
2026-05-17 18:44:48,713 - database - ERROR - 데이터베이스 세션 중 오류 발생: 500: 보관 가이드 생성 오류: Gemini API 호출 실패: 400 API key not valid. Please pass a valid API key. [reason: "API_KEY_INVALID"
domain: "googleapis.com"
metadata {
  key: "service"
  value: "generativelanguage.googleapis.com"
}
, locale: "en-US"
message: "API key not valid. Please pass a valid API key."
]
Traceback (most recent call last):
  File "C:\Users\heee1\AppData\Local\Programs\Python\Python312\Lib\site-packages\google\api_core\grpc_helpers.py", line 55, in error_remapped_callable
    return callable_(*args, **kwargs)
           ^^^^^^^^^^^^^^^^^^^^^^^^^^
  File "C:\Users\heee1\AppData\Local\Programs\Python\Python312\Lib\site-packages\grpc\_interceptor.py", line 276, in __call__
    response, ignored_call = self._with_call(
                             ^^^^^^^^^^^^^^^^
  File "C:\Users\heee1\AppData\Local\Programs\Python\Python312\Lib\site-packages\grpc\_interceptor.py", line 331, in _with_call
    return call.result(), call
           ^^^^^^^^^^^^^
  File "C:\Users\heee1\AppData\Local\Programs\Python\Python312\Lib\site-packages\grpc\_channel.py", line 438, in result
    raise self
  File "C:\Users\heee1\AppData\Local\Programs\Python\Python312\Lib\site-packages\grpc\_interceptor.py", line 314, in continuation
    response, call = self._thunk(new_method).with_call(
                     ^^^^^^^^^^^^^^^^^^^^^^^^^^^^^^^^^^
  File "C:\Users\heee1\AppData\Local\Programs\Python\Python312\Lib\site-packages\grpc\_channel.py", line 1173, in with_call
    return _end_unary_response_blocking(state, call, True, None)
           ^^^^^^^^^^^^^^^^^^^^^^^^^^^^^^^^^^^^^^^^^^^^^^^^^^^^^
  File "C:\Users\heee1\AppData\Local\Programs\Python\Python312\Lib\site-packages\grpc\_channel.py", line 990, in _end_unary_response_blocking
    raise _InactiveRpcError(state)  # pytype: disable=not-instantiable
    ^^^^^^^^^^^^^^^^^^^^^^^^^^^^^^
grpc._channel._InactiveRpcError: <_InactiveRpcError of RPC that terminated with:
	status = StatusCode.INVALID_ARGUMENT
	details = "API key not valid. Please pass a valid API key."
	debug_error_string = "UNKNOWN:Error received from peer ipv4:216.239.34.223:443 {grpc_status:3, grpc_message:"API key not valid. Please pass a valid API key."}"
>

The above exception was the direct cause of the following exception:

Traceback (most recent call last):
  File "C:\dev\GitHub\eco-price-ai\backend\services\ai_service.py", line 145, in generate_storage_guide
    response = model.generate_content(prompt)
               ^^^^^^^^^^^^^^^^^^^^^^^^^^^^^^
  File "C:\Users\heee1\AppData\Local\Programs\Python\Python312\Lib\site-packages\google\generativeai\generative_models.py", line 331, in generate_content
    response = self._client.generate_content(
               ^^^^^^^^^^^^^^^^^^^^^^^^^^^^^^
  File "C:\Users\heee1\AppData\Local\Programs\Python\Python312\Lib\site-packages\google\ai\generativelanguage_v1beta\services\generative_service\client.py", line 835, in generate_content
    response = rpc(
               ^^^^
  File "C:\Users\heee1\AppData\Local\Programs\Python\Python312\Lib\site-packages\google\api_core\gapic_v1\method.py", line 128, in __call__
    return wrapped_func(*args, **kwargs)
           ^^^^^^^^^^^^^^^^^^^^^^^^^^^^^
  File "C:\Users\heee1\AppData\Local\Programs\Python\Python312\Lib\site-packages\google\api_core\retry\retry_unary.py", line 294, in retry_wrapped_func
    return retry_target(
           ^^^^^^^^^^^^^
  File "C:\Users\heee1\AppData\Local\Programs\Python\Python312\Lib\site-packages\google\api_core\retry\retry_unary.py", line 156, in retry_target
    next_sleep = _retry_error_helper(
                 ^^^^^^^^^^^^^^^^^^^^
  File "C:\Users\heee1\AppData\Local\Programs\Python\Python312\Lib\site-packages\google\api_core\retry\retry_base.py", line 216, in _retry_error_helper
    raise final_exc from source_exc
  File "C:\Users\heee1\AppData\Local\Programs\Python\Python312\Lib\site-packages\google\api_core\retry\retry_unary.py", line 147, in retry_target
    result = target()
             ^^^^^^^^
  File "C:\Users\heee1\AppData\Local\Programs\Python\Python312\Lib\site-packages\google\api_core\timeout.py", line 130, in func_with_timeout
    return func(*args, **kwargs)
           ^^^^^^^^^^^^^^^^^^^^^
  File "C:\Users\heee1\AppData\Local\Programs\Python\Python312\Lib\site-packages\google\api_core\grpc_helpers.py", line 57, in error_remapped_callable
    raise exceptions.from_grpc_error(exc) from exc
google.api_core.exceptions.InvalidArgument: 400 API key not valid. Please pass a valid API key. [reason: "API_KEY_INVALID"
domain: "googleapis.com"
metadata {
  key: "service"
  value: "generativelanguage.googleapis.com"
}
, locale: "en-US"
message: "API key not valid. Please pass a valid API key."
]

During handling of the above exception, another exception occurred:

Traceback (most recent call last):
  File "C:\dev\GitHub\eco-price-ai\backend\main.py", line 217, in get_storage_guide
    storage_data = generate_storage_guide(item_name)
                   ^^^^^^^^^^^^^^^^^^^^^^^^^^^^^^^^^
  File "C:\dev\GitHub\eco-price-ai\backend\services\ai_service.py", line 173, in generate_storage_guide
    raise Exception(f"Gemini API 호출 실패: {str(e)}")
Exception: Gemini API 호출 실패: 400 API key not valid. Please pass a valid API key. [reason: "API_KEY_INVALID"
domain: "googleapis.com"
metadata {
  key: "service"
  value: "generativelanguage.googleapis.com"
}
, locale: "en-US"
message: "API key not valid. Please pass a valid API key."
]

During handling of the above exception, another exception occurred:

Traceback (most recent call last):
  File "C:\dev\GitHub\eco-price-ai\backend\database.py", line 53, in get_db
    yield db
  File "C:\Users\heee1\AppData\Local\Programs\Python\Python312\Lib\site-packages\fastapi\concurrency.py", line 29, in contextmanager_in_threadpool
    yield await run_in_threadpool(cm.__enter__)
  File "C:\Users\heee1\AppData\Local\Programs\Python\Python312\Lib\site-packages\fastapi\routing.py", line 120, in app
    response = await f(request)
               ^^^^^^^^^^^^^^^^
  File "C:\Users\heee1\AppData\Local\Programs\Python\Python312\Lib\site-packages\fastapi\routing.py", line 674, in app
    raw_response = await run_endpoint_function(
                   ^^^^^^^^^^^^^^^^^^^^^^^^^^^^
  File "C:\Users\heee1\AppData\Local\Programs\Python\Python312\Lib\site-packages\fastapi\routing.py", line 330, in run_endpoint_function
    return await run_in_threadpool(dependant.call, **values)
           ^^^^^^^^^^^^^^^^^^^^^^^^^^^^^^^^^^^^^^^^^^^^^^^^^
  File "C:\Users\heee1\AppData\Local\Programs\Python\Python312\Lib\site-packages\starlette\concurrency.py", line 32, in run_in_threadpool
    return await anyio.to_thread.run_sync(func)
           ^^^^^^^^^^^^^^^^^^^^^^^^^^^^^^^^^^^^
  File "C:\Users\heee1\AppData\Local\Programs\Python\Python312\Lib\site-packages\anyio\to_thread.py", line 63, in run_sync
    return await get_async_backend().run_sync_in_worker_thread(
           ^^^^^^^^^^^^^^^^^^^^^^^^^^^^^^^^^^^^^^^^^^^^^^^^^^^^
  File "C:\Users\heee1\AppData\Local\Programs\Python\Python312\Lib\site-packages\anyio\_backends\_asyncio.py", line 2518, in run_sync_in_worker_thread
    return await future
           ^^^^^^^^^^^^
  File "C:\Users\heee1\AppData\Local\Programs\Python\Python312\Lib\site-packages\anyio\_backends\_asyncio.py", line 1002, in run
    result = context.run(func, *args)
             ^^^^^^^^^^^^^^^^^^^^^^^^
  File "C:\dev\GitHub\eco-price-ai\backend\main.py", line 242, in get_storage_guide
    raise HTTPException(status_code=500, detail=f"보관 가이드 생성 오류: {str(e)}")
fastapi.exceptions.HTTPException: 500: 보관 가이드 생성 오류: Gemini API 호출 실패: 400 API key not valid. Please pass a valid API key. [reason: "API_KEY_INVALID"
domain: "googleapis.com"
metadata {
  key: "service"
  value: "generativelanguage.googleapis.com"
}
, locale: "en-US"
message: "API key not valid. Please pass a valid API key."
]
2026-05-17 18:44:48,713 - main - INFO - [요청 완료] GET /api/storage/해표 꽃소금(1kg) | 상태코드: 500 | ID: 2026-05-17T18:44:48.614130
2026-05-17 18:48:43,645 - main - INFO - FastAPI 애플리케이션 시작
2026-05-17 18:48:54,808 - main - INFO - [요청 시작] GET /items | 클라이언트: 127.0.0.1 | ID: 2026-05-17T18:48:54.807606
2026-05-17 18:48:54,810 - main - INFO - 마켓 가격 조회 요청: 검색어='None'
2026-05-17 18:48:54,870 - main - INFO - 마켓 가격 조회 완료: 604개 항목
2026-05-17 18:48:54,881 - main - INFO - [요청 완료] GET /items | 상태코드: 200 | ID: 2026-05-17T18:48:54.807606
2026-05-17 18:48:54,884 - main - INFO - [요청 시작] GET /items | 클라이언트: 127.0.0.1 | ID: 2026-05-17T18:48:54.884915
2026-05-17 18:48:54,887 - main - INFO - 마켓 가격 조회 요청: 검색어='None'
2026-05-17 18:48:54,895 - main - INFO - 마켓 가격 조회 완료: 604개 항목
2026-05-17 18:48:54,905 - main - INFO - [요청 완료] GET /items | 상태코드: 200 | ID: 2026-05-17T18:48:54.884915
2026-05-17 18:49:06,701 - main - INFO - [요청 시작] GET /api/storage/해표 꽃소금(1kg) | 클라이언트: 127.0.0.1 | ID: 2026-05-17T18:49:06.701527
2026-05-17 18:49:06,706 - main - INFO - 보관 가이드 조회 요청: item_name=해표 꽃소금(1kg)
2026-05-17 18:49:06,710 - main - INFO - 새로운 보관 가이드 생성 시작: item_name=해표 꽃소금(1kg)
2026-05-17 18:49:06,711 - services.ai_service - INFO - 보관 가이드 생성 시작: item_name=해표 꽃소금(1kg)
2026-05-17 18:49:07,911 - services.ai_service - ERROR - Gemini API 호출 실패 (보관 가이드): item_name=해표 꽃소금(1kg), 에러=404 models/gemini-1.5-pro is not found for API version v1beta, or is not supported for generateContent. Call ModelService.ListModels to see the list of available models and their supported methods.
Traceback (most recent call last):
  File "C:\Users\heee1\AppData\Local\Programs\Python\Python312\Lib\site-packages\google\api_core\grpc_helpers.py", line 55, in error_remapped_callable
    return callable_(*args, **kwargs)
           ^^^^^^^^^^^^^^^^^^^^^^^^^^
  File "C:\Users\heee1\AppData\Local\Programs\Python\Python312\Lib\site-packages\grpc\_interceptor.py", line 276, in __call__
    response, ignored_call = self._with_call(
                             ^^^^^^^^^^^^^^^^
  File "C:\Users\heee1\AppData\Local\Programs\Python\Python312\Lib\site-packages\grpc\_interceptor.py", line 331, in _with_call
    return call.result(), call
           ^^^^^^^^^^^^^
  File "C:\Users\heee1\AppData\Local\Programs\Python\Python312\Lib\site-packages\grpc\_channel.py", line 438, in result
    raise self
  File "C:\Users\heee1\AppData\Local\Programs\Python\Python312\Lib\site-packages\grpc\_interceptor.py", line 314, in continuation
    response, call = self._thunk(new_method).with_call(
                     ^^^^^^^^^^^^^^^^^^^^^^^^^^^^^^^^^^
  File "C:\Users\heee1\AppData\Local\Programs\Python\Python312\Lib\site-packages\grpc\_channel.py", line 1173, in with_call
    return _end_unary_response_blocking(state, call, True, None)
           ^^^^^^^^^^^^^^^^^^^^^^^^^^^^^^^^^^^^^^^^^^^^^^^^^^^^^
  File "C:\Users\heee1\AppData\Local\Programs\Python\Python312\Lib\site-packages\grpc\_channel.py", line 990, in _end_unary_response_blocking
    raise _InactiveRpcError(state)  # pytype: disable=not-instantiable
    ^^^^^^^^^^^^^^^^^^^^^^^^^^^^^^
grpc._channel._InactiveRpcError: <_InactiveRpcError of RPC that terminated with:
	status = StatusCode.NOT_FOUND
	details = "models/gemini-1.5-pro is not found for API version v1beta, or is not supported for generateContent. Call ModelService.ListModels to see the list of available models and their supported methods."
	debug_error_string = "UNKNOWN:Error received from peer ipv4:142.250.23.95:443 {grpc_status:5, grpc_message:"models/gemini-1.5-pro is not found for API version v1beta, or is not supported for generateContent. Call ModelService.ListModels to see the list of available models and their supported methods."}"
>

The above exception was the direct cause of the following exception:

Traceback (most recent call last):
  File "C:\dev\GitHub\eco-price-ai\backend\services\ai_service.py", line 145, in generate_storage_guide
    response = model.generate_content(prompt)
               ^^^^^^^^^^^^^^^^^^^^^^^^^^^^^^
  File "C:\Users\heee1\AppData\Local\Programs\Python\Python312\Lib\site-packages\google\generativeai\generative_models.py", line 331, in generate_content
    response = self._client.generate_content(
               ^^^^^^^^^^^^^^^^^^^^^^^^^^^^^^
  File "C:\Users\heee1\AppData\Local\Programs\Python\Python312\Lib\site-packages\google\ai\generativelanguage_v1beta\services\generative_service\client.py", line 835, in generate_content
    response = rpc(
               ^^^^
  File "C:\Users\heee1\AppData\Local\Programs\Python\Python312\Lib\site-packages\google\api_core\gapic_v1\method.py", line 128, in __call__
    return wrapped_func(*args, **kwargs)
           ^^^^^^^^^^^^^^^^^^^^^^^^^^^^^
  File "C:\Users\heee1\AppData\Local\Programs\Python\Python312\Lib\site-packages\google\api_core\retry\retry_unary.py", line 294, in retry_wrapped_func
    return retry_target(
           ^^^^^^^^^^^^^
  File "C:\Users\heee1\AppData\Local\Programs\Python\Python312\Lib\site-packages\google\api_core\retry\retry_unary.py", line 156, in retry_target
    next_sleep = _retry_error_helper(
                 ^^^^^^^^^^^^^^^^^^^^
  File "C:\Users\heee1\AppData\Local\Programs\Python\Python312\Lib\site-packages\google\api_core\retry\retry_base.py", line 216, in _retry_error_helper
    raise final_exc from source_exc
  File "C:\Users\heee1\AppData\Local\Programs\Python\Python312\Lib\site-packages\google\api_core\retry\retry_unary.py", line 147, in retry_target
    result = target()
             ^^^^^^^^
  File "C:\Users\heee1\AppData\Local\Programs\Python\Python312\Lib\site-packages\google\api_core\timeout.py", line 130, in func_with_timeout
    return func(*args, **kwargs)
           ^^^^^^^^^^^^^^^^^^^^^
  File "C:\Users\heee1\AppData\Local\Programs\Python\Python312\Lib\site-packages\google\api_core\grpc_helpers.py", line 57, in error_remapped_callable
    raise exceptions.from_grpc_error(exc) from exc
google.api_core.exceptions.NotFound: 404 models/gemini-1.5-pro is not found for API version v1beta, or is not supported for generateContent. Call ModelService.ListModels to see the list of available models and their supported methods.
2026-05-17 18:49:07,917 - main - ERROR - 보관 가이드 생성 중 심각한 오류 발생: item_name=해표 꽃소금(1kg), 에러=Gemini API 호출 실패: 404 models/gemini-1.5-pro is not found for API version v1beta, or is not supported for generateContent. Call ModelService.ListModels to see the list of available models and their supported methods.
Traceback (most recent call last):
  File "C:\Users\heee1\AppData\Local\Programs\Python\Python312\Lib\site-packages\google\api_core\grpc_helpers.py", line 55, in error_remapped_callable
    return callable_(*args, **kwargs)
           ^^^^^^^^^^^^^^^^^^^^^^^^^^
  File "C:\Users\heee1\AppData\Local\Programs\Python\Python312\Lib\site-packages\grpc\_interceptor.py", line 276, in __call__
    response, ignored_call = self._with_call(
                             ^^^^^^^^^^^^^^^^
  File "C:\Users\heee1\AppData\Local\Programs\Python\Python312\Lib\site-packages\grpc\_interceptor.py", line 331, in _with_call
    return call.result(), call
           ^^^^^^^^^^^^^
  File "C:\Users\heee1\AppData\Local\Programs\Python\Python312\Lib\site-packages\grpc\_channel.py", line 438, in result
    raise self
  File "C:\Users\heee1\AppData\Local\Programs\Python\Python312\Lib\site-packages\grpc\_interceptor.py", line 314, in continuation
    response, call = self._thunk(new_method).with_call(
                     ^^^^^^^^^^^^^^^^^^^^^^^^^^^^^^^^^^
  File "C:\Users\heee1\AppData\Local\Programs\Python\Python312\Lib\site-packages\grpc\_channel.py", line 1173, in with_call
    return _end_unary_response_blocking(state, call, True, None)
           ^^^^^^^^^^^^^^^^^^^^^^^^^^^^^^^^^^^^^^^^^^^^^^^^^^^^^
  File "C:\Users\heee1\AppData\Local\Programs\Python\Python312\Lib\site-packages\grpc\_channel.py", line 990, in _end_unary_response_blocking
    raise _InactiveRpcError(state)  # pytype: disable=not-instantiable
    ^^^^^^^^^^^^^^^^^^^^^^^^^^^^^^
grpc._channel._InactiveRpcError: <_InactiveRpcError of RPC that terminated with:
	status = StatusCode.NOT_FOUND
	details = "models/gemini-1.5-pro is not found for API version v1beta, or is not supported for generateContent. Call ModelService.ListModels to see the list of available models and their supported methods."
	debug_error_string = "UNKNOWN:Error received from peer ipv4:142.250.23.95:443 {grpc_status:5, grpc_message:"models/gemini-1.5-pro is not found for API version v1beta, or is not supported for generateContent. Call ModelService.ListModels to see the list of available models and their supported methods."}"
>

The above exception was the direct cause of the following exception:

Traceback (most recent call last):
  File "C:\dev\GitHub\eco-price-ai\backend\services\ai_service.py", line 145, in generate_storage_guide
    response = model.generate_content(prompt)
               ^^^^^^^^^^^^^^^^^^^^^^^^^^^^^^
  File "C:\Users\heee1\AppData\Local\Programs\Python\Python312\Lib\site-packages\google\generativeai\generative_models.py", line 331, in generate_content
    response = self._client.generate_content(
               ^^^^^^^^^^^^^^^^^^^^^^^^^^^^^^
  File "C:\Users\heee1\AppData\Local\Programs\Python\Python312\Lib\site-packages\google\ai\generativelanguage_v1beta\services\generative_service\client.py", line 835, in generate_content
    response = rpc(
               ^^^^
  File "C:\Users\heee1\AppData\Local\Programs\Python\Python312\Lib\site-packages\google\api_core\gapic_v1\method.py", line 128, in __call__
    return wrapped_func(*args, **kwargs)
           ^^^^^^^^^^^^^^^^^^^^^^^^^^^^^
  File "C:\Users\heee1\AppData\Local\Programs\Python\Python312\Lib\site-packages\google\api_core\retry\retry_unary.py", line 294, in retry_wrapped_func
    return retry_target(
           ^^^^^^^^^^^^^
  File "C:\Users\heee1\AppData\Local\Programs\Python\Python312\Lib\site-packages\google\api_core\retry\retry_unary.py", line 156, in retry_target
    next_sleep = _retry_error_helper(
                 ^^^^^^^^^^^^^^^^^^^^
  File "C:\Users\heee1\AppData\Local\Programs\Python\Python312\Lib\site-packages\google\api_core\retry\retry_base.py", line 216, in _retry_error_helper
    raise final_exc from source_exc
  File "C:\Users\heee1\AppData\Local\Programs\Python\Python312\Lib\site-packages\google\api_core\retry\retry_unary.py", line 147, in retry_target
    result = target()
             ^^^^^^^^
  File "C:\Users\heee1\AppData\Local\Programs\Python\Python312\Lib\site-packages\google\api_core\timeout.py", line 130, in func_with_timeout
    return func(*args, **kwargs)
           ^^^^^^^^^^^^^^^^^^^^^
  File "C:\Users\heee1\AppData\Local\Programs\Python\Python312\Lib\site-packages\google\api_core\grpc_helpers.py", line 57, in error_remapped_callable
    raise exceptions.from_grpc_error(exc) from exc
google.api_core.exceptions.NotFound: 404 models/gemini-1.5-pro is not found for API version v1beta, or is not supported for generateContent. Call ModelService.ListModels to see the list of available models and their supported methods.

During handling of the above exception, another exception occurred:

Traceback (most recent call last):
  File "C:\dev\GitHub\eco-price-ai\backend\main.py", line 217, in get_storage_guide
    storage_data = generate_storage_guide(item_name)
                   ^^^^^^^^^^^^^^^^^^^^^^^^^^^^^^^^^
  File "C:\dev\GitHub\eco-price-ai\backend\services\ai_service.py", line 173, in generate_storage_guide
    raise Exception(f"Gemini API 호출 실패: {str(e)}")
Exception: Gemini API 호출 실패: 404 models/gemini-1.5-pro is not found for API version v1beta, or is not supported for generateContent. Call ModelService.ListModels to see the list of available models and their supported methods.
2026-05-17 18:49:07,921 - database - ERROR - 데이터베이스 세션 중 오류 발생: 500: 보관 가이드 생성 오류: Gemini API 호출 실패: 404 models/gemini-1.5-pro is not found for API version v1beta, or is not supported for generateContent. Call ModelService.ListModels to see the list of available models and their supported methods.
Traceback (most recent call last):
  File "C:\Users\heee1\AppData\Local\Programs\Python\Python312\Lib\site-packages\google\api_core\grpc_helpers.py", line 55, in error_remapped_callable
    return callable_(*args, **kwargs)
           ^^^^^^^^^^^^^^^^^^^^^^^^^^
  File "C:\Users\heee1\AppData\Local\Programs\Python\Python312\Lib\site-packages\grpc\_interceptor.py", line 276, in __call__
    response, ignored_call = self._with_call(
                             ^^^^^^^^^^^^^^^^
  File "C:\Users\heee1\AppData\Local\Programs\Python\Python312\Lib\site-packages\grpc\_interceptor.py", line 331, in _with_call
    return call.result(), call
           ^^^^^^^^^^^^^
  File "C:\Users\heee1\AppData\Local\Programs\Python\Python312\Lib\site-packages\grpc\_channel.py", line 438, in result
    raise self
  File "C:\Users\heee1\AppData\Local\Programs\Python\Python312\Lib\site-packages\grpc\_interceptor.py", line 314, in continuation
    response, call = self._thunk(new_method).with_call(
                     ^^^^^^^^^^^^^^^^^^^^^^^^^^^^^^^^^^
  File "C:\Users\heee1\AppData\Local\Programs\Python\Python312\Lib\site-packages\grpc\_channel.py", line 1173, in with_call
    return _end_unary_response_blocking(state, call, True, None)
           ^^^^^^^^^^^^^^^^^^^^^^^^^^^^^^^^^^^^^^^^^^^^^^^^^^^^^
  File "C:\Users\heee1\AppData\Local\Programs\Python\Python312\Lib\site-packages\grpc\_channel.py", line 990, in _end_unary_response_blocking
    raise _InactiveRpcError(state)  # pytype: disable=not-instantiable
    ^^^^^^^^^^^^^^^^^^^^^^^^^^^^^^
grpc._channel._InactiveRpcError: <_InactiveRpcError of RPC that terminated with:
	status = StatusCode.NOT_FOUND
	details = "models/gemini-1.5-pro is not found for API version v1beta, or is not supported for generateContent. Call ModelService.ListModels to see the list of available models and their supported methods."
	debug_error_string = "UNKNOWN:Error received from peer ipv4:142.250.23.95:443 {grpc_status:5, grpc_message:"models/gemini-1.5-pro is not found for API version v1beta, or is not supported for generateContent. Call ModelService.ListModels to see the list of available models and their supported methods."}"
>

The above exception was the direct cause of the following exception:

Traceback (most recent call last):
  File "C:\dev\GitHub\eco-price-ai\backend\services\ai_service.py", line 145, in generate_storage_guide
    response = model.generate_content(prompt)
               ^^^^^^^^^^^^^^^^^^^^^^^^^^^^^^
  File "C:\Users\heee1\AppData\Local\Programs\Python\Python312\Lib\site-packages\google\generativeai\generative_models.py", line 331, in generate_content
    response = self._client.generate_content(
               ^^^^^^^^^^^^^^^^^^^^^^^^^^^^^^
  File "C:\Users\heee1\AppData\Local\Programs\Python\Python312\Lib\site-packages\google\ai\generativelanguage_v1beta\services\generative_service\client.py", line 835, in generate_content
    response = rpc(
               ^^^^
  File "C:\Users\heee1\AppData\Local\Programs\Python\Python312\Lib\site-packages\google\api_core\gapic_v1\method.py", line 128, in __call__
    return wrapped_func(*args, **kwargs)
           ^^^^^^^^^^^^^^^^^^^^^^^^^^^^^
  File "C:\Users\heee1\AppData\Local\Programs\Python\Python312\Lib\site-packages\google\api_core\retry\retry_unary.py", line 294, in retry_wrapped_func
    return retry_target(
           ^^^^^^^^^^^^^
  File "C:\Users\heee1\AppData\Local\Programs\Python\Python312\Lib\site-packages\google\api_core\retry\retry_unary.py", line 156, in retry_target
    next_sleep = _retry_error_helper(
                 ^^^^^^^^^^^^^^^^^^^^
  File "C:\Users\heee1\AppData\Local\Programs\Python\Python312\Lib\site-packages\google\api_core\retry\retry_base.py", line 216, in _retry_error_helper
    raise final_exc from source_exc
  File "C:\Users\heee1\AppData\Local\Programs\Python\Python312\Lib\site-packages\google\api_core\retry\retry_unary.py", line 147, in retry_target
    result = target()
             ^^^^^^^^
  File "C:\Users\heee1\AppData\Local\Programs\Python\Python312\Lib\site-packages\google\api_core\timeout.py", line 130, in func_with_timeout
    return func(*args, **kwargs)
           ^^^^^^^^^^^^^^^^^^^^^
  File "C:\Users\heee1\AppData\Local\Programs\Python\Python312\Lib\site-packages\google\api_core\grpc_helpers.py", line 57, in error_remapped_callable
    raise exceptions.from_grpc_error(exc) from exc
google.api_core.exceptions.NotFound: 404 models/gemini-1.5-pro is not found for API version v1beta, or is not supported for generateContent. Call ModelService.ListModels to see the list of available models and their supported methods.

During handling of the above exception, another exception occurred:

Traceback (most recent call last):
  File "C:\dev\GitHub\eco-price-ai\backend\main.py", line 217, in get_storage_guide
    storage_data = generate_storage_guide(item_name)
                   ^^^^^^^^^^^^^^^^^^^^^^^^^^^^^^^^^
  File "C:\dev\GitHub\eco-price-ai\backend\services\ai_service.py", line 173, in generate_storage_guide
    raise Exception(f"Gemini API 호출 실패: {str(e)}")
Exception: Gemini API 호출 실패: 404 models/gemini-1.5-pro is not found for API version v1beta, or is not supported for generateContent. Call ModelService.ListModels to see the list of available models and their supported methods.

During handling of the above exception, another exception occurred:

Traceback (most recent call last):
  File "C:\dev\GitHub\eco-price-ai\backend\database.py", line 53, in get_db
    yield db
  File "C:\Users\heee1\AppData\Local\Programs\Python\Python312\Lib\site-packages\fastapi\concurrency.py", line 29, in contextmanager_in_threadpool
    yield await run_in_threadpool(cm.__enter__)
  File "C:\Users\heee1\AppData\Local\Programs\Python\Python312\Lib\site-packages\fastapi\routing.py", line 120, in app
    response = await f(request)
               ^^^^^^^^^^^^^^^^
  File "C:\Users\heee1\AppData\Local\Programs\Python\Python312\Lib\site-packages\fastapi\routing.py", line 674, in app
    raw_response = await run_endpoint_function(
                   ^^^^^^^^^^^^^^^^^^^^^^^^^^^^
  File "C:\Users\heee1\AppData\Local\Programs\Python\Python312\Lib\site-packages\fastapi\routing.py", line 330, in run_endpoint_function
    return await run_in_threadpool(dependant.call, **values)
           ^^^^^^^^^^^^^^^^^^^^^^^^^^^^^^^^^^^^^^^^^^^^^^^^^
  File "C:\Users\heee1\AppData\Local\Programs\Python\Python312\Lib\site-packages\starlette\concurrency.py", line 32, in run_in_threadpool
    return await anyio.to_thread.run_sync(func)
           ^^^^^^^^^^^^^^^^^^^^^^^^^^^^^^^^^^^^
  File "C:\Users\heee1\AppData\Local\Programs\Python\Python312\Lib\site-packages\anyio\to_thread.py", line 63, in run_sync
    return await get_async_backend().run_sync_in_worker_thread(
           ^^^^^^^^^^^^^^^^^^^^^^^^^^^^^^^^^^^^^^^^^^^^^^^^^^^^
  File "C:\Users\heee1\AppData\Local\Programs\Python\Python312\Lib\site-packages\anyio\_backends\_asyncio.py", line 2518, in run_sync_in_worker_thread
    return await future
           ^^^^^^^^^^^^
  File "C:\Users\heee1\AppData\Local\Programs\Python\Python312\Lib\site-packages\anyio\_backends\_asyncio.py", line 1002, in run
    result = context.run(func, *args)
             ^^^^^^^^^^^^^^^^^^^^^^^^
  File "C:\dev\GitHub\eco-price-ai\backend\main.py", line 242, in get_storage_guide
    raise HTTPException(status_code=500, detail=f"보관 가이드 생성 오류: {str(e)}")
fastapi.exceptions.HTTPException: 500: 보관 가이드 생성 오류: Gemini API 호출 실패: 404 models/gemini-1.5-pro is not found for API version v1beta, or is not supported for generateContent. Call ModelService.ListModels to see the list of available models and their supported methods.
2026-05-17 18:49:07,925 - main - INFO - [요청 완료] GET /api/storage/해표 꽃소금(1kg) | 상태코드: 500 | ID: 2026-05-17T18:49:06.701527
2026-05-17 18:49:24,596 - main - INFO - [요청 시작] GET /api/storage/해표 꽃소금(1kg) | 클라이언트: 127.0.0.1 | ID: 2026-05-17T18:49:24.596842
2026-05-17 18:49:24,598 - main - INFO - 보관 가이드 조회 요청: item_name=해표 꽃소금(1kg)
2026-05-17 18:49:24,601 - main - INFO - 새로운 보관 가이드 생성 시작: item_name=해표 꽃소금(1kg)
2026-05-17 18:49:24,601 - services.ai_service - INFO - 보관 가이드 생성 시작: item_name=해표 꽃소금(1kg)
2026-05-17 18:49:24,727 - services.ai_service - ERROR - Gemini API 호출 실패 (보관 가이드): item_name=해표 꽃소금(1kg), 에러=404 models/gemini-1.5-pro is not found for API version v1beta, or is not supported for generateContent. Call ModelService.ListModels to see the list of available models and their supported methods.
Traceback (most recent call last):
  File "C:\Users\heee1\AppData\Local\Programs\Python\Python312\Lib\site-packages\google\api_core\grpc_helpers.py", line 55, in error_remapped_callable
    return callable_(*args, **kwargs)
           ^^^^^^^^^^^^^^^^^^^^^^^^^^
  File "C:\Users\heee1\AppData\Local\Programs\Python\Python312\Lib\site-packages\grpc\_interceptor.py", line 276, in __call__
    response, ignored_call = self._with_call(
                             ^^^^^^^^^^^^^^^^
  File "C:\Users\heee1\AppData\Local\Programs\Python\Python312\Lib\site-packages\grpc\_interceptor.py", line 331, in _with_call
    return call.result(), call
           ^^^^^^^^^^^^^
  File "C:\Users\heee1\AppData\Local\Programs\Python\Python312\Lib\site-packages\grpc\_channel.py", line 438, in result
    raise self
  File "C:\Users\heee1\AppData\Local\Programs\Python\Python312\Lib\site-packages\grpc\_interceptor.py", line 314, in continuation
    response, call = self._thunk(new_method).with_call(
                     ^^^^^^^^^^^^^^^^^^^^^^^^^^^^^^^^^^
  File "C:\Users\heee1\AppData\Local\Programs\Python\Python312\Lib\site-packages\grpc\_channel.py", line 1173, in with_call
    return _end_unary_response_blocking(state, call, True, None)
           ^^^^^^^^^^^^^^^^^^^^^^^^^^^^^^^^^^^^^^^^^^^^^^^^^^^^^
  File "C:\Users\heee1\AppData\Local\Programs\Python\Python312\Lib\site-packages\grpc\_channel.py", line 990, in _end_unary_response_blocking
    raise _InactiveRpcError(state)  # pytype: disable=not-instantiable
    ^^^^^^^^^^^^^^^^^^^^^^^^^^^^^^
grpc._channel._InactiveRpcError: <_InactiveRpcError of RPC that terminated with:
	status = StatusCode.NOT_FOUND
	details = "models/gemini-1.5-pro is not found for API version v1beta, or is not supported for generateContent. Call ModelService.ListModels to see the list of available models and their supported methods."
	debug_error_string = "UNKNOWN:Error received from peer ipv4:142.250.23.95:443 {grpc_status:5, grpc_message:"models/gemini-1.5-pro is not found for API version v1beta, or is not supported for generateContent. Call ModelService.ListModels to see the list of available models and their supported methods."}"
>

The above exception was the direct cause of the following exception:

Traceback (most recent call last):
  File "C:\dev\GitHub\eco-price-ai\backend\services\ai_service.py", line 145, in generate_storage_guide
    response = model.generate_content(prompt)
               ^^^^^^^^^^^^^^^^^^^^^^^^^^^^^^
  File "C:\Users\heee1\AppData\Local\Programs\Python\Python312\Lib\site-packages\google\generativeai\generative_models.py", line 331, in generate_content
    response = self._client.generate_content(
               ^^^^^^^^^^^^^^^^^^^^^^^^^^^^^^
  File "C:\Users\heee1\AppData\Local\Programs\Python\Python312\Lib\site-packages\google\ai\generativelanguage_v1beta\services\generative_service\client.py", line 835, in generate_content
    response = rpc(
               ^^^^
  File "C:\Users\heee1\AppData\Local\Programs\Python\Python312\Lib\site-packages\google\api_core\gapic_v1\method.py", line 128, in __call__
    return wrapped_func(*args, **kwargs)
           ^^^^^^^^^^^^^^^^^^^^^^^^^^^^^
  File "C:\Users\heee1\AppData\Local\Programs\Python\Python312\Lib\site-packages\google\api_core\retry\retry_unary.py", line 294, in retry_wrapped_func
    return retry_target(
           ^^^^^^^^^^^^^
  File "C:\Users\heee1\AppData\Local\Programs\Python\Python312\Lib\site-packages\google\api_core\retry\retry_unary.py", line 156, in retry_target
    next_sleep = _retry_error_helper(
                 ^^^^^^^^^^^^^^^^^^^^
  File "C:\Users\heee1\AppData\Local\Programs\Python\Python312\Lib\site-packages\google\api_core\retry\retry_base.py", line 216, in _retry_error_helper
    raise final_exc from source_exc
  File "C:\Users\heee1\AppData\Local\Programs\Python\Python312\Lib\site-packages\google\api_core\retry\retry_unary.py", line 147, in retry_target
    result = target()
             ^^^^^^^^
  File "C:\Users\heee1\AppData\Local\Programs\Python\Python312\Lib\site-packages\google\api_core\timeout.py", line 130, in func_with_timeout
    return func(*args, **kwargs)
           ^^^^^^^^^^^^^^^^^^^^^
  File "C:\Users\heee1\AppData\Local\Programs\Python\Python312\Lib\site-packages\google\api_core\grpc_helpers.py", line 57, in error_remapped_callable
    raise exceptions.from_grpc_error(exc) from exc
google.api_core.exceptions.NotFound: 404 models/gemini-1.5-pro is not found for API version v1beta, or is not supported for generateContent. Call ModelService.ListModels to see the list of available models and their supported methods.
2026-05-17 18:49:24,731 - main - ERROR - 보관 가이드 생성 중 심각한 오류 발생: item_name=해표 꽃소금(1kg), 에러=Gemini API 호출 실패: 404 models/gemini-1.5-pro is not found for API version v1beta, or is not supported for generateContent. Call ModelService.ListModels to see the list of available models and their supported methods.
Traceback (most recent call last):
  File "C:\Users\heee1\AppData\Local\Programs\Python\Python312\Lib\site-packages\google\api_core\grpc_helpers.py", line 55, in error_remapped_callable
    return callable_(*args, **kwargs)
           ^^^^^^^^^^^^^^^^^^^^^^^^^^
  File "C:\Users\heee1\AppData\Local\Programs\Python\Python312\Lib\site-packages\grpc\_interceptor.py", line 276, in __call__
    response, ignored_call = self._with_call(
                             ^^^^^^^^^^^^^^^^
  File "C:\Users\heee1\AppData\Local\Programs\Python\Python312\Lib\site-packages\grpc\_interceptor.py", line 331, in _with_call
    return call.result(), call
           ^^^^^^^^^^^^^
  File "C:\Users\heee1\AppData\Local\Programs\Python\Python312\Lib\site-packages\grpc\_channel.py", line 438, in result
    raise self
  File "C:\Users\heee1\AppData\Local\Programs\Python\Python312\Lib\site-packages\grpc\_interceptor.py", line 314, in continuation
    response, call = self._thunk(new_method).with_call(
                     ^^^^^^^^^^^^^^^^^^^^^^^^^^^^^^^^^^
  File "C:\Users\heee1\AppData\Local\Programs\Python\Python312\Lib\site-packages\grpc\_channel.py", line 1173, in with_call
    return _end_unary_response_blocking(state, call, True, None)
           ^^^^^^^^^^^^^^^^^^^^^^^^^^^^^^^^^^^^^^^^^^^^^^^^^^^^^
  File "C:\Users\heee1\AppData\Local\Programs\Python\Python312\Lib\site-packages\grpc\_channel.py", line 990, in _end_unary_response_blocking
    raise _InactiveRpcError(state)  # pytype: disable=not-instantiable
    ^^^^^^^^^^^^^^^^^^^^^^^^^^^^^^
grpc._channel._InactiveRpcError: <_InactiveRpcError of RPC that terminated with:
	status = StatusCode.NOT_FOUND
	details = "models/gemini-1.5-pro is not found for API version v1beta, or is not supported for generateContent. Call ModelService.ListModels to see the list of available models and their supported methods."
	debug_error_string = "UNKNOWN:Error received from peer ipv4:142.250.23.95:443 {grpc_status:5, grpc_message:"models/gemini-1.5-pro is not found for API version v1beta, or is not supported for generateContent. Call ModelService.ListModels to see the list of available models and their supported methods."}"
>

The above exception was the direct cause of the following exception:

Traceback (most recent call last):
  File "C:\dev\GitHub\eco-price-ai\backend\services\ai_service.py", line 145, in generate_storage_guide
    response = model.generate_content(prompt)
               ^^^^^^^^^^^^^^^^^^^^^^^^^^^^^^
  File "C:\Users\heee1\AppData\Local\Programs\Python\Python312\Lib\site-packages\google\generativeai\generative_models.py", line 331, in generate_content
    response = self._client.generate_content(
               ^^^^^^^^^^^^^^^^^^^^^^^^^^^^^^
  File "C:\Users\heee1\AppData\Local\Programs\Python\Python312\Lib\site-packages\google\ai\generativelanguage_v1beta\services\generative_service\client.py", line 835, in generate_content
    response = rpc(
               ^^^^
  File "C:\Users\heee1\AppData\Local\Programs\Python\Python312\Lib\site-packages\google\api_core\gapic_v1\method.py", line 128, in __call__
    return wrapped_func(*args, **kwargs)
           ^^^^^^^^^^^^^^^^^^^^^^^^^^^^^
  File "C:\Users\heee1\AppData\Local\Programs\Python\Python312\Lib\site-packages\google\api_core\retry\retry_unary.py", line 294, in retry_wrapped_func
    return retry_target(
           ^^^^^^^^^^^^^
  File "C:\Users\heee1\AppData\Local\Programs\Python\Python312\Lib\site-packages\google\api_core\retry\retry_unary.py", line 156, in retry_target
    next_sleep = _retry_error_helper(
                 ^^^^^^^^^^^^^^^^^^^^
  File "C:\Users\heee1\AppData\Local\Programs\Python\Python312\Lib\site-packages\google\api_core\retry\retry_base.py", line 216, in _retry_error_helper
    raise final_exc from source_exc
  File "C:\Users\heee1\AppData\Local\Programs\Python\Python312\Lib\site-packages\google\api_core\retry\retry_unary.py", line 147, in retry_target
    result = target()
             ^^^^^^^^
  File "C:\Users\heee1\AppData\Local\Programs\Python\Python312\Lib\site-packages\google\api_core\timeout.py", line 130, in func_with_timeout
    return func(*args, **kwargs)
           ^^^^^^^^^^^^^^^^^^^^^
  File "C:\Users\heee1\AppData\Local\Programs\Python\Python312\Lib\site-packages\google\api_core\grpc_helpers.py", line 57, in error_remapped_callable
    raise exceptions.from_grpc_error(exc) from exc
google.api_core.exceptions.NotFound: 404 models/gemini-1.5-pro is not found for API version v1beta, or is not supported for generateContent. Call ModelService.ListModels to see the list of available models and their supported methods.

During handling of the above exception, another exception occurred:

Traceback (most recent call last):
  File "C:\dev\GitHub\eco-price-ai\backend\main.py", line 217, in get_storage_guide
    storage_data = generate_storage_guide(item_name)
                   ^^^^^^^^^^^^^^^^^^^^^^^^^^^^^^^^^
  File "C:\dev\GitHub\eco-price-ai\backend\services\ai_service.py", line 173, in generate_storage_guide
    raise Exception(f"Gemini API 호출 실패: {str(e)}")
Exception: Gemini API 호출 실패: 404 models/gemini-1.5-pro is not found for API version v1beta, or is not supported for generateContent. Call ModelService.ListModels to see the list of available models and their supported methods.
2026-05-17 18:49:24,732 - database - ERROR - 데이터베이스 세션 중 오류 발생: 500: 보관 가이드 생성 오류: Gemini API 호출 실패: 404 models/gemini-1.5-pro is not found for API version v1beta, or is not supported for generateContent. Call ModelService.ListModels to see the list of available models and their supported methods.
Traceback (most recent call last):
  File "C:\Users\heee1\AppData\Local\Programs\Python\Python312\Lib\site-packages\google\api_core\grpc_helpers.py", line 55, in error_remapped_callable
    return callable_(*args, **kwargs)
           ^^^^^^^^^^^^^^^^^^^^^^^^^^
  File "C:\Users\heee1\AppData\Local\Programs\Python\Python312\Lib\site-packages\grpc\_interceptor.py", line 276, in __call__
    response, ignored_call = self._with_call(
                             ^^^^^^^^^^^^^^^^
  File "C:\Users\heee1\AppData\Local\Programs\Python\Python312\Lib\site-packages\grpc\_interceptor.py", line 331, in _with_call
    return call.result(), call
           ^^^^^^^^^^^^^
  File "C:\Users\heee1\AppData\Local\Programs\Python\Python312\Lib\site-packages\grpc\_channel.py", line 438, in result
    raise self
  File "C:\Users\heee1\AppData\Local\Programs\Python\Python312\Lib\site-packages\grpc\_interceptor.py", line 314, in continuation
    response, call = self._thunk(new_method).with_call(
                     ^^^^^^^^^^^^^^^^^^^^^^^^^^^^^^^^^^
  File "C:\Users\heee1\AppData\Local\Programs\Python\Python312\Lib\site-packages\grpc\_channel.py", line 1173, in with_call
    return _end_unary_response_blocking(state, call, True, None)
           ^^^^^^^^^^^^^^^^^^^^^^^^^^^^^^^^^^^^^^^^^^^^^^^^^^^^^
  File "C:\Users\heee1\AppData\Local\Programs\Python\Python312\Lib\site-packages\grpc\_channel.py", line 990, in _end_unary_response_blocking
    raise _InactiveRpcError(state)  # pytype: disable=not-instantiable
    ^^^^^^^^^^^^^^^^^^^^^^^^^^^^^^
grpc._channel._InactiveRpcError: <_InactiveRpcError of RPC that terminated with:
	status = StatusCode.NOT_FOUND
	details = "models/gemini-1.5-pro is not found for API version v1beta, or is not supported for generateContent. Call ModelService.ListModels to see the list of available models and their supported methods."
	debug_error_string = "UNKNOWN:Error received from peer ipv4:142.250.23.95:443 {grpc_status:5, grpc_message:"models/gemini-1.5-pro is not found for API version v1beta, or is not supported for generateContent. Call ModelService.ListModels to see the list of available models and their supported methods."}"
>

The above exception was the direct cause of the following exception:

Traceback (most recent call last):
  File "C:\dev\GitHub\eco-price-ai\backend\services\ai_service.py", line 145, in generate_storage_guide
    response = model.generate_content(prompt)
               ^^^^^^^^^^^^^^^^^^^^^^^^^^^^^^
  File "C:\Users\heee1\AppData\Local\Programs\Python\Python312\Lib\site-packages\google\generativeai\generative_models.py", line 331, in generate_content
    response = self._client.generate_content(
               ^^^^^^^^^^^^^^^^^^^^^^^^^^^^^^
  File "C:\Users\heee1\AppData\Local\Programs\Python\Python312\Lib\site-packages\google\ai\generativelanguage_v1beta\services\generative_service\client.py", line 835, in generate_content
    response = rpc(
               ^^^^
  File "C:\Users\heee1\AppData\Local\Programs\Python\Python312\Lib\site-packages\google\api_core\gapic_v1\method.py", line 128, in __call__
    return wrapped_func(*args, **kwargs)
           ^^^^^^^^^^^^^^^^^^^^^^^^^^^^^
  File "C:\Users\heee1\AppData\Local\Programs\Python\Python312\Lib\site-packages\google\api_core\retry\retry_unary.py", line 294, in retry_wrapped_func
    return retry_target(
           ^^^^^^^^^^^^^
  File "C:\Users\heee1\AppData\Local\Programs\Python\Python312\Lib\site-packages\google\api_core\retry\retry_unary.py", line 156, in retry_target
    next_sleep = _retry_error_helper(
                 ^^^^^^^^^^^^^^^^^^^^
  File "C:\Users\heee1\AppData\Local\Programs\Python\Python312\Lib\site-packages\google\api_core\retry\retry_base.py", line 216, in _retry_error_helper
    raise final_exc from source_exc
  File "C:\Users\heee1\AppData\Local\Programs\Python\Python312\Lib\site-packages\google\api_core\retry\retry_unary.py", line 147, in retry_target
    result = target()
             ^^^^^^^^
  File "C:\Users\heee1\AppData\Local\Programs\Python\Python312\Lib\site-packages\google\api_core\timeout.py", line 130, in func_with_timeout
    return func(*args, **kwargs)
           ^^^^^^^^^^^^^^^^^^^^^
  File "C:\Users\heee1\AppData\Local\Programs\Python\Python312\Lib\site-packages\google\api_core\grpc_helpers.py", line 57, in error_remapped_callable
    raise exceptions.from_grpc_error(exc) from exc
google.api_core.exceptions.NotFound: 404 models/gemini-1.5-pro is not found for API version v1beta, or is not supported for generateContent. Call ModelService.ListModels to see the list of available models and their supported methods.

During handling of the above exception, another exception occurred:

Traceback (most recent call last):
  File "C:\dev\GitHub\eco-price-ai\backend\main.py", line 217, in get_storage_guide
    storage_data = generate_storage_guide(item_name)
                   ^^^^^^^^^^^^^^^^^^^^^^^^^^^^^^^^^
  File "C:\dev\GitHub\eco-price-ai\backend\services\ai_service.py", line 173, in generate_storage_guide
    raise Exception(f"Gemini API 호출 실패: {str(e)}")
Exception: Gemini API 호출 실패: 404 models/gemini-1.5-pro is not found for API version v1beta, or is not supported for generateContent. Call ModelService.ListModels to see the list of available models and their supported methods.

During handling of the above exception, another exception occurred:

Traceback (most recent call last):
  File "C:\dev\GitHub\eco-price-ai\backend\database.py", line 53, in get_db
    yield db
  File "C:\Users\heee1\AppData\Local\Programs\Python\Python312\Lib\site-packages\fastapi\concurrency.py", line 29, in contextmanager_in_threadpool
    yield await run_in_threadpool(cm.__enter__)
  File "C:\Users\heee1\AppData\Local\Programs\Python\Python312\Lib\site-packages\fastapi\routing.py", line 120, in app
    response = await f(request)
               ^^^^^^^^^^^^^^^^
  File "C:\Users\heee1\AppData\Local\Programs\Python\Python312\Lib\site-packages\fastapi\routing.py", line 674, in app
    raw_response = await run_endpoint_function(
                   ^^^^^^^^^^^^^^^^^^^^^^^^^^^^
  File "C:\Users\heee1\AppData\Local\Programs\Python\Python312\Lib\site-packages\fastapi\routing.py", line 330, in run_endpoint_function
    return await run_in_threadpool(dependant.call, **values)
           ^^^^^^^^^^^^^^^^^^^^^^^^^^^^^^^^^^^^^^^^^^^^^^^^^
  File "C:\Users\heee1\AppData\Local\Programs\Python\Python312\Lib\site-packages\starlette\concurrency.py", line 32, in run_in_threadpool
    return await anyio.to_thread.run_sync(func)
           ^^^^^^^^^^^^^^^^^^^^^^^^^^^^^^^^^^^^
  File "C:\Users\heee1\AppData\Local\Programs\Python\Python312\Lib\site-packages\anyio\to_thread.py", line 63, in run_sync
    return await get_async_backend().run_sync_in_worker_thread(
           ^^^^^^^^^^^^^^^^^^^^^^^^^^^^^^^^^^^^^^^^^^^^^^^^^^^^
  File "C:\Users\heee1\AppData\Local\Programs\Python\Python312\Lib\site-packages\anyio\_backends\_asyncio.py", line 2518, in run_sync_in_worker_thread
    return await future
           ^^^^^^^^^^^^
  File "C:\Users\heee1\AppData\Local\Programs\Python\Python312\Lib\site-packages\anyio\_backends\_asyncio.py", line 1002, in run
    result = context.run(func, *args)
             ^^^^^^^^^^^^^^^^^^^^^^^^
  File "C:\dev\GitHub\eco-price-ai\backend\main.py", line 242, in get_storage_guide
    raise HTTPException(status_code=500, detail=f"보관 가이드 생성 오류: {str(e)}")
fastapi.exceptions.HTTPException: 500: 보관 가이드 생성 오류: Gemini API 호출 실패: 404 models/gemini-1.5-pro is not found for API version v1beta, or is not supported for generateContent. Call ModelService.ListModels to see the list of available models and their supported methods.
2026-05-17 18:49:24,733 - main - INFO - [요청 완료] GET /api/storage/해표 꽃소금(1kg) | 상태코드: 500 | ID: 2026-05-17T18:49:24.596842
2026-05-17 18:49:24,765 - main - INFO - [요청 시작] GET /favicon.ico | 클라이언트: 127.0.0.1 | ID: 2026-05-17T18:49:24.765415
2026-05-17 18:49:24,766 - main - INFO - [요청 완료] GET /favicon.ico | 상태코드: 404 | ID: 2026-05-17T18:49:24.765415
2026-05-17 18:49:59,398 - main - INFO - FastAPI 애플리케이션 시작
2026-05-17 21:16:01,989 - main - INFO - FastAPI 애플리케이션 시작
2026-05-17 21:16:02,018 - main - INFO - [요청 시작] GET /items | 클라이언트: 127.0.0.1 | ID: 2026-05-17T21:16:02.018176
2026-05-17 21:16:02,018 - main - INFO - [요청 시작] GET /items | 클라이언트: 127.0.0.1 | ID: 2026-05-17T21:16:02.018176
2026-05-17 21:16:02,018 - main - INFO - [요청 시작] GET /docs | 클라이언트: 127.0.0.1 | ID: 2026-05-17T21:16:02.018176
2026-05-17 21:16:02,018 - main - INFO - [요청 시작] GET /items | 클라이언트: 127.0.0.1 | ID: 2026-05-17T21:16:02.018176
2026-05-17 21:16:02,019 - main - INFO - [요청 시작] GET /items | 클라이언트: 127.0.0.1 | ID: 2026-05-17T21:16:02.019368
2026-05-17 21:16:02,019 - main - INFO - [요청 시작] GET /items | 클라이언트: 127.0.0.1 | ID: 2026-05-17T21:16:02.019917
2026-05-17 21:16:02,019 - main - INFO - [요청 시작] GET /api/prices | 클라이언트: 127.0.0.1 | ID: 2026-05-17T21:16:02.019917
2026-05-17 21:16:02,019 - main - INFO - [요청 시작] GET /items | 클라이언트: 127.0.0.1 | ID: 2026-05-17T21:16:02.019917
2026-05-17 21:16:02,019 - main - INFO - [요청 시작] GET /items | 클라이언트: 127.0.0.1 | ID: 2026-05-17T21:16:02.019917
2026-05-17 21:16:02,019 - main - INFO - [요청 시작] GET /items | 클라이언트: 127.0.0.1 | ID: 2026-05-17T21:16:02.019917
2026-05-17 21:16:02,020 - main - INFO - [요청 시작] GET /items | 클라이언트: 127.0.0.1 | ID: 2026-05-17T21:16:02.020928
2026-05-17 21:16:02,020 - main - INFO - [요청 시작] GET /items | 클라이언트: 127.0.0.1 | ID: 2026-05-17T21:16:02.020928
2026-05-17 21:16:02,020 - main - INFO - [요청 시작] GET /items | 클라이언트: 127.0.0.1 | ID: 2026-05-17T21:16:02.020928
2026-05-17 21:16:02,020 - main - INFO - [요청 시작] GET /items | 클라이언트: 127.0.0.1 | ID: 2026-05-17T21:16:02.020928
2026-05-17 21:16:02,020 - main - INFO - [요청 시작] GET /items | 클라이언트: 127.0.0.1 | ID: 2026-05-17T21:16:02.020928
2026-05-17 21:16:02,020 - main - INFO - [요청 시작] GET /items | 클라이언트: 127.0.0.1 | ID: 2026-05-17T21:16:02.020928
2026-05-17 21:16:02,020 - main - INFO - [요청 시작] GET /items | 클라이언트: 127.0.0.1 | ID: 2026-05-17T21:16:02.020928
2026-05-17 21:16:02,020 - main - INFO - [요청 시작] GET /items | 클라이언트: 127.0.0.1 | ID: 2026-05-17T21:16:02.020928
2026-05-17 21:16:02,020 - main - INFO - [요청 시작] GET /items | 클라이언트: 127.0.0.1 | ID: 2026-05-17T21:16:02.020928
2026-05-17 21:16:02,022 - main - INFO - [요청 시작] GET /items | 클라이언트: 127.0.0.1 | ID: 2026-05-17T21:16:02.022441
2026-05-17 21:16:02,022 - main - INFO - [요청 시작] GET /docs | 클라이언트: 127.0.0.1 | ID: 2026-05-17T21:16:02.022441
2026-05-17 21:16:02,025 - main - INFO - [요청 완료] GET /docs | 상태코드: 200 | ID: 2026-05-17T21:16:02.018176
2026-05-17 21:16:02,026 - main - INFO - [요청 완료] GET /api/prices | 상태코드: 404 | ID: 2026-05-17T21:16:02.019917
2026-05-17 21:16:02,028 - main - INFO - [요청 완료] GET /docs | 상태코드: 200 | ID: 2026-05-17T21:16:02.022441
2026-05-17 21:16:02,030 - main - INFO - 마켓 가격 조회 요청: 검색어='None'
2026-05-17 21:16:02,030 - main - INFO - 마켓 가격 조회 요청: 검색어='None'
2026-05-17 21:16:02,030 - main - INFO - 마켓 가격 조회 요청: 검색어='None'
2026-05-17 21:16:02,030 - main - INFO - 마켓 가격 조회 요청: 검색어='None'
2026-05-17 21:16:02,030 - main - INFO - 마켓 가격 조회 요청: 검색어='None'
2026-05-17 21:16:02,030 - main - INFO - 마켓 가격 조회 요청: 검색어='None'
2026-05-17 21:16:02,030 - main - INFO - 마켓 가격 조회 요청: 검색어='None'
2026-05-17 21:16:02,030 - main - INFO - 마켓 가격 조회 요청: 검색어='None'
2026-05-17 21:16:02,030 - main - INFO - 마켓 가격 조회 요청: 검색어='None'
2026-05-17 21:16:02,030 - main - INFO - 마켓 가격 조회 요청: 검색어='None'
2026-05-17 21:16:02,030 - main - INFO - 마켓 가격 조회 요청: 검색어='None'
2026-05-17 21:16:02,030 - main - INFO - 마켓 가격 조회 요청: 검색어='None'
2026-05-17 21:16:02,030 - main - INFO - 마켓 가격 조회 요청: 검색어='None'
2026-05-17 21:16:02,030 - main - INFO - 마켓 가격 조회 요청: 검색어='None'
2026-05-17 21:16:02,030 - main - INFO - 마켓 가격 조회 요청: 검색어='None'
2026-05-17 21:16:02,030 - main - INFO - 마켓 가격 조회 요청: 검색어='None'
2026-05-17 21:16:02,030 - main - INFO - 마켓 가격 조회 요청: 검색어='None'
2026-05-17 21:16:02,030 - main - INFO - 마켓 가격 조회 요청: 검색어='None'
2026-05-17 21:16:02,069 - main - INFO - 마켓 가격 조회 완료: 50개 항목 (최대 50개 제한)
2026-05-17 21:16:02,076 - main - INFO - 마켓 가격 조회 완료: 50개 항목 (최대 50개 제한)
2026-05-17 21:16:02,085 - main - INFO - 마켓 가격 조회 완료: 50개 항목 (최대 50개 제한)
2026-05-17 21:16:02,088 - main - INFO - 마켓 가격 조회 완료: 50개 항목 (최대 50개 제한)
2026-05-17 21:16:02,091 - main - INFO - 마켓 가격 조회 완료: 50개 항목 (최대 50개 제한)
2026-05-17 21:16:02,091 - main - INFO - 마켓 가격 조회 완료: 50개 항목 (최대 50개 제한)
2026-05-17 21:16:02,093 - main - INFO - [요청 완료] GET /items | 상태코드: 200 | ID: 2026-05-17T21:16:02.018176
2026-05-17 21:16:02,099 - main - INFO - [요청 완료] GET /items | 상태코드: 200 | ID: 2026-05-17T21:16:02.018176
2026-05-17 21:16:02,099 - main - INFO - [요청 완료] GET /items | 상태코드: 200 | ID: 2026-05-17T21:16:02.019368
2026-05-17 21:16:02,099 - main - INFO - [요청 완료] GET /items | 상태코드: 200 | ID: 2026-05-17T21:16:02.019917
2026-05-17 21:16:02,100 - main - INFO - [요청 완료] GET /items | 상태코드: 200 | ID: 2026-05-17T21:16:02.019917
2026-05-17 21:16:02,100 - main - INFO - [요청 완료] GET /items | 상태코드: 200 | ID: 2026-05-17T21:16:02.019917
2026-05-17 21:16:02,102 - main - INFO - 마켓 가격 조회 완료: 50개 항목 (최대 50개 제한)
2026-05-17 21:16:02,103 - main - INFO - [요청 완료] GET /items | 상태코드: 200 | ID: 2026-05-17T21:16:02.019917
2026-05-17 21:16:02,105 - main - INFO - 마켓 가격 조회 완료: 50개 항목 (최대 50개 제한)
2026-05-17 21:16:02,105 - main - INFO - 마켓 가격 조회 완료: 50개 항목 (최대 50개 제한)
2026-05-17 21:16:02,106 - main - INFO - [요청 완료] GET /items | 상태코드: 200 | ID: 2026-05-17T21:16:02.020928
2026-05-17 21:16:02,106 - main - INFO - [요청 완료] GET /items | 상태코드: 200 | ID: 2026-05-17T21:16:02.022441
2026-05-17 21:16:02,107 - main - INFO - 마켓 가격 조회 완료: 50개 항목 (최대 50개 제한)
2026-05-17 21:16:02,108 - main - INFO - [요청 완료] GET /items | 상태코드: 200 | ID: 2026-05-17T21:16:02.018176
2026-05-17 21:16:02,109 - main - INFO - 마켓 가격 조회 완료: 50개 항목 (최대 50개 제한)
2026-05-17 21:16:02,111 - main - INFO - [요청 완료] GET /items | 상태코드: 200 | ID: 2026-05-17T21:16:02.020928
2026-05-17 21:16:02,128 - main - INFO - 마켓 가격 조회 완료: 50개 항목 (최대 50개 제한)
2026-05-17 21:16:02,128 - main - INFO - [요청 완료] GET /items | 상태코드: 200 | ID: 2026-05-17T21:16:02.020928
2026-05-17 21:16:02,133 - main - INFO - 마켓 가격 조회 완료: 50개 항목 (최대 50개 제한)
2026-05-17 21:16:02,136 - main - INFO - 마켓 가격 조회 완료: 50개 항목 (최대 50개 제한)
2026-05-17 21:16:02,136 - main - INFO - [요청 완료] GET /items | 상태코드: 200 | ID: 2026-05-17T21:16:02.020928
2026-05-17 21:16:02,137 - main - INFO - 마켓 가격 조회 완료: 50개 항목 (최대 50개 제한)
2026-05-17 21:16:02,137 - main - INFO - 마켓 가격 조회 완료: 50개 항목 (최대 50개 제한)
2026-05-17 21:16:02,138 - main - INFO - 마켓 가격 조회 완료: 50개 항목 (최대 50개 제한)
2026-05-17 21:16:02,138 - main - INFO - 마켓 가격 조회 완료: 50개 항목 (최대 50개 제한)
2026-05-17 21:16:02,138 - main - INFO - [요청 완료] GET /items | 상태코드: 200 | ID: 2026-05-17T21:16:02.020928
2026-05-17 21:16:02,141 - main - INFO - [요청 완료] GET /items | 상태코드: 200 | ID: 2026-05-17T21:16:02.020928
2026-05-17 21:16:02,143 - main - INFO - [요청 완료] GET /items | 상태코드: 200 | ID: 2026-05-17T21:16:02.020928
2026-05-17 21:16:02,143 - main - INFO - [요청 완료] GET /items | 상태코드: 200 | ID: 2026-05-17T21:16:02.020928
2026-05-17 21:16:02,143 - main - INFO - [요청 완료] GET /items | 상태코드: 200 | ID: 2026-05-17T21:16:02.020928
2026-05-17 21:16:29,684 - main - INFO - FastAPI 애플리케이션 시작
2026-05-17 21:16:47,341 - main - INFO - FastAPI 애플리케이션 시작
2026-05-17 21:17:06,439 - main - INFO - [요청 시작] GET /items | 클라이언트: 127.0.0.1 | ID: 2026-05-17T21:17:06.439615
2026-05-17 21:17:06,441 - main - INFO - 마켓 가격 조회 요청: 검색어='None'
2026-05-17 21:17:06,447 - main - INFO - 마켓 가격 조회 완료: 50개 항목 (최대 50개 제한)
2026-05-17 21:17:06,449 - main - INFO - [요청 완료] GET /items | 상태코드: 200 | ID: 2026-05-17T21:17:06.439615
2026-05-17 21:17:06,450 - main - INFO - [요청 시작] GET /items | 클라이언트: 127.0.0.1 | ID: 2026-05-17T21:17:06.450382
2026-05-17 21:17:06,451 - main - INFO - 마켓 가격 조회 요청: 검색어='None'
2026-05-17 21:17:06,453 - main - INFO - 마켓 가격 조회 완료: 50개 항목 (최대 50개 제한)
2026-05-17 21:17:06,454 - main - INFO - [요청 완료] GET /items | 상태코드: 200 | ID: 2026-05-17T21:17:06.450382
2026-05-17 21:17:20,685 - main - INFO - [요청 시작] GET /api/storage/해표 꽃소금(1kg) | 클라이언트: 127.0.0.1 | ID: 2026-05-17T21:17:20.685962
2026-05-17 21:17:20,687 - main - INFO - 보관 가이드 조회 요청: item_name=해표 꽃소금(1kg)
2026-05-17 21:17:20,693 - main - INFO - 새로운 보관 가이드 생성 시작: item_name=해표 꽃소금(1kg)
2026-05-17 21:17:20,693 - services.ai_service - INFO - 보관 가이드 생성 시작: item_name=해표 꽃소금(1kg)
2026-05-17 21:17:21,009 - services.ai_service - ERROR - Gemini API 시간 초과 또는 네트워크 오류: 404 models/gemini-1.5-flash is not found for API version v1beta, or is not supported for generateContent. Call ModelService.ListModels to see the list of available models and their supported methods.
2026-05-17 21:17:21,011 - services.ai_service - ERROR - Gemini API 호출 실패 (보관 가이드): item_name=해표 꽃소금(1kg), 에러=AI 응답 지연: 10초를 초과하여 요청이 취소되었습니다.
Traceback (most recent call last):
  File "C:\Users\heee1\AppData\Local\Programs\Python\Python312\Lib\site-packages\google\api_core\grpc_helpers.py", line 55, in error_remapped_callable
    return callable_(*args, **kwargs)
           ^^^^^^^^^^^^^^^^^^^^^^^^^^
  File "C:\Users\heee1\AppData\Local\Programs\Python\Python312\Lib\site-packages\grpc\_interceptor.py", line 276, in __call__
    response, ignored_call = self._with_call(
                             ^^^^^^^^^^^^^^^^
  File "C:\Users\heee1\AppData\Local\Programs\Python\Python312\Lib\site-packages\grpc\_interceptor.py", line 331, in _with_call
    return call.result(), call
           ^^^^^^^^^^^^^
  File "C:\Users\heee1\AppData\Local\Programs\Python\Python312\Lib\site-packages\grpc\_channel.py", line 438, in result
    raise self
  File "C:\Users\heee1\AppData\Local\Programs\Python\Python312\Lib\site-packages\grpc\_interceptor.py", line 314, in continuation
    response, call = self._thunk(new_method).with_call(
                     ^^^^^^^^^^^^^^^^^^^^^^^^^^^^^^^^^^
  File "C:\Users\heee1\AppData\Local\Programs\Python\Python312\Lib\site-packages\grpc\_channel.py", line 1173, in with_call
    return _end_unary_response_blocking(state, call, True, None)
           ^^^^^^^^^^^^^^^^^^^^^^^^^^^^^^^^^^^^^^^^^^^^^^^^^^^^^
  File "C:\Users\heee1\AppData\Local\Programs\Python\Python312\Lib\site-packages\grpc\_channel.py", line 990, in _end_unary_response_blocking
    raise _InactiveRpcError(state)  # pytype: disable=not-instantiable
    ^^^^^^^^^^^^^^^^^^^^^^^^^^^^^^
grpc._channel._InactiveRpcError: <_InactiveRpcError of RPC that terminated with:
	status = StatusCode.NOT_FOUND
	details = "models/gemini-1.5-flash is not found for API version v1beta, or is not supported for generateContent. Call ModelService.ListModels to see the list of available models and their supported methods."
	debug_error_string = "UNKNOWN:Error received from peer ipv4:172.217.211.95:443 {grpc_status:5, grpc_message:"models/gemini-1.5-flash is not found for API version v1beta, or is not supported for generateContent. Call ModelService.ListModels to see the list of available models and their supported methods."}"
>

The above exception was the direct cause of the following exception:

Traceback (most recent call last):
  File "C:\dev\GitHub\eco-price-ai\backend\services\ai_service.py", line 149, in generate_storage_guide
    response = model.generate_content(prompt, request_options={"timeout": 10.0})
               ^^^^^^^^^^^^^^^^^^^^^^^^^^^^^^^^^^^^^^^^^^^^^^^^^^^^^^^^^^^^^^^^^
  File "C:\Users\heee1\AppData\Local\Programs\Python\Python312\Lib\site-packages\google\generativeai\generative_models.py", line 331, in generate_content
    response = self._client.generate_content(
               ^^^^^^^^^^^^^^^^^^^^^^^^^^^^^^
  File "C:\Users\heee1\AppData\Local\Programs\Python\Python312\Lib\site-packages\google\ai\generativelanguage_v1beta\services\generative_service\client.py", line 835, in generate_content
    response = rpc(
               ^^^^
  File "C:\Users\heee1\AppData\Local\Programs\Python\Python312\Lib\site-packages\google\api_core\gapic_v1\method.py", line 128, in __call__
    return wrapped_func(*args, **kwargs)
           ^^^^^^^^^^^^^^^^^^^^^^^^^^^^^
  File "C:\Users\heee1\AppData\Local\Programs\Python\Python312\Lib\site-packages\google\api_core\retry\retry_unary.py", line 294, in retry_wrapped_func
    return retry_target(
           ^^^^^^^^^^^^^
  File "C:\Users\heee1\AppData\Local\Programs\Python\Python312\Lib\site-packages\google\api_core\retry\retry_unary.py", line 156, in retry_target
    next_sleep = _retry_error_helper(
                 ^^^^^^^^^^^^^^^^^^^^
  File "C:\Users\heee1\AppData\Local\Programs\Python\Python312\Lib\site-packages\google\api_core\retry\retry_base.py", line 216, in _retry_error_helper
    raise final_exc from source_exc
  File "C:\Users\heee1\AppData\Local\Programs\Python\Python312\Lib\site-packages\google\api_core\retry\retry_unary.py", line 147, in retry_target
    result = target()
             ^^^^^^^^
  File "C:\Users\heee1\AppData\Local\Programs\Python\Python312\Lib\site-packages\google\api_core\timeout.py", line 130, in func_with_timeout
    return func(*args, **kwargs)
           ^^^^^^^^^^^^^^^^^^^^^
  File "C:\Users\heee1\AppData\Local\Programs\Python\Python312\Lib\site-packages\google\api_core\grpc_helpers.py", line 57, in error_remapped_callable
    raise exceptions.from_grpc_error(exc) from exc
google.api_core.exceptions.NotFound: 404 models/gemini-1.5-flash is not found for API version v1beta, or is not supported for generateContent. Call ModelService.ListModels to see the list of available models and their supported methods.

During handling of the above exception, another exception occurred:

Traceback (most recent call last):
  File "C:\dev\GitHub\eco-price-ai\backend\services\ai_service.py", line 152, in generate_storage_guide
    raise TimeoutError("AI 응답 지연: 10초를 초과하여 요청이 취소되었습니다.")
TimeoutError: AI 응답 지연: 10초를 초과하여 요청이 취소되었습니다.
2026-05-17 21:17:21,020 - main - ERROR - 보관 가이드 생성 중 심각한 오류 발생: item_name=해표 꽃소금(1kg), 에러=Gemini API 호출 실패: AI 응답 지연: 10초를 초과하여 요청이 취소되었습니다.
Traceback (most recent call last):
  File "C:\Users\heee1\AppData\Local\Programs\Python\Python312\Lib\site-packages\google\api_core\grpc_helpers.py", line 55, in error_remapped_callable
    return callable_(*args, **kwargs)
           ^^^^^^^^^^^^^^^^^^^^^^^^^^
  File "C:\Users\heee1\AppData\Local\Programs\Python\Python312\Lib\site-packages\grpc\_interceptor.py", line 276, in __call__
    response, ignored_call = self._with_call(
                             ^^^^^^^^^^^^^^^^
  File "C:\Users\heee1\AppData\Local\Programs\Python\Python312\Lib\site-packages\grpc\_interceptor.py", line 331, in _with_call
    return call.result(), call
           ^^^^^^^^^^^^^
  File "C:\Users\heee1\AppData\Local\Programs\Python\Python312\Lib\site-packages\grpc\_channel.py", line 438, in result
    raise self
  File "C:\Users\heee1\AppData\Local\Programs\Python\Python312\Lib\site-packages\grpc\_interceptor.py", line 314, in continuation
    response, call = self._thunk(new_method).with_call(
                     ^^^^^^^^^^^^^^^^^^^^^^^^^^^^^^^^^^
  File "C:\Users\heee1\AppData\Local\Programs\Python\Python312\Lib\site-packages\grpc\_channel.py", line 1173, in with_call
    return _end_unary_response_blocking(state, call, True, None)
           ^^^^^^^^^^^^^^^^^^^^^^^^^^^^^^^^^^^^^^^^^^^^^^^^^^^^^
  File "C:\Users\heee1\AppData\Local\Programs\Python\Python312\Lib\site-packages\grpc\_channel.py", line 990, in _end_unary_response_blocking
    raise _InactiveRpcError(state)  # pytype: disable=not-instantiable
    ^^^^^^^^^^^^^^^^^^^^^^^^^^^^^^
grpc._channel._InactiveRpcError: <_InactiveRpcError of RPC that terminated with:
	status = StatusCode.NOT_FOUND
	details = "models/gemini-1.5-flash is not found for API version v1beta, or is not supported for generateContent. Call ModelService.ListModels to see the list of available models and their supported methods."
	debug_error_string = "UNKNOWN:Error received from peer ipv4:172.217.211.95:443 {grpc_status:5, grpc_message:"models/gemini-1.5-flash is not found for API version v1beta, or is not supported for generateContent. Call ModelService.ListModels to see the list of available models and their supported methods."}"
>

The above exception was the direct cause of the following exception:

Traceback (most recent call last):
  File "C:\dev\GitHub\eco-price-ai\backend\services\ai_service.py", line 149, in generate_storage_guide
    response = model.generate_content(prompt, request_options={"timeout": 10.0})
               ^^^^^^^^^^^^^^^^^^^^^^^^^^^^^^^^^^^^^^^^^^^^^^^^^^^^^^^^^^^^^^^^^
  File "C:\Users\heee1\AppData\Local\Programs\Python\Python312\Lib\site-packages\google\generativeai\generative_models.py", line 331, in generate_content
    response = self._client.generate_content(
               ^^^^^^^^^^^^^^^^^^^^^^^^^^^^^^
  File "C:\Users\heee1\AppData\Local\Programs\Python\Python312\Lib\site-packages\google\ai\generativelanguage_v1beta\services\generative_service\client.py", line 835, in generate_content
    response = rpc(
               ^^^^
  File "C:\Users\heee1\AppData\Local\Programs\Python\Python312\Lib\site-packages\google\api_core\gapic_v1\method.py", line 128, in __call__
    return wrapped_func(*args, **kwargs)
           ^^^^^^^^^^^^^^^^^^^^^^^^^^^^^
  File "C:\Users\heee1\AppData\Local\Programs\Python\Python312\Lib\site-packages\google\api_core\retry\retry_unary.py", line 294, in retry_wrapped_func
    return retry_target(
           ^^^^^^^^^^^^^
  File "C:\Users\heee1\AppData\Local\Programs\Python\Python312\Lib\site-packages\google\api_core\retry\retry_unary.py", line 156, in retry_target
    next_sleep = _retry_error_helper(
                 ^^^^^^^^^^^^^^^^^^^^
  File "C:\Users\heee1\AppData\Local\Programs\Python\Python312\Lib\site-packages\google\api_core\retry\retry_base.py", line 216, in _retry_error_helper
    raise final_exc from source_exc
  File "C:\Users\heee1\AppData\Local\Programs\Python\Python312\Lib\site-packages\google\api_core\retry\retry_unary.py", line 147, in retry_target
    result = target()
             ^^^^^^^^
  File "C:\Users\heee1\AppData\Local\Programs\Python\Python312\Lib\site-packages\google\api_core\timeout.py", line 130, in func_with_timeout
    return func(*args, **kwargs)
           ^^^^^^^^^^^^^^^^^^^^^
  File "C:\Users\heee1\AppData\Local\Programs\Python\Python312\Lib\site-packages\google\api_core\grpc_helpers.py", line 57, in error_remapped_callable
    raise exceptions.from_grpc_error(exc) from exc
google.api_core.exceptions.NotFound: 404 models/gemini-1.5-flash is not found for API version v1beta, or is not supported for generateContent. Call ModelService.ListModels to see the list of available models and their supported methods.

During handling of the above exception, another exception occurred:

Traceback (most recent call last):
  File "C:\dev\GitHub\eco-price-ai\backend\services\ai_service.py", line 152, in generate_storage_guide
    raise TimeoutError("AI 응답 지연: 10초를 초과하여 요청이 취소되었습니다.")
TimeoutError: AI 응답 지연: 10초를 초과하여 요청이 취소되었습니다.

During handling of the above exception, another exception occurred:

Traceback (most recent call last):
  File "C:\dev\GitHub\eco-price-ai\backend\main.py", line 217, in get_storage_guide
    storage_data = generate_storage_guide(item_name)
                   ^^^^^^^^^^^^^^^^^^^^^^^^^^^^^^^^^
  File "C:\dev\GitHub\eco-price-ai\backend\services\ai_service.py", line 180, in generate_storage_guide
    raise Exception(f"Gemini API 호출 실패: {str(e)}")
Exception: Gemini API 호출 실패: AI 응답 지연: 10초를 초과하여 요청이 취소되었습니다.
2026-05-17 21:17:21,022 - database - ERROR - 데이터베이스 세션 중 오류 발생: 500: 보관 가이드 생성 오류: Gemini API 호출 실패: AI 응답 지연: 10초를 초과하여 요청이 취소되었습니다.
Traceback (most recent call last):
  File "C:\Users\heee1\AppData\Local\Programs\Python\Python312\Lib\site-packages\google\api_core\grpc_helpers.py", line 55, in error_remapped_callable
    return callable_(*args, **kwargs)
           ^^^^^^^^^^^^^^^^^^^^^^^^^^
  File "C:\Users\heee1\AppData\Local\Programs\Python\Python312\Lib\site-packages\grpc\_interceptor.py", line 276, in __call__
    response, ignored_call = self._with_call(
                             ^^^^^^^^^^^^^^^^
  File "C:\Users\heee1\AppData\Local\Programs\Python\Python312\Lib\site-packages\grpc\_interceptor.py", line 331, in _with_call
    return call.result(), call
           ^^^^^^^^^^^^^
  File "C:\Users\heee1\AppData\Local\Programs\Python\Python312\Lib\site-packages\grpc\_channel.py", line 438, in result
    raise self
  File "C:\Users\heee1\AppData\Local\Programs\Python\Python312\Lib\site-packages\grpc\_interceptor.py", line 314, in continuation
    response, call = self._thunk(new_method).with_call(
                     ^^^^^^^^^^^^^^^^^^^^^^^^^^^^^^^^^^
  File "C:\Users\heee1\AppData\Local\Programs\Python\Python312\Lib\site-packages\grpc\_channel.py", line 1173, in with_call
    return _end_unary_response_blocking(state, call, True, None)
           ^^^^^^^^^^^^^^^^^^^^^^^^^^^^^^^^^^^^^^^^^^^^^^^^^^^^^
  File "C:\Users\heee1\AppData\Local\Programs\Python\Python312\Lib\site-packages\grpc\_channel.py", line 990, in _end_unary_response_blocking
    raise _InactiveRpcError(state)  # pytype: disable=not-instantiable
    ^^^^^^^^^^^^^^^^^^^^^^^^^^^^^^
grpc._channel._InactiveRpcError: <_InactiveRpcError of RPC that terminated with:
	status = StatusCode.NOT_FOUND
	details = "models/gemini-1.5-flash is not found for API version v1beta, or is not supported for generateContent. Call ModelService.ListModels to see the list of available models and their supported methods."
	debug_error_string = "UNKNOWN:Error received from peer ipv4:172.217.211.95:443 {grpc_status:5, grpc_message:"models/gemini-1.5-flash is not found for API version v1beta, or is not supported for generateContent. Call ModelService.ListModels to see the list of available models and their supported methods."}"
>

The above exception was the direct cause of the following exception:

Traceback (most recent call last):
  File "C:\dev\GitHub\eco-price-ai\backend\services\ai_service.py", line 149, in generate_storage_guide
    response = model.generate_content(prompt, request_options={"timeout": 10.0})
               ^^^^^^^^^^^^^^^^^^^^^^^^^^^^^^^^^^^^^^^^^^^^^^^^^^^^^^^^^^^^^^^^^
  File "C:\Users\heee1\AppData\Local\Programs\Python\Python312\Lib\site-packages\google\generativeai\generative_models.py", line 331, in generate_content
    response = self._client.generate_content(
               ^^^^^^^^^^^^^^^^^^^^^^^^^^^^^^
  File "C:\Users\heee1\AppData\Local\Programs\Python\Python312\Lib\site-packages\google\ai\generativelanguage_v1beta\services\generative_service\client.py", line 835, in generate_content
    response = rpc(
               ^^^^
  File "C:\Users\heee1\AppData\Local\Programs\Python\Python312\Lib\site-packages\google\api_core\gapic_v1\method.py", line 128, in __call__
    return wrapped_func(*args, **kwargs)
           ^^^^^^^^^^^^^^^^^^^^^^^^^^^^^
  File "C:\Users\heee1\AppData\Local\Programs\Python\Python312\Lib\site-packages\google\api_core\retry\retry_unary.py", line 294, in retry_wrapped_func
    return retry_target(
           ^^^^^^^^^^^^^
  File "C:\Users\heee1\AppData\Local\Programs\Python\Python312\Lib\site-packages\google\api_core\retry\retry_unary.py", line 156, in retry_target
    next_sleep = _retry_error_helper(
                 ^^^^^^^^^^^^^^^^^^^^
  File "C:\Users\heee1\AppData\Local\Programs\Python\Python312\Lib\site-packages\google\api_core\retry\retry_base.py", line 216, in _retry_error_helper
    raise final_exc from source_exc
  File "C:\Users\heee1\AppData\Local\Programs\Python\Python312\Lib\site-packages\google\api_core\retry\retry_unary.py", line 147, in retry_target
    result = target()
             ^^^^^^^^
  File "C:\Users\heee1\AppData\Local\Programs\Python\Python312\Lib\site-packages\google\api_core\timeout.py", line 130, in func_with_timeout
    return func(*args, **kwargs)
           ^^^^^^^^^^^^^^^^^^^^^
  File "C:\Users\heee1\AppData\Local\Programs\Python\Python312\Lib\site-packages\google\api_core\grpc_helpers.py", line 57, in error_remapped_callable
    raise exceptions.from_grpc_error(exc) from exc
google.api_core.exceptions.NotFound: 404 models/gemini-1.5-flash is not found for API version v1beta, or is not supported for generateContent. Call ModelService.ListModels to see the list of available models and their supported methods.

During handling of the above exception, another exception occurred:

Traceback (most recent call last):
  File "C:\dev\GitHub\eco-price-ai\backend\services\ai_service.py", line 152, in generate_storage_guide
    raise TimeoutError("AI 응답 지연: 10초를 초과하여 요청이 취소되었습니다.")
TimeoutError: AI 응답 지연: 10초를 초과하여 요청이 취소되었습니다.

During handling of the above exception, another exception occurred:

Traceback (most recent call last):
  File "C:\dev\GitHub\eco-price-ai\backend\main.py", line 217, in get_storage_guide
    storage_data = generate_storage_guide(item_name)
                   ^^^^^^^^^^^^^^^^^^^^^^^^^^^^^^^^^
  File "C:\dev\GitHub\eco-price-ai\backend\services\ai_service.py", line 180, in generate_storage_guide
    raise Exception(f"Gemini API 호출 실패: {str(e)}")
Exception: Gemini API 호출 실패: AI 응답 지연: 10초를 초과하여 요청이 취소되었습니다.

During handling of the above exception, another exception occurred:

Traceback (most recent call last):
  File "C:\dev\GitHub\eco-price-ai\backend\database.py", line 53, in get_db
    yield db
  File "C:\Users\heee1\AppData\Local\Programs\Python\Python312\Lib\site-packages\fastapi\concurrency.py", line 29, in contextmanager_in_threadpool
    yield await run_in_threadpool(cm.__enter__)
  File "C:\Users\heee1\AppData\Local\Programs\Python\Python312\Lib\site-packages\fastapi\routing.py", line 120, in app
    response = await f(request)
               ^^^^^^^^^^^^^^^^
  File "C:\Users\heee1\AppData\Local\Programs\Python\Python312\Lib\site-packages\fastapi\routing.py", line 674, in app
    raw_response = await run_endpoint_function(
                   ^^^^^^^^^^^^^^^^^^^^^^^^^^^^
  File "C:\Users\heee1\AppData\Local\Programs\Python\Python312\Lib\site-packages\fastapi\routing.py", line 330, in run_endpoint_function
    return await run_in_threadpool(dependant.call, **values)
           ^^^^^^^^^^^^^^^^^^^^^^^^^^^^^^^^^^^^^^^^^^^^^^^^^
  File "C:\Users\heee1\AppData\Local\Programs\Python\Python312\Lib\site-packages\starlette\concurrency.py", line 32, in run_in_threadpool
    return await anyio.to_thread.run_sync(func)
           ^^^^^^^^^^^^^^^^^^^^^^^^^^^^^^^^^^^^
  File "C:\Users\heee1\AppData\Local\Programs\Python\Python312\Lib\site-packages\anyio\to_thread.py", line 63, in run_sync
    return await get_async_backend().run_sync_in_worker_thread(
           ^^^^^^^^^^^^^^^^^^^^^^^^^^^^^^^^^^^^^^^^^^^^^^^^^^^^
  File "C:\Users\heee1\AppData\Local\Programs\Python\Python312\Lib\site-packages\anyio\_backends\_asyncio.py", line 2518, in run_sync_in_worker_thread
    return await future
           ^^^^^^^^^^^^
  File "C:\Users\heee1\AppData\Local\Programs\Python\Python312\Lib\site-packages\anyio\_backends\_asyncio.py", line 1002, in run
    result = context.run(func, *args)
             ^^^^^^^^^^^^^^^^^^^^^^^^
  File "C:\dev\GitHub\eco-price-ai\backend\main.py", line 242, in get_storage_guide
    raise HTTPException(status_code=500, detail=f"보관 가이드 생성 오류: {str(e)}")
fastapi.exceptions.HTTPException: 500: 보관 가이드 생성 오류: Gemini API 호출 실패: AI 응답 지연: 10초를 초과하여 요청이 취소되었습니다.
2026-05-17 21:17:21,027 - main - INFO - [요청 완료] GET /api/storage/해표 꽃소금(1kg) | 상태코드: 500 | ID: 2026-05-17T21:17:20.685962
2026-05-17 21:28:31,516 - main - INFO - [요청 시작] GET /api/storage/해표 꽃소금(1kg) | 클라이언트: 127.0.0.1 | ID: 2026-05-17T21:28:31.516922
2026-05-17 21:28:31,516 - main - INFO - 보관 가이드 조회 요청: item_name=해표 꽃소금(1kg)
2026-05-17 21:28:31,520 - main - INFO - 새로운 보관 가이드 생성 시작: item_name=해표 꽃소금(1kg)
2026-05-17 21:28:31,520 - services.ai_service - INFO - 보관 가이드 생성 시작: item_name=해표 꽃소금(1kg)
2026-05-17 21:28:31,793 - services.ai_service - ERROR - Gemini API 시간 초과 또는 네트워크 오류: 404 models/gemini-1.5-flash is not found for API version v1beta, or is not supported for generateContent. Call ModelService.ListModels to see the list of available models and their supported methods.
2026-05-17 21:28:31,794 - services.ai_service - ERROR - Gemini API 호출 실패 (보관 가이드): item_name=해표 꽃소금(1kg), 에러=AI 응답 지연: 10초를 초과하여 요청이 취소되었습니다.
Traceback (most recent call last):
  File "C:\Users\heee1\AppData\Local\Programs\Python\Python312\Lib\site-packages\google\api_core\grpc_helpers.py", line 55, in error_remapped_callable
    return callable_(*args, **kwargs)
           ^^^^^^^^^^^^^^^^^^^^^^^^^^
  File "C:\Users\heee1\AppData\Local\Programs\Python\Python312\Lib\site-packages\grpc\_interceptor.py", line 276, in __call__
    response, ignored_call = self._with_call(
                             ^^^^^^^^^^^^^^^^
  File "C:\Users\heee1\AppData\Local\Programs\Python\Python312\Lib\site-packages\grpc\_interceptor.py", line 331, in _with_call
    return call.result(), call
           ^^^^^^^^^^^^^
  File "C:\Users\heee1\AppData\Local\Programs\Python\Python312\Lib\site-packages\grpc\_channel.py", line 438, in result
    raise self
  File "C:\Users\heee1\AppData\Local\Programs\Python\Python312\Lib\site-packages\grpc\_interceptor.py", line 314, in continuation
    response, call = self._thunk(new_method).with_call(
                     ^^^^^^^^^^^^^^^^^^^^^^^^^^^^^^^^^^
  File "C:\Users\heee1\AppData\Local\Programs\Python\Python312\Lib\site-packages\grpc\_channel.py", line 1173, in with_call
    return _end_unary_response_blocking(state, call, True, None)
           ^^^^^^^^^^^^^^^^^^^^^^^^^^^^^^^^^^^^^^^^^^^^^^^^^^^^^
  File "C:\Users\heee1\AppData\Local\Programs\Python\Python312\Lib\site-packages\grpc\_channel.py", line 990, in _end_unary_response_blocking
    raise _InactiveRpcError(state)  # pytype: disable=not-instantiable
    ^^^^^^^^^^^^^^^^^^^^^^^^^^^^^^
grpc._channel._InactiveRpcError: <_InactiveRpcError of RPC that terminated with:
	status = StatusCode.NOT_FOUND
	details = "models/gemini-1.5-flash is not found for API version v1beta, or is not supported for generateContent. Call ModelService.ListModels to see the list of available models and their supported methods."
	debug_error_string = "UNKNOWN:Error received from peer ipv4:142.250.23.95:443 {grpc_message:"models/gemini-1.5-flash is not found for API version v1beta, or is not supported for generateContent. Call ModelService.ListModels to see the list of available models and their supported methods.", grpc_status:5}"
>

The above exception was the direct cause of the following exception:

Traceback (most recent call last):
  File "C:\dev\GitHub\eco-price-ai\backend\services\ai_service.py", line 149, in generate_storage_guide
    response = model.generate_content(prompt, request_options={"timeout": 10.0})
               ^^^^^^^^^^^^^^^^^^^^^^^^^^^^^^^^^^^^^^^^^^^^^^^^^^^^^^^^^^^^^^^^^
  File "C:\Users\heee1\AppData\Local\Programs\Python\Python312\Lib\site-packages\google\generativeai\generative_models.py", line 331, in generate_content
    response = self._client.generate_content(
               ^^^^^^^^^^^^^^^^^^^^^^^^^^^^^^
  File "C:\Users\heee1\AppData\Local\Programs\Python\Python312\Lib\site-packages\google\ai\generativelanguage_v1beta\services\generative_service\client.py", line 835, in generate_content
    response = rpc(
               ^^^^
  File "C:\Users\heee1\AppData\Local\Programs\Python\Python312\Lib\site-packages\google\api_core\gapic_v1\method.py", line 128, in __call__
    return wrapped_func(*args, **kwargs)
           ^^^^^^^^^^^^^^^^^^^^^^^^^^^^^
  File "C:\Users\heee1\AppData\Local\Programs\Python\Python312\Lib\site-packages\google\api_core\retry\retry_unary.py", line 294, in retry_wrapped_func
    return retry_target(
           ^^^^^^^^^^^^^
  File "C:\Users\heee1\AppData\Local\Programs\Python\Python312\Lib\site-packages\google\api_core\retry\retry_unary.py", line 156, in retry_target
    next_sleep = _retry_error_helper(
                 ^^^^^^^^^^^^^^^^^^^^
  File "C:\Users\heee1\AppData\Local\Programs\Python\Python312\Lib\site-packages\google\api_core\retry\retry_base.py", line 216, in _retry_error_helper
    raise final_exc from source_exc
  File "C:\Users\heee1\AppData\Local\Programs\Python\Python312\Lib\site-packages\google\api_core\retry\retry_unary.py", line 147, in retry_target
    result = target()
             ^^^^^^^^
  File "C:\Users\heee1\AppData\Local\Programs\Python\Python312\Lib\site-packages\google\api_core\timeout.py", line 130, in func_with_timeout
    return func(*args, **kwargs)
           ^^^^^^^^^^^^^^^^^^^^^
  File "C:\Users\heee1\AppData\Local\Programs\Python\Python312\Lib\site-packages\google\api_core\grpc_helpers.py", line 57, in error_remapped_callable
    raise exceptions.from_grpc_error(exc) from exc
google.api_core.exceptions.NotFound: 404 models/gemini-1.5-flash is not found for API version v1beta, or is not supported for generateContent. Call ModelService.ListModels to see the list of available models and their supported methods.

During handling of the above exception, another exception occurred:

Traceback (most recent call last):
  File "C:\dev\GitHub\eco-price-ai\backend\services\ai_service.py", line 152, in generate_storage_guide
    raise TimeoutError("AI 응답 지연: 10초를 초과하여 요청이 취소되었습니다.")
TimeoutError: AI 응답 지연: 10초를 초과하여 요청이 취소되었습니다.
2026-05-17 21:28:31,796 - main - ERROR - 보관 가이드 생성 중 심각한 오류 발생: item_name=해표 꽃소금(1kg), 에러=Gemini API 호출 실패: AI 응답 지연: 10초를 초과하여 요청이 취소되었습니다.
Traceback (most recent call last):
  File "C:\Users\heee1\AppData\Local\Programs\Python\Python312\Lib\site-packages\google\api_core\grpc_helpers.py", line 55, in error_remapped_callable
    return callable_(*args, **kwargs)
           ^^^^^^^^^^^^^^^^^^^^^^^^^^
  File "C:\Users\heee1\AppData\Local\Programs\Python\Python312\Lib\site-packages\grpc\_interceptor.py", line 276, in __call__
    response, ignored_call = self._with_call(
                             ^^^^^^^^^^^^^^^^
  File "C:\Users\heee1\AppData\Local\Programs\Python\Python312\Lib\site-packages\grpc\_interceptor.py", line 331, in _with_call
    return call.result(), call
           ^^^^^^^^^^^^^
  File "C:\Users\heee1\AppData\Local\Programs\Python\Python312\Lib\site-packages\grpc\_channel.py", line 438, in result
    raise self
  File "C:\Users\heee1\AppData\Local\Programs\Python\Python312\Lib\site-packages\grpc\_interceptor.py", line 314, in continuation
    response, call = self._thunk(new_method).with_call(
                     ^^^^^^^^^^^^^^^^^^^^^^^^^^^^^^^^^^
  File "C:\Users\heee1\AppData\Local\Programs\Python\Python312\Lib\site-packages\grpc\_channel.py", line 1173, in with_call
    return _end_unary_response_blocking(state, call, True, None)
           ^^^^^^^^^^^^^^^^^^^^^^^^^^^^^^^^^^^^^^^^^^^^^^^^^^^^^
  File "C:\Users\heee1\AppData\Local\Programs\Python\Python312\Lib\site-packages\grpc\_channel.py", line 990, in _end_unary_response_blocking
    raise _InactiveRpcError(state)  # pytype: disable=not-instantiable
    ^^^^^^^^^^^^^^^^^^^^^^^^^^^^^^
grpc._channel._InactiveRpcError: <_InactiveRpcError of RPC that terminated with:
	status = StatusCode.NOT_FOUND
	details = "models/gemini-1.5-flash is not found for API version v1beta, or is not supported for generateContent. Call ModelService.ListModels to see the list of available models and their supported methods."
	debug_error_string = "UNKNOWN:Error received from peer ipv4:142.250.23.95:443 {grpc_message:"models/gemini-1.5-flash is not found for API version v1beta, or is not supported for generateContent. Call ModelService.ListModels to see the list of available models and their supported methods.", grpc_status:5}"
>

The above exception was the direct cause of the following exception:

Traceback (most recent call last):
  File "C:\dev\GitHub\eco-price-ai\backend\services\ai_service.py", line 149, in generate_storage_guide
    response = model.generate_content(prompt, request_options={"timeout": 10.0})
               ^^^^^^^^^^^^^^^^^^^^^^^^^^^^^^^^^^^^^^^^^^^^^^^^^^^^^^^^^^^^^^^^^
  File "C:\Users\heee1\AppData\Local\Programs\Python\Python312\Lib\site-packages\google\generativeai\generative_models.py", line 331, in generate_content
    response = self._client.generate_content(
               ^^^^^^^^^^^^^^^^^^^^^^^^^^^^^^
  File "C:\Users\heee1\AppData\Local\Programs\Python\Python312\Lib\site-packages\google\ai\generativelanguage_v1beta\services\generative_service\client.py", line 835, in generate_content
    response = rpc(
               ^^^^
  File "C:\Users\heee1\AppData\Local\Programs\Python\Python312\Lib\site-packages\google\api_core\gapic_v1\method.py", line 128, in __call__
    return wrapped_func(*args, **kwargs)
           ^^^^^^^^^^^^^^^^^^^^^^^^^^^^^
  File "C:\Users\heee1\AppData\Local\Programs\Python\Python312\Lib\site-packages\google\api_core\retry\retry_unary.py", line 294, in retry_wrapped_func
    return retry_target(
           ^^^^^^^^^^^^^
  File "C:\Users\heee1\AppData\Local\Programs\Python\Python312\Lib\site-packages\google\api_core\retry\retry_unary.py", line 156, in retry_target
    next_sleep = _retry_error_helper(
                 ^^^^^^^^^^^^^^^^^^^^
  File "C:\Users\heee1\AppData\Local\Programs\Python\Python312\Lib\site-packages\google\api_core\retry\retry_base.py", line 216, in _retry_error_helper
    raise final_exc from source_exc
  File "C:\Users\heee1\AppData\Local\Programs\Python\Python312\Lib\site-packages\google\api_core\retry\retry_unary.py", line 147, in retry_target
    result = target()
             ^^^^^^^^
  File "C:\Users\heee1\AppData\Local\Programs\Python\Python312\Lib\site-packages\google\api_core\timeout.py", line 130, in func_with_timeout
    return func(*args, **kwargs)
           ^^^^^^^^^^^^^^^^^^^^^
  File "C:\Users\heee1\AppData\Local\Programs\Python\Python312\Lib\site-packages\google\api_core\grpc_helpers.py", line 57, in error_remapped_callable
    raise exceptions.from_grpc_error(exc) from exc
google.api_core.exceptions.NotFound: 404 models/gemini-1.5-flash is not found for API version v1beta, or is not supported for generateContent. Call ModelService.ListModels to see the list of available models and their supported methods.

During handling of the above exception, another exception occurred:

Traceback (most recent call last):
  File "C:\dev\GitHub\eco-price-ai\backend\services\ai_service.py", line 152, in generate_storage_guide
    raise TimeoutError("AI 응답 지연: 10초를 초과하여 요청이 취소되었습니다.")
TimeoutError: AI 응답 지연: 10초를 초과하여 요청이 취소되었습니다.

During handling of the above exception, another exception occurred:

Traceback (most recent call last):
  File "C:\dev\GitHub\eco-price-ai\backend\main.py", line 217, in get_storage_guide
    storage_data = generate_storage_guide(item_name)
                   ^^^^^^^^^^^^^^^^^^^^^^^^^^^^^^^^^
  File "C:\dev\GitHub\eco-price-ai\backend\services\ai_service.py", line 180, in generate_storage_guide
    raise Exception(f"Gemini API 호출 실패: {str(e)}")
Exception: Gemini API 호출 실패: AI 응답 지연: 10초를 초과하여 요청이 취소되었습니다.
2026-05-17 21:28:31,798 - database - ERROR - 데이터베이스 세션 중 오류 발생: 500: 보관 가이드 생성 오류: Gemini API 호출 실패: AI 응답 지연: 10초를 초과하여 요청이 취소되었습니다.
Traceback (most recent call last):
  File "C:\Users\heee1\AppData\Local\Programs\Python\Python312\Lib\site-packages\google\api_core\grpc_helpers.py", line 55, in error_remapped_callable
    return callable_(*args, **kwargs)
           ^^^^^^^^^^^^^^^^^^^^^^^^^^
  File "C:\Users\heee1\AppData\Local\Programs\Python\Python312\Lib\site-packages\grpc\_interceptor.py", line 276, in __call__
    response, ignored_call = self._with_call(
                             ^^^^^^^^^^^^^^^^
  File "C:\Users\heee1\AppData\Local\Programs\Python\Python312\Lib\site-packages\grpc\_interceptor.py", line 331, in _with_call
    return call.result(), call
           ^^^^^^^^^^^^^
  File "C:\Users\heee1\AppData\Local\Programs\Python\Python312\Lib\site-packages\grpc\_channel.py", line 438, in result
    raise self
  File "C:\Users\heee1\AppData\Local\Programs\Python\Python312\Lib\site-packages\grpc\_interceptor.py", line 314, in continuation
    response, call = self._thunk(new_method).with_call(
                     ^^^^^^^^^^^^^^^^^^^^^^^^^^^^^^^^^^
  File "C:\Users\heee1\AppData\Local\Programs\Python\Python312\Lib\site-packages\grpc\_channel.py", line 1173, in with_call
    return _end_unary_response_blocking(state, call, True, None)
           ^^^^^^^^^^^^^^^^^^^^^^^^^^^^^^^^^^^^^^^^^^^^^^^^^^^^^
  File "C:\Users\heee1\AppData\Local\Programs\Python\Python312\Lib\site-packages\grpc\_channel.py", line 990, in _end_unary_response_blocking
    raise _InactiveRpcError(state)  # pytype: disable=not-instantiable
    ^^^^^^^^^^^^^^^^^^^^^^^^^^^^^^
grpc._channel._InactiveRpcError: <_InactiveRpcError of RPC that terminated with:
	status = StatusCode.NOT_FOUND
	details = "models/gemini-1.5-flash is not found for API version v1beta, or is not supported for generateContent. Call ModelService.ListModels to see the list of available models and their supported methods."
	debug_error_string = "UNKNOWN:Error received from peer ipv4:142.250.23.95:443 {grpc_message:"models/gemini-1.5-flash is not found for API version v1beta, or is not supported for generateContent. Call ModelService.ListModels to see the list of available models and their supported methods.", grpc_status:5}"
>

The above exception was the direct cause of the following exception:

Traceback (most recent call last):
  File "C:\dev\GitHub\eco-price-ai\backend\services\ai_service.py", line 149, in generate_storage_guide
    response = model.generate_content(prompt, request_options={"timeout": 10.0})
               ^^^^^^^^^^^^^^^^^^^^^^^^^^^^^^^^^^^^^^^^^^^^^^^^^^^^^^^^^^^^^^^^^
  File "C:\Users\heee1\AppData\Local\Programs\Python\Python312\Lib\site-packages\google\generativeai\generative_models.py", line 331, in generate_content
    response = self._client.generate_content(
               ^^^^^^^^^^^^^^^^^^^^^^^^^^^^^^
  File "C:\Users\heee1\AppData\Local\Programs\Python\Python312\Lib\site-packages\google\ai\generativelanguage_v1beta\services\generative_service\client.py", line 835, in generate_content
    response = rpc(
               ^^^^
  File "C:\Users\heee1\AppData\Local\Programs\Python\Python312\Lib\site-packages\google\api_core\gapic_v1\method.py", line 128, in __call__
    return wrapped_func(*args, **kwargs)
           ^^^^^^^^^^^^^^^^^^^^^^^^^^^^^
  File "C:\Users\heee1\AppData\Local\Programs\Python\Python312\Lib\site-packages\google\api_core\retry\retry_unary.py", line 294, in retry_wrapped_func
    return retry_target(
           ^^^^^^^^^^^^^
  File "C:\Users\heee1\AppData\Local\Programs\Python\Python312\Lib\site-packages\google\api_core\retry\retry_unary.py", line 156, in retry_target
    next_sleep = _retry_error_helper(
                 ^^^^^^^^^^^^^^^^^^^^
  File "C:\Users\heee1\AppData\Local\Programs\Python\Python312\Lib\site-packages\google\api_core\retry\retry_base.py", line 216, in _retry_error_helper
    raise final_exc from source_exc
  File "C:\Users\heee1\AppData\Local\Programs\Python\Python312\Lib\site-packages\google\api_core\retry\retry_unary.py", line 147, in retry_target
    result = target()
             ^^^^^^^^
  File "C:\Users\heee1\AppData\Local\Programs\Python\Python312\Lib\site-packages\google\api_core\timeout.py", line 130, in func_with_timeout
    return func(*args, **kwargs)
           ^^^^^^^^^^^^^^^^^^^^^
  File "C:\Users\heee1\AppData\Local\Programs\Python\Python312\Lib\site-packages\google\api_core\grpc_helpers.py", line 57, in error_remapped_callable
    raise exceptions.from_grpc_error(exc) from exc
google.api_core.exceptions.NotFound: 404 models/gemini-1.5-flash is not found for API version v1beta, or is not supported for generateContent. Call ModelService.ListModels to see the list of available models and their supported methods.

During handling of the above exception, another exception occurred:

Traceback (most recent call last):
  File "C:\dev\GitHub\eco-price-ai\backend\services\ai_service.py", line 152, in generate_storage_guide
    raise TimeoutError("AI 응답 지연: 10초를 초과하여 요청이 취소되었습니다.")
TimeoutError: AI 응답 지연: 10초를 초과하여 요청이 취소되었습니다.

During handling of the above exception, another exception occurred:

Traceback (most recent call last):
  File "C:\dev\GitHub\eco-price-ai\backend\main.py", line 217, in get_storage_guide
    storage_data = generate_storage_guide(item_name)
                   ^^^^^^^^^^^^^^^^^^^^^^^^^^^^^^^^^
  File "C:\dev\GitHub\eco-price-ai\backend\services\ai_service.py", line 180, in generate_storage_guide
    raise Exception(f"Gemini API 호출 실패: {str(e)}")
Exception: Gemini API 호출 실패: AI 응답 지연: 10초를 초과하여 요청이 취소되었습니다.

During handling of the above exception, another exception occurred:

Traceback (most recent call last):
  File "C:\dev\GitHub\eco-price-ai\backend\database.py", line 53, in get_db
    yield db
  File "C:\Users\heee1\AppData\Local\Programs\Python\Python312\Lib\site-packages\fastapi\concurrency.py", line 29, in contextmanager_in_threadpool
    yield await run_in_threadpool(cm.__enter__)
  File "C:\Users\heee1\AppData\Local\Programs\Python\Python312\Lib\site-packages\fastapi\routing.py", line 120, in app
    response = await f(request)
               ^^^^^^^^^^^^^^^^
  File "C:\Users\heee1\AppData\Local\Programs\Python\Python312\Lib\site-packages\fastapi\routing.py", line 674, in app
    raw_response = await run_endpoint_function(
                   ^^^^^^^^^^^^^^^^^^^^^^^^^^^^
  File "C:\Users\heee1\AppData\Local\Programs\Python\Python312\Lib\site-packages\fastapi\routing.py", line 330, in run_endpoint_function
    return await run_in_threadpool(dependant.call, **values)
           ^^^^^^^^^^^^^^^^^^^^^^^^^^^^^^^^^^^^^^^^^^^^^^^^^
  File "C:\Users\heee1\AppData\Local\Programs\Python\Python312\Lib\site-packages\starlette\concurrency.py", line 32, in run_in_threadpool
    return await anyio.to_thread.run_sync(func)
           ^^^^^^^^^^^^^^^^^^^^^^^^^^^^^^^^^^^^
  File "C:\Users\heee1\AppData\Local\Programs\Python\Python312\Lib\site-packages\anyio\to_thread.py", line 63, in run_sync
    return await get_async_backend().run_sync_in_worker_thread(
           ^^^^^^^^^^^^^^^^^^^^^^^^^^^^^^^^^^^^^^^^^^^^^^^^^^^^
  File "C:\Users\heee1\AppData\Local\Programs\Python\Python312\Lib\site-packages\anyio\_backends\_asyncio.py", line 2518, in run_sync_in_worker_thread
    return await future
           ^^^^^^^^^^^^
  File "C:\Users\heee1\AppData\Local\Programs\Python\Python312\Lib\site-packages\anyio\_backends\_asyncio.py", line 1002, in run
    result = context.run(func, *args)
             ^^^^^^^^^^^^^^^^^^^^^^^^
  File "C:\dev\GitHub\eco-price-ai\backend\main.py", line 242, in get_storage_guide
    raise HTTPException(status_code=500, detail=f"보관 가이드 생성 오류: {str(e)}")
fastapi.exceptions.HTTPException: 500: 보관 가이드 생성 오류: Gemini API 호출 실패: AI 응답 지연: 10초를 초과하여 요청이 취소되었습니다.
2026-05-17 21:28:31,800 - main - INFO - [요청 완료] GET /api/storage/해표 꽃소금(1kg) | 상태코드: 500 | ID: 2026-05-17T21:28:31.516922
2026-05-17 21:28:35,012 - main - INFO - [요청 시작] GET /items | 클라이언트: 127.0.0.1 | ID: 2026-05-17T21:28:35.012039
2026-05-17 21:28:35,014 - main - INFO - 마켓 가격 조회 요청: 검색어='None'
2026-05-17 21:28:35,015 - main - INFO - 마켓 가격 조회 완료: 50개 항목 (최대 50개 제한)
2026-05-17 21:28:35,019 - main - INFO - [요청 완료] GET /items | 상태코드: 200 | ID: 2026-05-17T21:28:35.012039
2026-05-17 21:28:57,683 - main - INFO - [요청 시작] GET /api/storage/해표 꽃소금(1kg) | 클라이언트: 127.0.0.1 | ID: 2026-05-17T21:28:57.683121
2026-05-17 21:28:57,684 - main - INFO - 보관 가이드 조회 요청: item_name=해표 꽃소금(1kg)
2026-05-17 21:28:57,684 - main - INFO - 새로운 보관 가이드 생성 시작: item_name=해표 꽃소금(1kg)
2026-05-17 21:28:57,684 - services.ai_service - INFO - 보관 가이드 생성 시작: item_name=해표 꽃소금(1kg)
2026-05-17 21:28:57,813 - services.ai_service - ERROR - Gemini API 시간 초과 또는 네트워크 오류: 404 models/gemini-1.5-flash is not found for API version v1beta, or is not supported for generateContent. Call ModelService.ListModels to see the list of available models and their supported methods.
2026-05-17 21:28:57,813 - services.ai_service - ERROR - Gemini API 호출 실패 (보관 가이드): item_name=해표 꽃소금(1kg), 에러=AI 응답 지연: 10초를 초과하여 요청이 취소되었습니다.
Traceback (most recent call last):
  File "C:\Users\heee1\AppData\Local\Programs\Python\Python312\Lib\site-packages\google\api_core\grpc_helpers.py", line 55, in error_remapped_callable
    return callable_(*args, **kwargs)
           ^^^^^^^^^^^^^^^^^^^^^^^^^^
  File "C:\Users\heee1\AppData\Local\Programs\Python\Python312\Lib\site-packages\grpc\_interceptor.py", line 276, in __call__
    response, ignored_call = self._with_call(
                             ^^^^^^^^^^^^^^^^
  File "C:\Users\heee1\AppData\Local\Programs\Python\Python312\Lib\site-packages\grpc\_interceptor.py", line 331, in _with_call
    return call.result(), call
           ^^^^^^^^^^^^^
  File "C:\Users\heee1\AppData\Local\Programs\Python\Python312\Lib\site-packages\grpc\_channel.py", line 438, in result
    raise self
  File "C:\Users\heee1\AppData\Local\Programs\Python\Python312\Lib\site-packages\grpc\_interceptor.py", line 314, in continuation
    response, call = self._thunk(new_method).with_call(
                     ^^^^^^^^^^^^^^^^^^^^^^^^^^^^^^^^^^
  File "C:\Users\heee1\AppData\Local\Programs\Python\Python312\Lib\site-packages\grpc\_channel.py", line 1173, in with_call
    return _end_unary_response_blocking(state, call, True, None)
           ^^^^^^^^^^^^^^^^^^^^^^^^^^^^^^^^^^^^^^^^^^^^^^^^^^^^^
  File "C:\Users\heee1\AppData\Local\Programs\Python\Python312\Lib\site-packages\grpc\_channel.py", line 990, in _end_unary_response_blocking
    raise _InactiveRpcError(state)  # pytype: disable=not-instantiable
    ^^^^^^^^^^^^^^^^^^^^^^^^^^^^^^
grpc._channel._InactiveRpcError: <_InactiveRpcError of RPC that terminated with:
	status = StatusCode.NOT_FOUND
	details = "models/gemini-1.5-flash is not found for API version v1beta, or is not supported for generateContent. Call ModelService.ListModels to see the list of available models and their supported methods."
	debug_error_string = "UNKNOWN:Error received from peer ipv4:142.250.23.95:443 {grpc_status:5, grpc_message:"models/gemini-1.5-flash is not found for API version v1beta, or is not supported for generateContent. Call ModelService.ListModels to see the list of available models and their supported methods."}"
>

The above exception was the direct cause of the following exception:

Traceback (most recent call last):
  File "C:\dev\GitHub\eco-price-ai\backend\services\ai_service.py", line 149, in generate_storage_guide
    response = model.generate_content(prompt, request_options={"timeout": 10.0})
               ^^^^^^^^^^^^^^^^^^^^^^^^^^^^^^^^^^^^^^^^^^^^^^^^^^^^^^^^^^^^^^^^^
  File "C:\Users\heee1\AppData\Local\Programs\Python\Python312\Lib\site-packages\google\generativeai\generative_models.py", line 331, in generate_content
    response = self._client.generate_content(
               ^^^^^^^^^^^^^^^^^^^^^^^^^^^^^^
  File "C:\Users\heee1\AppData\Local\Programs\Python\Python312\Lib\site-packages\google\ai\generativelanguage_v1beta\services\generative_service\client.py", line 835, in generate_content
    response = rpc(
               ^^^^
  File "C:\Users\heee1\AppData\Local\Programs\Python\Python312\Lib\site-packages\google\api_core\gapic_v1\method.py", line 128, in __call__
    return wrapped_func(*args, **kwargs)
           ^^^^^^^^^^^^^^^^^^^^^^^^^^^^^
  File "C:\Users\heee1\AppData\Local\Programs\Python\Python312\Lib\site-packages\google\api_core\retry\retry_unary.py", line 294, in retry_wrapped_func
    return retry_target(
           ^^^^^^^^^^^^^
  File "C:\Users\heee1\AppData\Local\Programs\Python\Python312\Lib\site-packages\google\api_core\retry\retry_unary.py", line 156, in retry_target
    next_sleep = _retry_error_helper(
                 ^^^^^^^^^^^^^^^^^^^^
  File "C:\Users\heee1\AppData\Local\Programs\Python\Python312\Lib\site-packages\google\api_core\retry\retry_base.py", line 216, in _retry_error_helper
    raise final_exc from source_exc
  File "C:\Users\heee1\AppData\Local\Programs\Python\Python312\Lib\site-packages\google\api_core\retry\retry_unary.py", line 147, in retry_target
    result = target()
             ^^^^^^^^
  File "C:\Users\heee1\AppData\Local\Programs\Python\Python312\Lib\site-packages\google\api_core\timeout.py", line 130, in func_with_timeout
    return func(*args, **kwargs)
           ^^^^^^^^^^^^^^^^^^^^^
  File "C:\Users\heee1\AppData\Local\Programs\Python\Python312\Lib\site-packages\google\api_core\grpc_helpers.py", line 57, in error_remapped_callable
    raise exceptions.from_grpc_error(exc) from exc
google.api_core.exceptions.NotFound: 404 models/gemini-1.5-flash is not found for API version v1beta, or is not supported for generateContent. Call ModelService.ListModels to see the list of available models and their supported methods.

During handling of the above exception, another exception occurred:

Traceback (most recent call last):
  File "C:\dev\GitHub\eco-price-ai\backend\services\ai_service.py", line 152, in generate_storage_guide
    raise TimeoutError("AI 응답 지연: 10초를 초과하여 요청이 취소되었습니다.")
TimeoutError: AI 응답 지연: 10초를 초과하여 요청이 취소되었습니다.
2026-05-17 21:28:57,816 - main - ERROR - 보관 가이드 생성 중 심각한 오류 발생: item_name=해표 꽃소금(1kg), 에러=Gemini API 호출 실패: AI 응답 지연: 10초를 초과하여 요청이 취소되었습니다.
Traceback (most recent call last):
  File "C:\Users\heee1\AppData\Local\Programs\Python\Python312\Lib\site-packages\google\api_core\grpc_helpers.py", line 55, in error_remapped_callable
    return callable_(*args, **kwargs)
           ^^^^^^^^^^^^^^^^^^^^^^^^^^
  File "C:\Users\heee1\AppData\Local\Programs\Python\Python312\Lib\site-packages\grpc\_interceptor.py", line 276, in __call__
    response, ignored_call = self._with_call(
                             ^^^^^^^^^^^^^^^^
  File "C:\Users\heee1\AppData\Local\Programs\Python\Python312\Lib\site-packages\grpc\_interceptor.py", line 331, in _with_call
    return call.result(), call
           ^^^^^^^^^^^^^
  File "C:\Users\heee1\AppData\Local\Programs\Python\Python312\Lib\site-packages\grpc\_channel.py", line 438, in result
    raise self
  File "C:\Users\heee1\AppData\Local\Programs\Python\Python312\Lib\site-packages\grpc\_interceptor.py", line 314, in continuation
    response, call = self._thunk(new_method).with_call(
                     ^^^^^^^^^^^^^^^^^^^^^^^^^^^^^^^^^^
  File "C:\Users\heee1\AppData\Local\Programs\Python\Python312\Lib\site-packages\grpc\_channel.py", line 1173, in with_call
    return _end_unary_response_blocking(state, call, True, None)
           ^^^^^^^^^^^^^^^^^^^^^^^^^^^^^^^^^^^^^^^^^^^^^^^^^^^^^
  File "C:\Users\heee1\AppData\Local\Programs\Python\Python312\Lib\site-packages\grpc\_channel.py", line 990, in _end_unary_response_blocking
    raise _InactiveRpcError(state)  # pytype: disable=not-instantiable
    ^^^^^^^^^^^^^^^^^^^^^^^^^^^^^^
grpc._channel._InactiveRpcError: <_InactiveRpcError of RPC that terminated with:
	status = StatusCode.NOT_FOUND
	details = "models/gemini-1.5-flash is not found for API version v1beta, or is not supported for generateContent. Call ModelService.ListModels to see the list of available models and their supported methods."
	debug_error_string = "UNKNOWN:Error received from peer ipv4:142.250.23.95:443 {grpc_status:5, grpc_message:"models/gemini-1.5-flash is not found for API version v1beta, or is not supported for generateContent. Call ModelService.ListModels to see the list of available models and their supported methods."}"
>

The above exception was the direct cause of the following exception:

Traceback (most recent call last):
  File "C:\dev\GitHub\eco-price-ai\backend\services\ai_service.py", line 149, in generate_storage_guide
    response = model.generate_content(prompt, request_options={"timeout": 10.0})
               ^^^^^^^^^^^^^^^^^^^^^^^^^^^^^^^^^^^^^^^^^^^^^^^^^^^^^^^^^^^^^^^^^
  File "C:\Users\heee1\AppData\Local\Programs\Python\Python312\Lib\site-packages\google\generativeai\generative_models.py", line 331, in generate_content
    response = self._client.generate_content(
               ^^^^^^^^^^^^^^^^^^^^^^^^^^^^^^
  File "C:\Users\heee1\AppData\Local\Programs\Python\Python312\Lib\site-packages\google\ai\generativelanguage_v1beta\services\generative_service\client.py", line 835, in generate_content
    response = rpc(
               ^^^^
  File "C:\Users\heee1\AppData\Local\Programs\Python\Python312\Lib\site-packages\google\api_core\gapic_v1\method.py", line 128, in __call__
    return wrapped_func(*args, **kwargs)
           ^^^^^^^^^^^^^^^^^^^^^^^^^^^^^
  File "C:\Users\heee1\AppData\Local\Programs\Python\Python312\Lib\site-packages\google\api_core\retry\retry_unary.py", line 294, in retry_wrapped_func
    return retry_target(
           ^^^^^^^^^^^^^
  File "C:\Users\heee1\AppData\Local\Programs\Python\Python312\Lib\site-packages\google\api_core\retry\retry_unary.py", line 156, in retry_target
    next_sleep = _retry_error_helper(
                 ^^^^^^^^^^^^^^^^^^^^
  File "C:\Users\heee1\AppData\Local\Programs\Python\Python312\Lib\site-packages\google\api_core\retry\retry_base.py", line 216, in _retry_error_helper
    raise final_exc from source_exc
  File "C:\Users\heee1\AppData\Local\Programs\Python\Python312\Lib\site-packages\google\api_core\retry\retry_unary.py", line 147, in retry_target
    result = target()
             ^^^^^^^^
  File "C:\Users\heee1\AppData\Local\Programs\Python\Python312\Lib\site-packages\google\api_core\timeout.py", line 130, in func_with_timeout
    return func(*args, **kwargs)
           ^^^^^^^^^^^^^^^^^^^^^
  File "C:\Users\heee1\AppData\Local\Programs\Python\Python312\Lib\site-packages\google\api_core\grpc_helpers.py", line 57, in error_remapped_callable
    raise exceptions.from_grpc_error(exc) from exc
google.api_core.exceptions.NotFound: 404 models/gemini-1.5-flash is not found for API version v1beta, or is not supported for generateContent. Call ModelService.ListModels to see the list of available models and their supported methods.

During handling of the above exception, another exception occurred:

Traceback (most recent call last):
  File "C:\dev\GitHub\eco-price-ai\backend\services\ai_service.py", line 152, in generate_storage_guide
    raise TimeoutError("AI 응답 지연: 10초를 초과하여 요청이 취소되었습니다.")
TimeoutError: AI 응답 지연: 10초를 초과하여 요청이 취소되었습니다.

During handling of the above exception, another exception occurred:

Traceback (most recent call last):
  File "C:\dev\GitHub\eco-price-ai\backend\main.py", line 217, in get_storage_guide
    storage_data = generate_storage_guide(item_name)
                   ^^^^^^^^^^^^^^^^^^^^^^^^^^^^^^^^^
  File "C:\dev\GitHub\eco-price-ai\backend\services\ai_service.py", line 180, in generate_storage_guide
    raise Exception(f"Gemini API 호출 실패: {str(e)}")
Exception: Gemini API 호출 실패: AI 응답 지연: 10초를 초과하여 요청이 취소되었습니다.
2026-05-17 21:28:57,817 - database - ERROR - 데이터베이스 세션 중 오류 발생: 500: 보관 가이드 생성 오류: Gemini API 호출 실패: AI 응답 지연: 10초를 초과하여 요청이 취소되었습니다.
Traceback (most recent call last):
  File "C:\Users\heee1\AppData\Local\Programs\Python\Python312\Lib\site-packages\google\api_core\grpc_helpers.py", line 55, in error_remapped_callable
    return callable_(*args, **kwargs)
           ^^^^^^^^^^^^^^^^^^^^^^^^^^
  File "C:\Users\heee1\AppData\Local\Programs\Python\Python312\Lib\site-packages\grpc\_interceptor.py", line 276, in __call__
    response, ignored_call = self._with_call(
                             ^^^^^^^^^^^^^^^^
  File "C:\Users\heee1\AppData\Local\Programs\Python\Python312\Lib\site-packages\grpc\_interceptor.py", line 331, in _with_call
    return call.result(), call
           ^^^^^^^^^^^^^
  File "C:\Users\heee1\AppData\Local\Programs\Python\Python312\Lib\site-packages\grpc\_channel.py", line 438, in result
    raise self
  File "C:\Users\heee1\AppData\Local\Programs\Python\Python312\Lib\site-packages\grpc\_interceptor.py", line 314, in continuation
    response, call = self._thunk(new_method).with_call(
                     ^^^^^^^^^^^^^^^^^^^^^^^^^^^^^^^^^^
  File "C:\Users\heee1\AppData\Local\Programs\Python\Python312\Lib\site-packages\grpc\_channel.py", line 1173, in with_call
    return _end_unary_response_blocking(state, call, True, None)
           ^^^^^^^^^^^^^^^^^^^^^^^^^^^^^^^^^^^^^^^^^^^^^^^^^^^^^
  File "C:\Users\heee1\AppData\Local\Programs\Python\Python312\Lib\site-packages\grpc\_channel.py", line 990, in _end_unary_response_blocking
    raise _InactiveRpcError(state)  # pytype: disable=not-instantiable
    ^^^^^^^^^^^^^^^^^^^^^^^^^^^^^^
grpc._channel._InactiveRpcError: <_InactiveRpcError of RPC that terminated with:
	status = StatusCode.NOT_FOUND
	details = "models/gemini-1.5-flash is not found for API version v1beta, or is not supported for generateContent. Call ModelService.ListModels to see the list of available models and their supported methods."
	debug_error_string = "UNKNOWN:Error received from peer ipv4:142.250.23.95:443 {grpc_status:5, grpc_message:"models/gemini-1.5-flash is not found for API version v1beta, or is not supported for generateContent. Call ModelService.ListModels to see the list of available models and their supported methods."}"
>

The above exception was the direct cause of the following exception:

Traceback (most recent call last):
  File "C:\dev\GitHub\eco-price-ai\backend\services\ai_service.py", line 149, in generate_storage_guide
    response = model.generate_content(prompt, request_options={"timeout": 10.0})
               ^^^^^^^^^^^^^^^^^^^^^^^^^^^^^^^^^^^^^^^^^^^^^^^^^^^^^^^^^^^^^^^^^
  File "C:\Users\heee1\AppData\Local\Programs\Python\Python312\Lib\site-packages\google\generativeai\generative_models.py", line 331, in generate_content
    response = self._client.generate_content(
               ^^^^^^^^^^^^^^^^^^^^^^^^^^^^^^
  File "C:\Users\heee1\AppData\Local\Programs\Python\Python312\Lib\site-packages\google\ai\generativelanguage_v1beta\services\generative_service\client.py", line 835, in generate_content
    response = rpc(
               ^^^^
  File "C:\Users\heee1\AppData\Local\Programs\Python\Python312\Lib\site-packages\google\api_core\gapic_v1\method.py", line 128, in __call__
    return wrapped_func(*args, **kwargs)
           ^^^^^^^^^^^^^^^^^^^^^^^^^^^^^
  File "C:\Users\heee1\AppData\Local\Programs\Python\Python312\Lib\site-packages\google\api_core\retry\retry_unary.py", line 294, in retry_wrapped_func
    return retry_target(
           ^^^^^^^^^^^^^
  File "C:\Users\heee1\AppData\Local\Programs\Python\Python312\Lib\site-packages\google\api_core\retry\retry_unary.py", line 156, in retry_target
    next_sleep = _retry_error_helper(
                 ^^^^^^^^^^^^^^^^^^^^
  File "C:\Users\heee1\AppData\Local\Programs\Python\Python312\Lib\site-packages\google\api_core\retry\retry_base.py", line 216, in _retry_error_helper
    raise final_exc from source_exc
  File "C:\Users\heee1\AppData\Local\Programs\Python\Python312\Lib\site-packages\google\api_core\retry\retry_unary.py", line 147, in retry_target
    result = target()
             ^^^^^^^^
  File "C:\Users\heee1\AppData\Local\Programs\Python\Python312\Lib\site-packages\google\api_core\timeout.py", line 130, in func_with_timeout
    return func(*args, **kwargs)
           ^^^^^^^^^^^^^^^^^^^^^
  File "C:\Users\heee1\AppData\Local\Programs\Python\Python312\Lib\site-packages\google\api_core\grpc_helpers.py", line 57, in error_remapped_callable
    raise exceptions.from_grpc_error(exc) from exc
google.api_core.exceptions.NotFound: 404 models/gemini-1.5-flash is not found for API version v1beta, or is not supported for generateContent. Call ModelService.ListModels to see the list of available models and their supported methods.

During handling of the above exception, another exception occurred:

Traceback (most recent call last):
  File "C:\dev\GitHub\eco-price-ai\backend\services\ai_service.py", line 152, in generate_storage_guide
    raise TimeoutError("AI 응답 지연: 10초를 초과하여 요청이 취소되었습니다.")
TimeoutError: AI 응답 지연: 10초를 초과하여 요청이 취소되었습니다.

During handling of the above exception, another exception occurred:

Traceback (most recent call last):
  File "C:\dev\GitHub\eco-price-ai\backend\main.py", line 217, in get_storage_guide
    storage_data = generate_storage_guide(item_name)
                   ^^^^^^^^^^^^^^^^^^^^^^^^^^^^^^^^^
  File "C:\dev\GitHub\eco-price-ai\backend\services\ai_service.py", line 180, in generate_storage_guide
    raise Exception(f"Gemini API 호출 실패: {str(e)}")
Exception: Gemini API 호출 실패: AI 응답 지연: 10초를 초과하여 요청이 취소되었습니다.

During handling of the above exception, another exception occurred:

Traceback (most recent call last):
  File "C:\dev\GitHub\eco-price-ai\backend\database.py", line 53, in get_db
    yield db
  File "C:\Users\heee1\AppData\Local\Programs\Python\Python312\Lib\site-packages\fastapi\concurrency.py", line 29, in contextmanager_in_threadpool
    yield await run_in_threadpool(cm.__enter__)
  File "C:\Users\heee1\AppData\Local\Programs\Python\Python312\Lib\site-packages\fastapi\routing.py", line 120, in app
    response = await f(request)
               ^^^^^^^^^^^^^^^^
  File "C:\Users\heee1\AppData\Local\Programs\Python\Python312\Lib\site-packages\fastapi\routing.py", line 674, in app
    raw_response = await run_endpoint_function(
                   ^^^^^^^^^^^^^^^^^^^^^^^^^^^^
  File "C:\Users\heee1\AppData\Local\Programs\Python\Python312\Lib\site-packages\fastapi\routing.py", line 330, in run_endpoint_function
    return await run_in_threadpool(dependant.call, **values)
           ^^^^^^^^^^^^^^^^^^^^^^^^^^^^^^^^^^^^^^^^^^^^^^^^^
  File "C:\Users\heee1\AppData\Local\Programs\Python\Python312\Lib\site-packages\starlette\concurrency.py", line 32, in run_in_threadpool
    return await anyio.to_thread.run_sync(func)
           ^^^^^^^^^^^^^^^^^^^^^^^^^^^^^^^^^^^^
  File "C:\Users\heee1\AppData\Local\Programs\Python\Python312\Lib\site-packages\anyio\to_thread.py", line 63, in run_sync
    return await get_async_backend().run_sync_in_worker_thread(
           ^^^^^^^^^^^^^^^^^^^^^^^^^^^^^^^^^^^^^^^^^^^^^^^^^^^^
  File "C:\Users\heee1\AppData\Local\Programs\Python\Python312\Lib\site-packages\anyio\_backends\_asyncio.py", line 2518, in run_sync_in_worker_thread
    return await future
           ^^^^^^^^^^^^
  File "C:\Users\heee1\AppData\Local\Programs\Python\Python312\Lib\site-packages\anyio\_backends\_asyncio.py", line 1002, in run
    result = context.run(func, *args)
             ^^^^^^^^^^^^^^^^^^^^^^^^
  File "C:\dev\GitHub\eco-price-ai\backend\main.py", line 242, in get_storage_guide
    raise HTTPException(status_code=500, detail=f"보관 가이드 생성 오류: {str(e)}")
fastapi.exceptions.HTTPException: 500: 보관 가이드 생성 오류: Gemini API 호출 실패: AI 응답 지연: 10초를 초과하여 요청이 취소되었습니다.
2026-05-17 21:28:57,818 - main - INFO - [요청 완료] GET /api/storage/해표 꽃소금(1kg) | 상태코드: 500 | ID: 2026-05-17T21:28:57.683121
2026-05-17 23:44:40,639 - main - INFO - FastAPI 애플리케이션 시작
2026-05-17 23:45:26,803 - main - INFO - FastAPI 애플리케이션 시작
2026-05-17 23:45:50,716 - main - INFO - FastAPI 애플리케이션 시작
2026-05-17 23:46:07,861 - main - INFO - FastAPI 애플리케이션 시작
2026-05-17 23:46:22,273 - main - INFO - [요청 시작] GET /items | 클라이언트: 127.0.0.1 | ID: 2026-05-17T23:46:22.273523
2026-05-17 23:46:22,275 - main - INFO - 마켓 가격 조회 요청: 검색어='None'
2026-05-17 23:46:22,279 - main - INFO - 마켓 가격 조회 완료: 50개 항목 (최대 50개 제한)
2026-05-17 23:46:22,281 - main - INFO - [요청 완료] GET /items | 상태코드: 200 | ID: 2026-05-17T23:46:22.273523
2026-05-17 23:46:22,285 - main - INFO - [요청 시작] GET /items | 클라이언트: 127.0.0.1 | ID: 2026-05-17T23:46:22.283899
2026-05-17 23:46:22,289 - main - INFO - 마켓 가격 조회 요청: 검색어='None'
2026-05-17 23:46:22,293 - main - INFO - 마켓 가격 조회 완료: 50개 항목 (최대 50개 제한)
2026-05-17 23:46:22,294 - main - INFO - [요청 완료] GET /items | 상태코드: 200 | ID: 2026-05-17T23:46:22.283899
2026-05-17 23:47:16,673 - main - INFO - [요청 시작] GET /api/storage/서울우유 흰우유(1L) | 클라이언트: 127.0.0.1 | ID: 2026-05-17T23:47:16.673480
2026-05-17 23:47:16,675 - main - INFO - 보관 가이드 조회 요청: item_name=서울우유 흰우유(1L)
2026-05-17 23:47:16,678 - main - INFO - 새로운 보관 가이드 생성 시작: item_name=서울우유 흰우유(1L)
2026-05-17 23:47:16,679 - services.ai_service - INFO - 보관 가이드 생성 시작: item_name=서울우유 흰우유(1L)
2026-05-17 23:47:16,975 - services.ai_service - ERROR - Gemini API 호출 실패 (보관 가이드): item_name=서울우유 흰우유(1L), 에러=404 models/gemini-1.5-flash is not found for API version v1beta, or is not supported for generateContent. Call ModelService.ListModels to see the list of available models and their supported methods.
Traceback (most recent call last):
  File "C:\Users\heee1\AppData\Local\Programs\Python\Python312\Lib\site-packages\google\api_core\grpc_helpers.py", line 55, in error_remapped_callable
    return callable_(*args, **kwargs)
           ^^^^^^^^^^^^^^^^^^^^^^^^^^
  File "C:\Users\heee1\AppData\Local\Programs\Python\Python312\Lib\site-packages\grpc\_interceptor.py", line 276, in __call__
    response, ignored_call = self._with_call(
                             ^^^^^^^^^^^^^^^^
  File "C:\Users\heee1\AppData\Local\Programs\Python\Python312\Lib\site-packages\grpc\_interceptor.py", line 331, in _with_call
    return call.result(), call
           ^^^^^^^^^^^^^
  File "C:\Users\heee1\AppData\Local\Programs\Python\Python312\Lib\site-packages\grpc\_channel.py", line 438, in result
    raise self
  File "C:\Users\heee1\AppData\Local\Programs\Python\Python312\Lib\site-packages\grpc\_interceptor.py", line 314, in continuation
    response, call = self._thunk(new_method).with_call(
                     ^^^^^^^^^^^^^^^^^^^^^^^^^^^^^^^^^^
  File "C:\Users\heee1\AppData\Local\Programs\Python\Python312\Lib\site-packages\grpc\_channel.py", line 1173, in with_call
    return _end_unary_response_blocking(state, call, True, None)
           ^^^^^^^^^^^^^^^^^^^^^^^^^^^^^^^^^^^^^^^^^^^^^^^^^^^^^
  File "C:\Users\heee1\AppData\Local\Programs\Python\Python312\Lib\site-packages\grpc\_channel.py", line 990, in _end_unary_response_blocking
    raise _InactiveRpcError(state)  # pytype: disable=not-instantiable
    ^^^^^^^^^^^^^^^^^^^^^^^^^^^^^^
grpc._channel._InactiveRpcError: <_InactiveRpcError of RPC that terminated with:
	status = StatusCode.NOT_FOUND
	details = "models/gemini-1.5-flash is not found for API version v1beta, or is not supported for generateContent. Call ModelService.ListModels to see the list of available models and their supported methods."
	debug_error_string = "UNKNOWN:Error received from peer ipv4:172.217.213.95:443 {grpc_status:5, grpc_message:"models/gemini-1.5-flash is not found for API version v1beta, or is not supported for generateContent. Call ModelService.ListModels to see the list of available models and their supported methods."}"
>

The above exception was the direct cause of the following exception:

Traceback (most recent call last):
  File "C:\dev\GitHub\eco-price-ai\backend\services\ai_service.py", line 111, in generate_storage_guide
    response = model.generate_content(prompt, request_options={"timeout": 15.0})
               ^^^^^^^^^^^^^^^^^^^^^^^^^^^^^^^^^^^^^^^^^^^^^^^^^^^^^^^^^^^^^^^^^
  File "C:\Users\heee1\AppData\Local\Programs\Python\Python312\Lib\site-packages\google\generativeai\generative_models.py", line 331, in generate_content
    response = self._client.generate_content(
               ^^^^^^^^^^^^^^^^^^^^^^^^^^^^^^
  File "C:\Users\heee1\AppData\Local\Programs\Python\Python312\Lib\site-packages\google\ai\generativelanguage_v1beta\services\generative_service\client.py", line 835, in generate_content
    response = rpc(
               ^^^^
  File "C:\Users\heee1\AppData\Local\Programs\Python\Python312\Lib\site-packages\google\api_core\gapic_v1\method.py", line 128, in __call__
    return wrapped_func(*args, **kwargs)
           ^^^^^^^^^^^^^^^^^^^^^^^^^^^^^
  File "C:\Users\heee1\AppData\Local\Programs\Python\Python312\Lib\site-packages\google\api_core\retry\retry_unary.py", line 294, in retry_wrapped_func
    return retry_target(
           ^^^^^^^^^^^^^
  File "C:\Users\heee1\AppData\Local\Programs\Python\Python312\Lib\site-packages\google\api_core\retry\retry_unary.py", line 156, in retry_target
    next_sleep = _retry_error_helper(
                 ^^^^^^^^^^^^^^^^^^^^
  File "C:\Users\heee1\AppData\Local\Programs\Python\Python312\Lib\site-packages\google\api_core\retry\retry_base.py", line 216, in _retry_error_helper
    raise final_exc from source_exc
  File "C:\Users\heee1\AppData\Local\Programs\Python\Python312\Lib\site-packages\google\api_core\retry\retry_unary.py", line 147, in retry_target
    result = target()
             ^^^^^^^^
  File "C:\Users\heee1\AppData\Local\Programs\Python\Python312\Lib\site-packages\google\api_core\timeout.py", line 130, in func_with_timeout
    return func(*args, **kwargs)
           ^^^^^^^^^^^^^^^^^^^^^
  File "C:\Users\heee1\AppData\Local\Programs\Python\Python312\Lib\site-packages\google\api_core\grpc_helpers.py", line 57, in error_remapped_callable
    raise exceptions.from_grpc_error(exc) from exc
google.api_core.exceptions.NotFound: 404 models/gemini-1.5-flash is not found for API version v1beta, or is not supported for generateContent. Call ModelService.ListModels to see the list of available models and their supported methods.
2026-05-17 23:47:16,980 - main - ERROR - 보관 가이드 생성 중 심각한 오류 발생: item_name=서울우유 흰우유(1L), 에러=Gemini API 호출 실패: 404 models/gemini-1.5-flash is not found for API version v1beta, or is not supported for generateContent. Call ModelService.ListModels to see the list of available models and their supported methods.
Traceback (most recent call last):
  File "C:\Users\heee1\AppData\Local\Programs\Python\Python312\Lib\site-packages\google\api_core\grpc_helpers.py", line 55, in error_remapped_callable
    return callable_(*args, **kwargs)
           ^^^^^^^^^^^^^^^^^^^^^^^^^^
  File "C:\Users\heee1\AppData\Local\Programs\Python\Python312\Lib\site-packages\grpc\_interceptor.py", line 276, in __call__
    response, ignored_call = self._with_call(
                             ^^^^^^^^^^^^^^^^
  File "C:\Users\heee1\AppData\Local\Programs\Python\Python312\Lib\site-packages\grpc\_interceptor.py", line 331, in _with_call
    return call.result(), call
           ^^^^^^^^^^^^^
  File "C:\Users\heee1\AppData\Local\Programs\Python\Python312\Lib\site-packages\grpc\_channel.py", line 438, in result
    raise self
  File "C:\Users\heee1\AppData\Local\Programs\Python\Python312\Lib\site-packages\grpc\_interceptor.py", line 314, in continuation
    response, call = self._thunk(new_method).with_call(
                     ^^^^^^^^^^^^^^^^^^^^^^^^^^^^^^^^^^
  File "C:\Users\heee1\AppData\Local\Programs\Python\Python312\Lib\site-packages\grpc\_channel.py", line 1173, in with_call
    return _end_unary_response_blocking(state, call, True, None)
           ^^^^^^^^^^^^^^^^^^^^^^^^^^^^^^^^^^^^^^^^^^^^^^^^^^^^^
  File "C:\Users\heee1\AppData\Local\Programs\Python\Python312\Lib\site-packages\grpc\_channel.py", line 990, in _end_unary_response_blocking
    raise _InactiveRpcError(state)  # pytype: disable=not-instantiable
    ^^^^^^^^^^^^^^^^^^^^^^^^^^^^^^
grpc._channel._InactiveRpcError: <_InactiveRpcError of RPC that terminated with:
	status = StatusCode.NOT_FOUND
	details = "models/gemini-1.5-flash is not found for API version v1beta, or is not supported for generateContent. Call ModelService.ListModels to see the list of available models and their supported methods."
	debug_error_string = "UNKNOWN:Error received from peer ipv4:172.217.213.95:443 {grpc_status:5, grpc_message:"models/gemini-1.5-flash is not found for API version v1beta, or is not supported for generateContent. Call ModelService.ListModels to see the list of available models and their supported methods."}"
>

The above exception was the direct cause of the following exception:

Traceback (most recent call last):
  File "C:\dev\GitHub\eco-price-ai\backend\services\ai_service.py", line 111, in generate_storage_guide
    response = model.generate_content(prompt, request_options={"timeout": 15.0})
               ^^^^^^^^^^^^^^^^^^^^^^^^^^^^^^^^^^^^^^^^^^^^^^^^^^^^^^^^^^^^^^^^^
  File "C:\Users\heee1\AppData\Local\Programs\Python\Python312\Lib\site-packages\google\generativeai\generative_models.py", line 331, in generate_content
    response = self._client.generate_content(
               ^^^^^^^^^^^^^^^^^^^^^^^^^^^^^^
  File "C:\Users\heee1\AppData\Local\Programs\Python\Python312\Lib\site-packages\google\ai\generativelanguage_v1beta\services\generative_service\client.py", line 835, in generate_content
    response = rpc(
               ^^^^
  File "C:\Users\heee1\AppData\Local\Programs\Python\Python312\Lib\site-packages\google\api_core\gapic_v1\method.py", line 128, in __call__
    return wrapped_func(*args, **kwargs)
           ^^^^^^^^^^^^^^^^^^^^^^^^^^^^^
  File "C:\Users\heee1\AppData\Local\Programs\Python\Python312\Lib\site-packages\google\api_core\retry\retry_unary.py", line 294, in retry_wrapped_func
    return retry_target(
           ^^^^^^^^^^^^^
  File "C:\Users\heee1\AppData\Local\Programs\Python\Python312\Lib\site-packages\google\api_core\retry\retry_unary.py", line 156, in retry_target
    next_sleep = _retry_error_helper(
                 ^^^^^^^^^^^^^^^^^^^^
  File "C:\Users\heee1\AppData\Local\Programs\Python\Python312\Lib\site-packages\google\api_core\retry\retry_base.py", line 216, in _retry_error_helper
    raise final_exc from source_exc
  File "C:\Users\heee1\AppData\Local\Programs\Python\Python312\Lib\site-packages\google\api_core\retry\retry_unary.py", line 147, in retry_target
    result = target()
             ^^^^^^^^
  File "C:\Users\heee1\AppData\Local\Programs\Python\Python312\Lib\site-packages\google\api_core\timeout.py", line 130, in func_with_timeout
    return func(*args, **kwargs)
           ^^^^^^^^^^^^^^^^^^^^^
  File "C:\Users\heee1\AppData\Local\Programs\Python\Python312\Lib\site-packages\google\api_core\grpc_helpers.py", line 57, in error_remapped_callable
    raise exceptions.from_grpc_error(exc) from exc
google.api_core.exceptions.NotFound: 404 models/gemini-1.5-flash is not found for API version v1beta, or is not supported for generateContent. Call ModelService.ListModels to see the list of available models and their supported methods.

During handling of the above exception, another exception occurred:

Traceback (most recent call last):
  File "C:\dev\GitHub\eco-price-ai\backend\main.py", line 217, in get_storage_guide
    storage_data = generate_storage_guide(item_name)
                   ^^^^^^^^^^^^^^^^^^^^^^^^^^^^^^^^^
  File "C:\dev\GitHub\eco-price-ai\backend\services\ai_service.py", line 124, in generate_storage_guide
    raise Exception(f"Gemini API 호출 실패: {str(e)}")
Exception: Gemini API 호출 실패: 404 models/gemini-1.5-flash is not found for API version v1beta, or is not supported for generateContent. Call ModelService.ListModels to see the list of available models and their supported methods.
2026-05-17 23:47:16,982 - database - ERROR - 데이터베이스 세션 중 오류 발생: 500: 보관 가이드 생성 오류: Gemini API 호출 실패: 404 models/gemini-1.5-flash is not found for API version v1beta, or is not supported for generateContent. Call ModelService.ListModels to see the list of available models and their supported methods.
Traceback (most recent call last):
  File "C:\Users\heee1\AppData\Local\Programs\Python\Python312\Lib\site-packages\google\api_core\grpc_helpers.py", line 55, in error_remapped_callable
    return callable_(*args, **kwargs)
           ^^^^^^^^^^^^^^^^^^^^^^^^^^
  File "C:\Users\heee1\AppData\Local\Programs\Python\Python312\Lib\site-packages\grpc\_interceptor.py", line 276, in __call__
    response, ignored_call = self._with_call(
                             ^^^^^^^^^^^^^^^^
  File "C:\Users\heee1\AppData\Local\Programs\Python\Python312\Lib\site-packages\grpc\_interceptor.py", line 331, in _with_call
    return call.result(), call
           ^^^^^^^^^^^^^
  File "C:\Users\heee1\AppData\Local\Programs\Python\Python312\Lib\site-packages\grpc\_channel.py", line 438, in result
    raise self
  File "C:\Users\heee1\AppData\Local\Programs\Python\Python312\Lib\site-packages\grpc\_interceptor.py", line 314, in continuation
    response, call = self._thunk(new_method).with_call(
                     ^^^^^^^^^^^^^^^^^^^^^^^^^^^^^^^^^^
  File "C:\Users\heee1\AppData\Local\Programs\Python\Python312\Lib\site-packages\grpc\_channel.py", line 1173, in with_call
    return _end_unary_response_blocking(state, call, True, None)
           ^^^^^^^^^^^^^^^^^^^^^^^^^^^^^^^^^^^^^^^^^^^^^^^^^^^^^
  File "C:\Users\heee1\AppData\Local\Programs\Python\Python312\Lib\site-packages\grpc\_channel.py", line 990, in _end_unary_response_blocking
    raise _InactiveRpcError(state)  # pytype: disable=not-instantiable
    ^^^^^^^^^^^^^^^^^^^^^^^^^^^^^^
grpc._channel._InactiveRpcError: <_InactiveRpcError of RPC that terminated with:
	status = StatusCode.NOT_FOUND
	details = "models/gemini-1.5-flash is not found for API version v1beta, or is not supported for generateContent. Call ModelService.ListModels to see the list of available models and their supported methods."
	debug_error_string = "UNKNOWN:Error received from peer ipv4:172.217.213.95:443 {grpc_status:5, grpc_message:"models/gemini-1.5-flash is not found for API version v1beta, or is not supported for generateContent. Call ModelService.ListModels to see the list of available models and their supported methods."}"
>

The above exception was the direct cause of the following exception:

Traceback (most recent call last):
  File "C:\dev\GitHub\eco-price-ai\backend\services\ai_service.py", line 111, in generate_storage_guide
    response = model.generate_content(prompt, request_options={"timeout": 15.0})
               ^^^^^^^^^^^^^^^^^^^^^^^^^^^^^^^^^^^^^^^^^^^^^^^^^^^^^^^^^^^^^^^^^
  File "C:\Users\heee1\AppData\Local\Programs\Python\Python312\Lib\site-packages\google\generativeai\generative_models.py", line 331, in generate_content
    response = self._client.generate_content(
               ^^^^^^^^^^^^^^^^^^^^^^^^^^^^^^
  File "C:\Users\heee1\AppData\Local\Programs\Python\Python312\Lib\site-packages\google\ai\generativelanguage_v1beta\services\generative_service\client.py", line 835, in generate_content
    response = rpc(
               ^^^^
  File "C:\Users\heee1\AppData\Local\Programs\Python\Python312\Lib\site-packages\google\api_core\gapic_v1\method.py", line 128, in __call__
    return wrapped_func(*args, **kwargs)
           ^^^^^^^^^^^^^^^^^^^^^^^^^^^^^
  File "C:\Users\heee1\AppData\Local\Programs\Python\Python312\Lib\site-packages\google\api_core\retry\retry_unary.py", line 294, in retry_wrapped_func
    return retry_target(
           ^^^^^^^^^^^^^
  File "C:\Users\heee1\AppData\Local\Programs\Python\Python312\Lib\site-packages\google\api_core\retry\retry_unary.py", line 156, in retry_target
    next_sleep = _retry_error_helper(
                 ^^^^^^^^^^^^^^^^^^^^
  File "C:\Users\heee1\AppData\Local\Programs\Python\Python312\Lib\site-packages\google\api_core\retry\retry_base.py", line 216, in _retry_error_helper
    raise final_exc from source_exc
  File "C:\Users\heee1\AppData\Local\Programs\Python\Python312\Lib\site-packages\google\api_core\retry\retry_unary.py", line 147, in retry_target
    result = target()
             ^^^^^^^^
  File "C:\Users\heee1\AppData\Local\Programs\Python\Python312\Lib\site-packages\google\api_core\timeout.py", line 130, in func_with_timeout
    return func(*args, **kwargs)
           ^^^^^^^^^^^^^^^^^^^^^
  File "C:\Users\heee1\AppData\Local\Programs\Python\Python312\Lib\site-packages\google\api_core\grpc_helpers.py", line 57, in error_remapped_callable
    raise exceptions.from_grpc_error(exc) from exc
google.api_core.exceptions.NotFound: 404 models/gemini-1.5-flash is not found for API version v1beta, or is not supported for generateContent. Call ModelService.ListModels to see the list of available models and their supported methods.

During handling of the above exception, another exception occurred:

Traceback (most recent call last):
  File "C:\dev\GitHub\eco-price-ai\backend\main.py", line 217, in get_storage_guide
    storage_data = generate_storage_guide(item_name)
                   ^^^^^^^^^^^^^^^^^^^^^^^^^^^^^^^^^
  File "C:\dev\GitHub\eco-price-ai\backend\services\ai_service.py", line 124, in generate_storage_guide
    raise Exception(f"Gemini API 호출 실패: {str(e)}")
Exception: Gemini API 호출 실패: 404 models/gemini-1.5-flash is not found for API version v1beta, or is not supported for generateContent. Call ModelService.ListModels to see the list of available models and their supported methods.

During handling of the above exception, another exception occurred:

Traceback (most recent call last):
  File "C:\dev\GitHub\eco-price-ai\backend\database.py", line 53, in get_db
    yield db
  File "C:\Users\heee1\AppData\Local\Programs\Python\Python312\Lib\site-packages\fastapi\concurrency.py", line 29, in contextmanager_in_threadpool
    yield await run_in_threadpool(cm.__enter__)
  File "C:\Users\heee1\AppData\Local\Programs\Python\Python312\Lib\site-packages\fastapi\routing.py", line 120, in app
    response = await f(request)
               ^^^^^^^^^^^^^^^^
  File "C:\Users\heee1\AppData\Local\Programs\Python\Python312\Lib\site-packages\fastapi\routing.py", line 674, in app
    raw_response = await run_endpoint_function(
                   ^^^^^^^^^^^^^^^^^^^^^^^^^^^^
  File "C:\Users\heee1\AppData\Local\Programs\Python\Python312\Lib\site-packages\fastapi\routing.py", line 330, in run_endpoint_function
    return await run_in_threadpool(dependant.call, **values)
           ^^^^^^^^^^^^^^^^^^^^^^^^^^^^^^^^^^^^^^^^^^^^^^^^^
  File "C:\Users\heee1\AppData\Local\Programs\Python\Python312\Lib\site-packages\starlette\concurrency.py", line 32, in run_in_threadpool
    return await anyio.to_thread.run_sync(func)
           ^^^^^^^^^^^^^^^^^^^^^^^^^^^^^^^^^^^^
  File "C:\Users\heee1\AppData\Local\Programs\Python\Python312\Lib\site-packages\anyio\to_thread.py", line 63, in run_sync
    return await get_async_backend().run_sync_in_worker_thread(
           ^^^^^^^^^^^^^^^^^^^^^^^^^^^^^^^^^^^^^^^^^^^^^^^^^^^^
  File "C:\Users\heee1\AppData\Local\Programs\Python\Python312\Lib\site-packages\anyio\_backends\_asyncio.py", line 2518, in run_sync_in_worker_thread
    return await future
           ^^^^^^^^^^^^
  File "C:\Users\heee1\AppData\Local\Programs\Python\Python312\Lib\site-packages\anyio\_backends\_asyncio.py", line 1002, in run
    result = context.run(func, *args)
             ^^^^^^^^^^^^^^^^^^^^^^^^
  File "C:\dev\GitHub\eco-price-ai\backend\main.py", line 242, in get_storage_guide
    raise HTTPException(status_code=500, detail=f"보관 가이드 생성 오류: {str(e)}")
fastapi.exceptions.HTTPException: 500: 보관 가이드 생성 오류: Gemini API 호출 실패: 404 models/gemini-1.5-flash is not found for API version v1beta, or is not supported for generateContent. Call ModelService.ListModels to see the list of available models and their supported methods.
2026-05-17 23:47:16,994 - main - INFO - [요청 완료] GET /api/storage/서울우유 흰우유(1L) | 상태코드: 500 | ID: 2026-05-17T23:47:16.673480
2026-05-17 23:47:49,199 - main - INFO - [요청 시작] GET /api/storage/오뚜기 크림스프(80g) | 클라이언트: 127.0.0.1 | ID: 2026-05-17T23:47:49.198799
2026-05-17 23:47:49,202 - main - INFO - 보관 가이드 조회 요청: item_name=오뚜기 크림스프(80g)
2026-05-17 23:47:49,205 - main - INFO - 새로운 보관 가이드 생성 시작: item_name=오뚜기 크림스프(80g)
2026-05-17 23:47:49,205 - services.ai_service - INFO - 보관 가이드 생성 시작: item_name=오뚜기 크림스프(80g)
2026-05-17 23:47:49,344 - services.ai_service - ERROR - Gemini API 호출 실패 (보관 가이드): item_name=오뚜기 크림스프(80g), 에러=404 models/gemini-1.5-flash is not found for API version v1beta, or is not supported for generateContent. Call ModelService.ListModels to see the list of available models and their supported methods.
Traceback (most recent call last):
  File "C:\Users\heee1\AppData\Local\Programs\Python\Python312\Lib\site-packages\google\api_core\grpc_helpers.py", line 55, in error_remapped_callable
    return callable_(*args, **kwargs)
           ^^^^^^^^^^^^^^^^^^^^^^^^^^
  File "C:\Users\heee1\AppData\Local\Programs\Python\Python312\Lib\site-packages\grpc\_interceptor.py", line 276, in __call__
    response, ignored_call = self._with_call(
                             ^^^^^^^^^^^^^^^^
  File "C:\Users\heee1\AppData\Local\Programs\Python\Python312\Lib\site-packages\grpc\_interceptor.py", line 331, in _with_call
    return call.result(), call
           ^^^^^^^^^^^^^
  File "C:\Users\heee1\AppData\Local\Programs\Python\Python312\Lib\site-packages\grpc\_channel.py", line 438, in result
    raise self
  File "C:\Users\heee1\AppData\Local\Programs\Python\Python312\Lib\site-packages\grpc\_interceptor.py", line 314, in continuation
    response, call = self._thunk(new_method).with_call(
                     ^^^^^^^^^^^^^^^^^^^^^^^^^^^^^^^^^^
  File "C:\Users\heee1\AppData\Local\Programs\Python\Python312\Lib\site-packages\grpc\_channel.py", line 1173, in with_call
    return _end_unary_response_blocking(state, call, True, None)
           ^^^^^^^^^^^^^^^^^^^^^^^^^^^^^^^^^^^^^^^^^^^^^^^^^^^^^
  File "C:\Users\heee1\AppData\Local\Programs\Python\Python312\Lib\site-packages\grpc\_channel.py", line 990, in _end_unary_response_blocking
    raise _InactiveRpcError(state)  # pytype: disable=not-instantiable
    ^^^^^^^^^^^^^^^^^^^^^^^^^^^^^^
grpc._channel._InactiveRpcError: <_InactiveRpcError of RPC that terminated with:
	status = StatusCode.NOT_FOUND
	details = "models/gemini-1.5-flash is not found for API version v1beta, or is not supported for generateContent. Call ModelService.ListModels to see the list of available models and their supported methods."
	debug_error_string = "UNKNOWN:Error received from peer ipv4:172.217.213.95:443 {grpc_status:5, grpc_message:"models/gemini-1.5-flash is not found for API version v1beta, or is not supported for generateContent. Call ModelService.ListModels to see the list of available models and their supported methods."}"
>

The above exception was the direct cause of the following exception:

Traceback (most recent call last):
  File "C:\dev\GitHub\eco-price-ai\backend\services\ai_service.py", line 111, in generate_storage_guide
    response = model.generate_content(prompt, request_options={"timeout": 15.0})
               ^^^^^^^^^^^^^^^^^^^^^^^^^^^^^^^^^^^^^^^^^^^^^^^^^^^^^^^^^^^^^^^^^
  File "C:\Users\heee1\AppData\Local\Programs\Python\Python312\Lib\site-packages\google\generativeai\generative_models.py", line 331, in generate_content
    response = self._client.generate_content(
               ^^^^^^^^^^^^^^^^^^^^^^^^^^^^^^
  File "C:\Users\heee1\AppData\Local\Programs\Python\Python312\Lib\site-packages\google\ai\generativelanguage_v1beta\services\generative_service\client.py", line 835, in generate_content
    response = rpc(
               ^^^^
  File "C:\Users\heee1\AppData\Local\Programs\Python\Python312\Lib\site-packages\google\api_core\gapic_v1\method.py", line 128, in __call__
    return wrapped_func(*args, **kwargs)
           ^^^^^^^^^^^^^^^^^^^^^^^^^^^^^
  File "C:\Users\heee1\AppData\Local\Programs\Python\Python312\Lib\site-packages\google\api_core\retry\retry_unary.py", line 294, in retry_wrapped_func
    return retry_target(
           ^^^^^^^^^^^^^
  File "C:\Users\heee1\AppData\Local\Programs\Python\Python312\Lib\site-packages\google\api_core\retry\retry_unary.py", line 156, in retry_target
    next_sleep = _retry_error_helper(
                 ^^^^^^^^^^^^^^^^^^^^
  File "C:\Users\heee1\AppData\Local\Programs\Python\Python312\Lib\site-packages\google\api_core\retry\retry_base.py", line 216, in _retry_error_helper
    raise final_exc from source_exc
  File "C:\Users\heee1\AppData\Local\Programs\Python\Python312\Lib\site-packages\google\api_core\retry\retry_unary.py", line 147, in retry_target
    result = target()
             ^^^^^^^^
  File "C:\Users\heee1\AppData\Local\Programs\Python\Python312\Lib\site-packages\google\api_core\timeout.py", line 130, in func_with_timeout
    return func(*args, **kwargs)
           ^^^^^^^^^^^^^^^^^^^^^
  File "C:\Users\heee1\AppData\Local\Programs\Python\Python312\Lib\site-packages\google\api_core\grpc_helpers.py", line 57, in error_remapped_callable
    raise exceptions.from_grpc_error(exc) from exc
google.api_core.exceptions.NotFound: 404 models/gemini-1.5-flash is not found for API version v1beta, or is not supported for generateContent. Call ModelService.ListModels to see the list of available models and their supported methods.
2026-05-17 23:47:49,344 - main - ERROR - 보관 가이드 생성 중 심각한 오류 발생: item_name=오뚜기 크림스프(80g), 에러=Gemini API 호출 실패: 404 models/gemini-1.5-flash is not found for API version v1beta, or is not supported for generateContent. Call ModelService.ListModels to see the list of available models and their supported methods.
Traceback (most recent call last):
  File "C:\Users\heee1\AppData\Local\Programs\Python\Python312\Lib\site-packages\google\api_core\grpc_helpers.py", line 55, in error_remapped_callable
    return callable_(*args, **kwargs)
           ^^^^^^^^^^^^^^^^^^^^^^^^^^
  File "C:\Users\heee1\AppData\Local\Programs\Python\Python312\Lib\site-packages\grpc\_interceptor.py", line 276, in __call__
    response, ignored_call = self._with_call(
                             ^^^^^^^^^^^^^^^^
  File "C:\Users\heee1\AppData\Local\Programs\Python\Python312\Lib\site-packages\grpc\_interceptor.py", line 331, in _with_call
    return call.result(), call
           ^^^^^^^^^^^^^
  File "C:\Users\heee1\AppData\Local\Programs\Python\Python312\Lib\site-packages\grpc\_channel.py", line 438, in result
    raise self
  File "C:\Users\heee1\AppData\Local\Programs\Python\Python312\Lib\site-packages\grpc\_interceptor.py", line 314, in continuation
    response, call = self._thunk(new_method).with_call(
                     ^^^^^^^^^^^^^^^^^^^^^^^^^^^^^^^^^^
  File "C:\Users\heee1\AppData\Local\Programs\Python\Python312\Lib\site-packages\grpc\_channel.py", line 1173, in with_call
    return _end_unary_response_blocking(state, call, True, None)
           ^^^^^^^^^^^^^^^^^^^^^^^^^^^^^^^^^^^^^^^^^^^^^^^^^^^^^
  File "C:\Users\heee1\AppData\Local\Programs\Python\Python312\Lib\site-packages\grpc\_channel.py", line 990, in _end_unary_response_blocking
    raise _InactiveRpcError(state)  # pytype: disable=not-instantiable
    ^^^^^^^^^^^^^^^^^^^^^^^^^^^^^^
grpc._channel._InactiveRpcError: <_InactiveRpcError of RPC that terminated with:
	status = StatusCode.NOT_FOUND
	details = "models/gemini-1.5-flash is not found for API version v1beta, or is not supported for generateContent. Call ModelService.ListModels to see the list of available models and their supported methods."
	debug_error_string = "UNKNOWN:Error received from peer ipv4:172.217.213.95:443 {grpc_status:5, grpc_message:"models/gemini-1.5-flash is not found for API version v1beta, or is not supported for generateContent. Call ModelService.ListModels to see the list of available models and their supported methods."}"
>

The above exception was the direct cause of the following exception:

Traceback (most recent call last):
  File "C:\dev\GitHub\eco-price-ai\backend\services\ai_service.py", line 111, in generate_storage_guide
    response = model.generate_content(prompt, request_options={"timeout": 15.0})
               ^^^^^^^^^^^^^^^^^^^^^^^^^^^^^^^^^^^^^^^^^^^^^^^^^^^^^^^^^^^^^^^^^
  File "C:\Users\heee1\AppData\Local\Programs\Python\Python312\Lib\site-packages\google\generativeai\generative_models.py", line 331, in generate_content
    response = self._client.generate_content(
               ^^^^^^^^^^^^^^^^^^^^^^^^^^^^^^
  File "C:\Users\heee1\AppData\Local\Programs\Python\Python312\Lib\site-packages\google\ai\generativelanguage_v1beta\services\generative_service\client.py", line 835, in generate_content
    response = rpc(
               ^^^^
  File "C:\Users\heee1\AppData\Local\Programs\Python\Python312\Lib\site-packages\google\api_core\gapic_v1\method.py", line 128, in __call__
    return wrapped_func(*args, **kwargs)
           ^^^^^^^^^^^^^^^^^^^^^^^^^^^^^
  File "C:\Users\heee1\AppData\Local\Programs\Python\Python312\Lib\site-packages\google\api_core\retry\retry_unary.py", line 294, in retry_wrapped_func
    return retry_target(
           ^^^^^^^^^^^^^
  File "C:\Users\heee1\AppData\Local\Programs\Python\Python312\Lib\site-packages\google\api_core\retry\retry_unary.py", line 156, in retry_target
    next_sleep = _retry_error_helper(
                 ^^^^^^^^^^^^^^^^^^^^
  File "C:\Users\heee1\AppData\Local\Programs\Python\Python312\Lib\site-packages\google\api_core\retry\retry_base.py", line 216, in _retry_error_helper
    raise final_exc from source_exc
  File "C:\Users\heee1\AppData\Local\Programs\Python\Python312\Lib\site-packages\google\api_core\retry\retry_unary.py", line 147, in retry_target
    result = target()
             ^^^^^^^^
  File "C:\Users\heee1\AppData\Local\Programs\Python\Python312\Lib\site-packages\google\api_core\timeout.py", line 130, in func_with_timeout
    return func(*args, **kwargs)
           ^^^^^^^^^^^^^^^^^^^^^
  File "C:\Users\heee1\AppData\Local\Programs\Python\Python312\Lib\site-packages\google\api_core\grpc_helpers.py", line 57, in error_remapped_callable
    raise exceptions.from_grpc_error(exc) from exc
google.api_core.exceptions.NotFound: 404 models/gemini-1.5-flash is not found for API version v1beta, or is not supported for generateContent. Call ModelService.ListModels to see the list of available models and their supported methods.

During handling of the above exception, another exception occurred:

Traceback (most recent call last):
  File "C:\dev\GitHub\eco-price-ai\backend\main.py", line 217, in get_storage_guide
    storage_data = generate_storage_guide(item_name)
                   ^^^^^^^^^^^^^^^^^^^^^^^^^^^^^^^^^
  File "C:\dev\GitHub\eco-price-ai\backend\services\ai_service.py", line 124, in generate_storage_guide
    raise Exception(f"Gemini API 호출 실패: {str(e)}")
Exception: Gemini API 호출 실패: 404 models/gemini-1.5-flash is not found for API version v1beta, or is not supported for generateContent. Call ModelService.ListModels to see the list of available models and their supported methods.
2026-05-17 23:47:49,350 - database - ERROR - 데이터베이스 세션 중 오류 발생: 500: 보관 가이드 생성 오류: Gemini API 호출 실패: 404 models/gemini-1.5-flash is not found for API version v1beta, or is not supported for generateContent. Call ModelService.ListModels to see the list of available models and their supported methods.
Traceback (most recent call last):
  File "C:\Users\heee1\AppData\Local\Programs\Python\Python312\Lib\site-packages\google\api_core\grpc_helpers.py", line 55, in error_remapped_callable
    return callable_(*args, **kwargs)
           ^^^^^^^^^^^^^^^^^^^^^^^^^^
  File "C:\Users\heee1\AppData\Local\Programs\Python\Python312\Lib\site-packages\grpc\_interceptor.py", line 276, in __call__
    response, ignored_call = self._with_call(
                             ^^^^^^^^^^^^^^^^
  File "C:\Users\heee1\AppData\Local\Programs\Python\Python312\Lib\site-packages\grpc\_interceptor.py", line 331, in _with_call
    return call.result(), call
           ^^^^^^^^^^^^^
  File "C:\Users\heee1\AppData\Local\Programs\Python\Python312\Lib\site-packages\grpc\_channel.py", line 438, in result
    raise self
  File "C:\Users\heee1\AppData\Local\Programs\Python\Python312\Lib\site-packages\grpc\_interceptor.py", line 314, in continuation
    response, call = self._thunk(new_method).with_call(
                     ^^^^^^^^^^^^^^^^^^^^^^^^^^^^^^^^^^
  File "C:\Users\heee1\AppData\Local\Programs\Python\Python312\Lib\site-packages\grpc\_channel.py", line 1173, in with_call
    return _end_unary_response_blocking(state, call, True, None)
           ^^^^^^^^^^^^^^^^^^^^^^^^^^^^^^^^^^^^^^^^^^^^^^^^^^^^^
  File "C:\Users\heee1\AppData\Local\Programs\Python\Python312\Lib\site-packages\grpc\_channel.py", line 990, in _end_unary_response_blocking
    raise _InactiveRpcError(state)  # pytype: disable=not-instantiable
    ^^^^^^^^^^^^^^^^^^^^^^^^^^^^^^
grpc._channel._InactiveRpcError: <_InactiveRpcError of RPC that terminated with:
	status = StatusCode.NOT_FOUND
	details = "models/gemini-1.5-flash is not found for API version v1beta, or is not supported for generateContent. Call ModelService.ListModels to see the list of available models and their supported methods."
	debug_error_string = "UNKNOWN:Error received from peer ipv4:172.217.213.95:443 {grpc_status:5, grpc_message:"models/gemini-1.5-flash is not found for API version v1beta, or is not supported for generateContent. Call ModelService.ListModels to see the list of available models and their supported methods."}"
>

The above exception was the direct cause of the following exception:

Traceback (most recent call last):
  File "C:\dev\GitHub\eco-price-ai\backend\services\ai_service.py", line 111, in generate_storage_guide
    response = model.generate_content(prompt, request_options={"timeout": 15.0})
               ^^^^^^^^^^^^^^^^^^^^^^^^^^^^^^^^^^^^^^^^^^^^^^^^^^^^^^^^^^^^^^^^^
  File "C:\Users\heee1\AppData\Local\Programs\Python\Python312\Lib\site-packages\google\generativeai\generative_models.py", line 331, in generate_content
    response = self._client.generate_content(
               ^^^^^^^^^^^^^^^^^^^^^^^^^^^^^^
  File "C:\Users\heee1\AppData\Local\Programs\Python\Python312\Lib\site-packages\google\ai\generativelanguage_v1beta\services\generative_service\client.py", line 835, in generate_content
    response = rpc(
               ^^^^
  File "C:\Users\heee1\AppData\Local\Programs\Python\Python312\Lib\site-packages\google\api_core\gapic_v1\method.py", line 128, in __call__
    return wrapped_func(*args, **kwargs)
           ^^^^^^^^^^^^^^^^^^^^^^^^^^^^^
  File "C:\Users\heee1\AppData\Local\Programs\Python\Python312\Lib\site-packages\google\api_core\retry\retry_unary.py", line 294, in retry_wrapped_func
    return retry_target(
           ^^^^^^^^^^^^^
  File "C:\Users\heee1\AppData\Local\Programs\Python\Python312\Lib\site-packages\google\api_core\retry\retry_unary.py", line 156, in retry_target
    next_sleep = _retry_error_helper(
                 ^^^^^^^^^^^^^^^^^^^^
  File "C:\Users\heee1\AppData\Local\Programs\Python\Python312\Lib\site-packages\google\api_core\retry\retry_base.py", line 216, in _retry_error_helper
    raise final_exc from source_exc
  File "C:\Users\heee1\AppData\Local\Programs\Python\Python312\Lib\site-packages\google\api_core\retry\retry_unary.py", line 147, in retry_target
    result = target()
             ^^^^^^^^
  File "C:\Users\heee1\AppData\Local\Programs\Python\Python312\Lib\site-packages\google\api_core\timeout.py", line 130, in func_with_timeout
    return func(*args, **kwargs)
           ^^^^^^^^^^^^^^^^^^^^^
  File "C:\Users\heee1\AppData\Local\Programs\Python\Python312\Lib\site-packages\google\api_core\grpc_helpers.py", line 57, in error_remapped_callable
    raise exceptions.from_grpc_error(exc) from exc
google.api_core.exceptions.NotFound: 404 models/gemini-1.5-flash is not found for API version v1beta, or is not supported for generateContent. Call ModelService.ListModels to see the list of available models and their supported methods.

During handling of the above exception, another exception occurred:

Traceback (most recent call last):
  File "C:\dev\GitHub\eco-price-ai\backend\main.py", line 217, in get_storage_guide
    storage_data = generate_storage_guide(item_name)
                   ^^^^^^^^^^^^^^^^^^^^^^^^^^^^^^^^^
  File "C:\dev\GitHub\eco-price-ai\backend\services\ai_service.py", line 124, in generate_storage_guide
    raise Exception(f"Gemini API 호출 실패: {str(e)}")
Exception: Gemini API 호출 실패: 404 models/gemini-1.5-flash is not found for API version v1beta, or is not supported for generateContent. Call ModelService.ListModels to see the list of available models and their supported methods.

During handling of the above exception, another exception occurred:

Traceback (most recent call last):
  File "C:\dev\GitHub\eco-price-ai\backend\database.py", line 53, in get_db
    yield db
  File "C:\Users\heee1\AppData\Local\Programs\Python\Python312\Lib\site-packages\fastapi\concurrency.py", line 29, in contextmanager_in_threadpool
    yield await run_in_threadpool(cm.__enter__)
  File "C:\Users\heee1\AppData\Local\Programs\Python\Python312\Lib\site-packages\fastapi\routing.py", line 120, in app
    response = await f(request)
               ^^^^^^^^^^^^^^^^
  File "C:\Users\heee1\AppData\Local\Programs\Python\Python312\Lib\site-packages\fastapi\routing.py", line 674, in app
    raw_response = await run_endpoint_function(
                   ^^^^^^^^^^^^^^^^^^^^^^^^^^^^
  File "C:\Users\heee1\AppData\Local\Programs\Python\Python312\Lib\site-packages\fastapi\routing.py", line 330, in run_endpoint_function
    return await run_in_threadpool(dependant.call, **values)
           ^^^^^^^^^^^^^^^^^^^^^^^^^^^^^^^^^^^^^^^^^^^^^^^^^
  File "C:\Users\heee1\AppData\Local\Programs\Python\Python312\Lib\site-packages\starlette\concurrency.py", line 32, in run_in_threadpool
    return await anyio.to_thread.run_sync(func)
           ^^^^^^^^^^^^^^^^^^^^^^^^^^^^^^^^^^^^
  File "C:\Users\heee1\AppData\Local\Programs\Python\Python312\Lib\site-packages\anyio\to_thread.py", line 63, in run_sync
    return await get_async_backend().run_sync_in_worker_thread(
           ^^^^^^^^^^^^^^^^^^^^^^^^^^^^^^^^^^^^^^^^^^^^^^^^^^^^
  File "C:\Users\heee1\AppData\Local\Programs\Python\Python312\Lib\site-packages\anyio\_backends\_asyncio.py", line 2518, in run_sync_in_worker_thread
    return await future
           ^^^^^^^^^^^^
  File "C:\Users\heee1\AppData\Local\Programs\Python\Python312\Lib\site-packages\anyio\_backends\_asyncio.py", line 1002, in run
    result = context.run(func, *args)
             ^^^^^^^^^^^^^^^^^^^^^^^^
  File "C:\dev\GitHub\eco-price-ai\backend\main.py", line 242, in get_storage_guide
    raise HTTPException(status_code=500, detail=f"보관 가이드 생성 오류: {str(e)}")
fastapi.exceptions.HTTPException: 500: 보관 가이드 생성 오류: Gemini API 호출 실패: 404 models/gemini-1.5-flash is not found for API version v1beta, or is not supported for generateContent. Call ModelService.ListModels to see the list of available models and their supported methods.
2026-05-17 23:47:49,353 - main - INFO - [요청 완료] GET /api/storage/오뚜기 크림스프(80g) | 상태코드: 500 | ID: 2026-05-17T23:47:49.198799
2026-05-17 23:48:48,318 - main - INFO - FastAPI 애플리케이션 시작
2026-05-18 17:31:53,348 - main - INFO - [요청 시작] GET /items | 클라이언트: 127.0.0.1 | ID: 2026-05-18T17:31:53.348934
2026-05-18 17:31:53,360 - main - INFO - 마켓 가격 조회 요청: 검색어='None'
2026-05-18 17:31:53,367 - main - INFO - 마켓 가격 조회 완료: 50개 항목 (최대 50개 제한)
2026-05-18 17:31:53,369 - main - INFO - [요청 완료] GET /items | 상태코드: 200 | ID: 2026-05-18T17:31:53.348934
2026-05-18 17:31:53,372 - main - INFO - [요청 시작] GET /items | 클라이언트: 127.0.0.1 | ID: 2026-05-18T17:31:53.372260
2026-05-18 17:31:53,372 - main - INFO - 마켓 가격 조회 요청: 검색어='None'
2026-05-18 17:31:53,374 - main - INFO - 마켓 가격 조회 완료: 50개 항목 (최대 50개 제한)
2026-05-18 17:31:53,375 - main - INFO - [요청 완료] GET /items | 상태코드: 200 | ID: 2026-05-18T17:31:53.372260
2026-05-19 06:46:50,124 - main - INFO - [요청 시작] GET /items | 클라이언트: 127.0.0.1 | ID: 2026-05-19T06:46:50.124613
2026-05-19 06:46:50,127 - main - INFO - 마켓 가격 조회 요청: 검색어='None'
2026-05-19 06:46:50,131 - main - INFO - 마켓 가격 조회 완료: 50개 항목 (최대 50개 제한)
2026-05-19 06:46:50,134 - main - INFO - [요청 완료] GET /items | 상태코드: 200 | ID: 2026-05-19T06:46:50.124613
2026-05-19 06:46:50,137 - main - INFO - [요청 시작] GET /items | 클라이언트: 127.0.0.1 | ID: 2026-05-19T06:46:50.137408
2026-05-19 06:46:50,139 - main - INFO - 마켓 가격 조회 요청: 검색어='None'
2026-05-19 06:46:50,142 - main - INFO - 마켓 가격 조회 완료: 50개 항목 (최대 50개 제한)
2026-05-19 06:46:50,145 - main - INFO - [요청 완료] GET /items | 상태코드: 200 | ID: 2026-05-19T06:46:50.137408
2026-05-19 06:55:49,077 - main - INFO - [요청 시작] GET /items | 클라이언트: 127.0.0.1 | ID: 2026-05-19T06:55:49.077246
2026-05-19 06:55:49,078 - main - INFO - 마켓 가격 조회 요청: 검색어='None'
2026-05-19 06:55:49,083 - main - INFO - 마켓 가격 조회 완료: 50개 항목 (최대 50개 제한)
2026-05-19 06:55:49,086 - main - INFO - [요청 완료] GET /items | 상태코드: 200 | ID: 2026-05-19T06:55:49.077246
2026-05-19 06:55:49,090 - main - INFO - [요청 시작] GET /items | 클라이언트: 127.0.0.1 | ID: 2026-05-19T06:55:49.090356
2026-05-19 06:55:49,091 - main - INFO - 마켓 가격 조회 요청: 검색어='None'
2026-05-19 06:55:49,096 - main - INFO - 마켓 가격 조회 완료: 50개 항목 (최대 50개 제한)
2026-05-19 06:55:49,098 - main - INFO - [요청 완료] GET /items | 상태코드: 200 | ID: 2026-05-19T06:55:49.090356
2026-05-19 10:09:40,954 - main - INFO - [요청 시작] GET /items | 클라이언트: 127.0.0.1 | ID: 2026-05-19T10:09:40.954455
2026-05-19 10:09:40,957 - main - INFO - 마켓 가격 조회 요청: 검색어='None'
2026-05-19 10:09:40,965 - main - INFO - 마켓 가격 조회 완료: 50개 항목 (최대 50개 제한)
2026-05-19 10:09:40,967 - main - INFO - [요청 완료] GET /items | 상태코드: 200 | ID: 2026-05-19T10:09:40.954455
2026-05-19 10:09:40,972 - main - INFO - [요청 시작] GET /items | 클라이언트: 127.0.0.1 | ID: 2026-05-19T10:09:40.972043
2026-05-19 10:09:40,973 - main - INFO - 마켓 가격 조회 요청: 검색어='None'
2026-05-19 10:09:41,035 - main - INFO - 마켓 가격 조회 완료: 50개 항목 (최대 50개 제한)
2026-05-19 10:09:41,037 - main - INFO - [요청 완료] GET /items | 상태코드: 200 | ID: 2026-05-19T10:09:40.972043
2026-05-19 20:15:46,874 - main - INFO - [요청 시작] GET /items | 클라이언트: 127.0.0.1 | ID: 2026-05-19T20:15:46.874184
2026-05-19 20:15:46,888 - main - INFO - 마켓 가격 조회 요청: 검색어='None'
2026-05-19 20:15:46,896 - main - INFO - 마켓 가격 조회 완료: 50개 항목 (최대 50개 제한)
2026-05-19 20:15:46,902 - main - INFO - [요청 완료] GET /items | 상태코드: 200 | ID: 2026-05-19T20:15:46.874184
2026-05-19 20:15:46,921 - main - INFO - [요청 시작] GET /items | 클라이언트: 127.0.0.1 | ID: 2026-05-19T20:15:46.921893
2026-05-19 20:15:46,941 - main - INFO - 마켓 가격 조회 요청: 검색어='None'
2026-05-19 20:15:46,948 - main - INFO - 마켓 가격 조회 완료: 50개 항목 (최대 50개 제한)
2026-05-19 20:15:46,954 - main - INFO - [요청 완료] GET /items | 상태코드: 200 | ID: 2026-05-19T20:15:46.921893
2026-05-19 21:11:38,586 - main - INFO - [요청 시작] GET /items | 클라이언트: 127.0.0.1 | ID: 2026-05-19T21:11:38.586162
2026-05-19 21:11:38,587 - main - INFO - 마켓 가격 조회 요청: 검색어='None'
2026-05-19 21:11:38,594 - main - INFO - 마켓 가격 조회 완료: 50개 항목 (최대 50개 제한)
2026-05-19 21:11:38,596 - main - INFO - [요청 완료] GET /items | 상태코드: 200 | ID: 2026-05-19T21:11:38.586162
2026-05-19 21:11:38,601 - main - INFO - [요청 시작] GET /items | 클라이언트: 127.0.0.1 | ID: 2026-05-19T21:11:38.601419
2026-05-19 21:11:38,602 - main - INFO - 마켓 가격 조회 요청: 검색어='None'
2026-05-19 21:11:38,608 - main - INFO - 마켓 가격 조회 완료: 50개 항목 (최대 50개 제한)
2026-05-19 21:11:38,611 - main - INFO - [요청 완료] GET /items | 상태코드: 200 | ID: 2026-05-19T21:11:38.601419
2026-05-19 21:27:55,220 - main - INFO - [요청 시작] GET /items | 클라이언트: 127.0.0.1 | ID: 2026-05-19T21:27:55.220328
2026-05-19 21:27:55,228 - main - INFO - 마켓 가격 조회 요청: 검색어='None'
2026-05-19 21:27:55,237 - main - INFO - 마켓 가격 조회 완료: 50개 항목 (최대 50개 제한)
2026-05-19 21:27:55,248 - main - INFO - [요청 완료] GET /items | 상태코드: 200 | ID: 2026-05-19T21:27:55.220328
2026-05-19 21:27:55,253 - main - INFO - [요청 시작] GET /items | 클라이언트: 127.0.0.1 | ID: 2026-05-19T21:27:55.253491
2026-05-19 21:27:55,256 - main - INFO - 마켓 가격 조회 요청: 검색어='None'
2026-05-19 21:27:55,262 - main - INFO - 마켓 가격 조회 완료: 50개 항목 (최대 50개 제한)
2026-05-19 21:27:55,264 - main - INFO - [요청 완료] GET /items | 상태코드: 200 | ID: 2026-05-19T21:27:55.253491
2026-05-19 21:28:04,749 - main - INFO - [요청 시작] GET /items | 클라이언트: 127.0.0.1 | ID: 2026-05-19T21:28:04.749988
2026-05-19 21:28:04,749 - main - INFO - 마켓 가격 조회 요청: 검색어='None'
2026-05-19 21:28:04,755 - main - INFO - 마켓 가격 조회 완료: 50개 항목 (최대 50개 제한)
2026-05-19 21:28:04,758 - main - INFO - [요청 완료] GET /items | 상태코드: 200 | ID: 2026-05-19T21:28:04.749988
2026-05-19 21:28:04,760 - main - INFO - [요청 시작] GET /items | 클라이언트: 127.0.0.1 | ID: 2026-05-19T21:28:04.760349
2026-05-19 21:28:04,762 - main - INFO - 마켓 가격 조회 요청: 검색어='None'
2026-05-19 21:28:04,766 - main - INFO - 마켓 가격 조회 완료: 50개 항목 (최대 50개 제한)
2026-05-19 21:28:04,767 - main - INFO - [요청 완료] GET /items | 상태코드: 200 | ID: 2026-05-19T21:28:04.760349
2026-05-19 21:28:07,421 - main - INFO - [요청 시작] GET /items | 클라이언트: 127.0.0.1 | ID: 2026-05-19T21:28:07.421484
2026-05-19 21:28:07,422 - main - INFO - 마켓 가격 조회 요청: 검색어='None'
2026-05-19 21:28:07,424 - main - INFO - 마켓 가격 조회 완료: 50개 항목 (최대 50개 제한)
2026-05-19 21:28:07,428 - main - INFO - [요청 완료] GET /items | 상태코드: 200 | ID: 2026-05-19T21:28:07.421484
2026-05-19 21:28:07,432 - main - INFO - [요청 시작] GET /items | 클라이언트: 127.0.0.1 | ID: 2026-05-19T21:28:07.432033
2026-05-19 21:28:07,432 - main - INFO - 마켓 가격 조회 요청: 검색어='None'
2026-05-19 21:28:07,437 - main - INFO - 마켓 가격 조회 완료: 50개 항목 (최대 50개 제한)
2026-05-19 21:28:07,439 - main - INFO - [요청 완료] GET /items | 상태코드: 200 | ID: 2026-05-19T21:28:07.432033
2026-05-19 22:36:50,051 - main - INFO - FastAPI 애플리케이션 시작
2026-05-19 22:37:20,020 - main - INFO - FastAPI 애플리케이션 시작
2026-05-19 22:37:31,290 - main - INFO - FastAPI 애플리케이션 시작
2026-05-19 22:37:58,346 - main - INFO - [요청 시작] GET /items | 클라이언트: 127.0.0.1 | ID: 2026-05-19T22:37:58.346318
2026-05-19 22:37:58,350 - main - INFO - 마켓 가격 조회 요청: 검색어='None'
2026-05-19 22:37:58,373 - main - INFO - 마켓 가격 조회 완료: 50개 항목 (최대 50개, 비식품 제외)
2026-05-19 22:37:58,379 - main - INFO - [요청 완료] GET /items | 상태코드: 200 | ID: 2026-05-19T22:37:58.346318
2026-05-19 22:37:58,383 - main - INFO - [요청 시작] GET /items | 클라이언트: 127.0.0.1 | ID: 2026-05-19T22:37:58.383629
2026-05-19 22:37:58,386 - main - INFO - 마켓 가격 조회 요청: 검색어='None'
2026-05-19 22:37:58,391 - main - INFO - 마켓 가격 조회 완료: 50개 항목 (최대 50개, 비식품 제외)
2026-05-19 22:37:58,396 - main - INFO - [요청 완료] GET /items | 상태코드: 200 | ID: 2026-05-19T22:37:58.383629
2026-05-19 22:38:42,716 - main - INFO - [요청 시작] GET /api/storage/갈치(생물, 100g) | 클라이언트: 127.0.0.1 | ID: 2026-05-19T22:38:42.716507
2026-05-19 22:38:42,719 - main - INFO - 보관 가이드 조회 요청: item_name=갈치(생물, 100g)
2026-05-19 22:38:42,725 - main - INFO - 새로운 보관 가이드 생성 시작: item_name=갈치(생물, 100g)
2026-05-19 22:38:42,725 - services.ai_service - INFO - 보관 가이드 생성 시작: item_name=갈치(생물, 100g)
2026-05-19 22:38:42,727 - google_genai.models - INFO - AFC is enabled with max remote calls: 10.
2026-05-19 22:38:43,022 - httpx - INFO - HTTP Request: POST https://generativelanguage.googleapis.com/v1beta/models/gemini-2.0-flash:generateContent "HTTP/1.1 429 Too Many Requests"
2026-05-19 22:38:43,024 - services.ai_service - ERROR - Gemini API 호출 실패 (보관 가이드): item_name=갈치(생물, 100g), 에러=429 RESOURCE_EXHAUSTED. {'error': {'code': 429, 'message': 'You exceeded your current quota, please check your plan and billing details. For more information on this error, head to: https://ai.google.dev/gemini-api/docs/rate-limits. To monitor your current usage, head to: https://ai.dev/rate-limit. \n* Quota exceeded for metric: generativelanguage.googleapis.com/generate_content_free_tier_requests, limit: 0, model: gemini-2.0-flash\n* Quota exceeded for metric: generativelanguage.googleapis.com/generate_content_free_tier_requests, limit: 0, model: gemini-2.0-flash\n* Quota exceeded for metric: generativelanguage.googleapis.com/generate_content_free_tier_input_token_count, limit: 0, model: gemini-2.0-flash\nPlease retry in 17.078280355s.', 'status': 'RESOURCE_EXHAUSTED', 'details': [{'@type': 'type.googleapis.com/google.rpc.Help', 'links': [{'description': 'Learn more about Gemini API quotas', 'url': 'https://ai.google.dev/gemini-api/docs/rate-limits'}]}, {'@type': 'type.googleapis.com/google.rpc.QuotaFailure', 'violations': [{'quotaMetric': 'generativelanguage.googleapis.com/generate_content_free_tier_requests', 'quotaId': 'GenerateRequestsPerDayPerProjectPerModel-FreeTier', 'quotaDimensions': {'location': 'global', 'model': 'gemini-2.0-flash'}}, {'quotaMetric': 'generativelanguage.googleapis.com/generate_content_free_tier_requests', 'quotaId': 'GenerateRequestsPerMinutePerProjectPerModel-FreeTier', 'quotaDimensions': {'model': 'gemini-2.0-flash', 'location': 'global'}}, {'quotaMetric': 'generativelanguage.googleapis.com/generate_content_free_tier_input_token_count', 'quotaId': 'GenerateContentInputTokensPerModelPerMinute-FreeTier', 'quotaDimensions': {'model': 'gemini-2.0-flash', 'location': 'global'}}]}, {'@type': 'type.googleapis.com/google.rpc.RetryInfo', 'retryDelay': '17s'}]}}
Traceback (most recent call last):
  File "C:\dev\GitHub\eco-price-ai\backend\services\ai_service.py", line 110, in generate_storage_guide
    response = client.models.generate_content(
               ^^^^^^^^^^^^^^^^^^^^^^^^^^^^^^^
  File "C:\Users\heee1\AppData\Local\Programs\Python\Python312\Lib\site-packages\google\genai\models.py", line 6405, in generate_content
    response = self._generate_content(
               ^^^^^^^^^^^^^^^^^^^^^^^
  File "C:\Users\heee1\AppData\Local\Programs\Python\Python312\Lib\site-packages\google\genai\models.py", line 4841, in _generate_content
    response = self._api_client.request(
               ^^^^^^^^^^^^^^^^^^^^^^^^^
  File "C:\Users\heee1\AppData\Local\Programs\Python\Python312\Lib\site-packages\google\genai\_api_client.py", line 1611, in request
    response = self._request(http_request, http_options, stream=False)
               ^^^^^^^^^^^^^^^^^^^^^^^^^^^^^^^^^^^^^^^^^^^^^^^^^^^^^^^
  File "C:\Users\heee1\AppData\Local\Programs\Python\Python312\Lib\site-packages\google\genai\_api_client.py", line 1404, in _request
    return self._retry(self._request_once, http_request, stream)  # type: ignore[no-any-return]
           ^^^^^^^^^^^^^^^^^^^^^^^^^^^^^^^^^^^^^^^^^^^^^^^^^^^^^
  File "C:\Users\heee1\AppData\Local\Programs\Python\Python312\Lib\site-packages\tenacity\__init__.py", line 470, in __call__
    do = self.iter(retry_state=retry_state)
         ^^^^^^^^^^^^^^^^^^^^^^^^^^^^^^^^^^
  File "C:\Users\heee1\AppData\Local\Programs\Python\Python312\Lib\site-packages\tenacity\__init__.py", line 371, in iter
    result = action(retry_state)
             ^^^^^^^^^^^^^^^^^^^
  File "C:\Users\heee1\AppData\Local\Programs\Python\Python312\Lib\site-packages\tenacity\__init__.py", line 413, in exc_check
    raise retry_exc.reraise()
          ^^^^^^^^^^^^^^^^^^^
  File "C:\Users\heee1\AppData\Local\Programs\Python\Python312\Lib\site-packages\tenacity\__init__.py", line 184, in reraise
    raise self.last_attempt.result()
          ^^^^^^^^^^^^^^^^^^^^^^^^^^
  File "C:\Users\heee1\AppData\Local\Programs\Python\Python312\Lib\concurrent\futures\_base.py", line 449, in result
    return self.__get_result()
           ^^^^^^^^^^^^^^^^^^^
  File "C:\Users\heee1\AppData\Local\Programs\Python\Python312\Lib\concurrent\futures\_base.py", line 401, in __get_result
    raise self._exception
  File "C:\Users\heee1\AppData\Local\Programs\Python\Python312\Lib\site-packages\tenacity\__init__.py", line 473, in __call__
    result = fn(*args, **kwargs)
             ^^^^^^^^^^^^^^^^^^^
  File "C:\Users\heee1\AppData\Local\Programs\Python\Python312\Lib\site-packages\google\genai\_api_client.py", line 1381, in _request_once
    errors.APIError.raise_for_response(response)
  File "C:\Users\heee1\AppData\Local\Programs\Python\Python312\Lib\site-packages\google\genai\errors.py", line 155, in raise_for_response
    cls.raise_error(response.status_code, response_json, response)
  File "C:\Users\heee1\AppData\Local\Programs\Python\Python312\Lib\site-packages\google\genai\errors.py", line 184, in raise_error
    raise ClientError(status_code, response_json, response)
google.genai.errors.ClientError: 429 RESOURCE_EXHAUSTED. {'error': {'code': 429, 'message': 'You exceeded your current quota, please check your plan and billing details. For more information on this error, head to: https://ai.google.dev/gemini-api/docs/rate-limits. To monitor your current usage, head to: https://ai.dev/rate-limit. \n* Quota exceeded for metric: generativelanguage.googleapis.com/generate_content_free_tier_requests, limit: 0, model: gemini-2.0-flash\n* Quota exceeded for metric: generativelanguage.googleapis.com/generate_content_free_tier_requests, limit: 0, model: gemini-2.0-flash\n* Quota exceeded for metric: generativelanguage.googleapis.com/generate_content_free_tier_input_token_count, limit: 0, model: gemini-2.0-flash\nPlease retry in 17.078280355s.', 'status': 'RESOURCE_EXHAUSTED', 'details': [{'@type': 'type.googleapis.com/google.rpc.Help', 'links': [{'description': 'Learn more about Gemini API quotas', 'url': 'https://ai.google.dev/gemini-api/docs/rate-limits'}]}, {'@type': 'type.googleapis.com/google.rpc.QuotaFailure', 'violations': [{'quotaMetric': 'generativelanguage.googleapis.com/generate_content_free_tier_requests', 'quotaId': 'GenerateRequestsPerDayPerProjectPerModel-FreeTier', 'quotaDimensions': {'location': 'global', 'model': 'gemini-2.0-flash'}}, {'quotaMetric': 'generativelanguage.googleapis.com/generate_content_free_tier_requests', 'quotaId': 'GenerateRequestsPerMinutePerProjectPerModel-FreeTier', 'quotaDimensions': {'model': 'gemini-2.0-flash', 'location': 'global'}}, {'quotaMetric': 'generativelanguage.googleapis.com/generate_content_free_tier_input_token_count', 'quotaId': 'GenerateContentInputTokensPerModelPerMinute-FreeTier', 'quotaDimensions': {'model': 'gemini-2.0-flash', 'location': 'global'}}]}, {'@type': 'type.googleapis.com/google.rpc.RetryInfo', 'retryDelay': '17s'}]}}
2026-05-19 22:38:43,038 - main - ERROR - 보관 가이드 생성 중 심각한 오류 발생: item_name=갈치(생물, 100g), 에러=Gemini API 호출 실패: 429 RESOURCE_EXHAUSTED. {'error': {'code': 429, 'message': 'You exceeded your current quota, please check your plan and billing details. For more information on this error, head to: https://ai.google.dev/gemini-api/docs/rate-limits. To monitor your current usage, head to: https://ai.dev/rate-limit. \n* Quota exceeded for metric: generativelanguage.googleapis.com/generate_content_free_tier_requests, limit: 0, model: gemini-2.0-flash\n* Quota exceeded for metric: generativelanguage.googleapis.com/generate_content_free_tier_requests, limit: 0, model: gemini-2.0-flash\n* Quota exceeded for metric: generativelanguage.googleapis.com/generate_content_free_tier_input_token_count, limit: 0, model: gemini-2.0-flash\nPlease retry in 17.078280355s.', 'status': 'RESOURCE_EXHAUSTED', 'details': [{'@type': 'type.googleapis.com/google.rpc.Help', 'links': [{'description': 'Learn more about Gemini API quotas', 'url': 'https://ai.google.dev/gemini-api/docs/rate-limits'}]}, {'@type': 'type.googleapis.com/google.rpc.QuotaFailure', 'violations': [{'quotaMetric': 'generativelanguage.googleapis.com/generate_content_free_tier_requests', 'quotaId': 'GenerateRequestsPerDayPerProjectPerModel-FreeTier', 'quotaDimensions': {'location': 'global', 'model': 'gemini-2.0-flash'}}, {'quotaMetric': 'generativelanguage.googleapis.com/generate_content_free_tier_requests', 'quotaId': 'GenerateRequestsPerMinutePerProjectPerModel-FreeTier', 'quotaDimensions': {'model': 'gemini-2.0-flash', 'location': 'global'}}, {'quotaMetric': 'generativelanguage.googleapis.com/generate_content_free_tier_input_token_count', 'quotaId': 'GenerateContentInputTokensPerModelPerMinute-FreeTier', 'quotaDimensions': {'model': 'gemini-2.0-flash', 'location': 'global'}}]}, {'@type': 'type.googleapis.com/google.rpc.RetryInfo', 'retryDelay': '17s'}]}}
Traceback (most recent call last):
  File "C:\dev\GitHub\eco-price-ai\backend\services\ai_service.py", line 110, in generate_storage_guide
    response = client.models.generate_content(
               ^^^^^^^^^^^^^^^^^^^^^^^^^^^^^^^
  File "C:\Users\heee1\AppData\Local\Programs\Python\Python312\Lib\site-packages\google\genai\models.py", line 6405, in generate_content
    response = self._generate_content(
               ^^^^^^^^^^^^^^^^^^^^^^^
  File "C:\Users\heee1\AppData\Local\Programs\Python\Python312\Lib\site-packages\google\genai\models.py", line 4841, in _generate_content
    response = self._api_client.request(
               ^^^^^^^^^^^^^^^^^^^^^^^^^
  File "C:\Users\heee1\AppData\Local\Programs\Python\Python312\Lib\site-packages\google\genai\_api_client.py", line 1611, in request
    response = self._request(http_request, http_options, stream=False)
               ^^^^^^^^^^^^^^^^^^^^^^^^^^^^^^^^^^^^^^^^^^^^^^^^^^^^^^^
  File "C:\Users\heee1\AppData\Local\Programs\Python\Python312\Lib\site-packages\google\genai\_api_client.py", line 1404, in _request
    return self._retry(self._request_once, http_request, stream)  # type: ignore[no-any-return]
           ^^^^^^^^^^^^^^^^^^^^^^^^^^^^^^^^^^^^^^^^^^^^^^^^^^^^^
  File "C:\Users\heee1\AppData\Local\Programs\Python\Python312\Lib\site-packages\tenacity\__init__.py", line 470, in __call__
    do = self.iter(retry_state=retry_state)
         ^^^^^^^^^^^^^^^^^^^^^^^^^^^^^^^^^^
  File "C:\Users\heee1\AppData\Local\Programs\Python\Python312\Lib\site-packages\tenacity\__init__.py", line 371, in iter
    result = action(retry_state)
             ^^^^^^^^^^^^^^^^^^^
  File "C:\Users\heee1\AppData\Local\Programs\Python\Python312\Lib\site-packages\tenacity\__init__.py", line 413, in exc_check
    raise retry_exc.reraise()
          ^^^^^^^^^^^^^^^^^^^
  File "C:\Users\heee1\AppData\Local\Programs\Python\Python312\Lib\site-packages\tenacity\__init__.py", line 184, in reraise
    raise self.last_attempt.result()
          ^^^^^^^^^^^^^^^^^^^^^^^^^^
  File "C:\Users\heee1\AppData\Local\Programs\Python\Python312\Lib\concurrent\futures\_base.py", line 449, in result
    return self.__get_result()
           ^^^^^^^^^^^^^^^^^^^
  File "C:\Users\heee1\AppData\Local\Programs\Python\Python312\Lib\concurrent\futures\_base.py", line 401, in __get_result
    raise self._exception
  File "C:\Users\heee1\AppData\Local\Programs\Python\Python312\Lib\site-packages\tenacity\__init__.py", line 473, in __call__
    result = fn(*args, **kwargs)
             ^^^^^^^^^^^^^^^^^^^
  File "C:\Users\heee1\AppData\Local\Programs\Python\Python312\Lib\site-packages\google\genai\_api_client.py", line 1381, in _request_once
    errors.APIError.raise_for_response(response)
  File "C:\Users\heee1\AppData\Local\Programs\Python\Python312\Lib\site-packages\google\genai\errors.py", line 155, in raise_for_response
    cls.raise_error(response.status_code, response_json, response)
  File "C:\Users\heee1\AppData\Local\Programs\Python\Python312\Lib\site-packages\google\genai\errors.py", line 184, in raise_error
    raise ClientError(status_code, response_json, response)
google.genai.errors.ClientError: 429 RESOURCE_EXHAUSTED. {'error': {'code': 429, 'message': 'You exceeded your current quota, please check your plan and billing details. For more information on this error, head to: https://ai.google.dev/gemini-api/docs/rate-limits. To monitor your current usage, head to: https://ai.dev/rate-limit. \n* Quota exceeded for metric: generativelanguage.googleapis.com/generate_content_free_tier_requests, limit: 0, model: gemini-2.0-flash\n* Quota exceeded for metric: generativelanguage.googleapis.com/generate_content_free_tier_requests, limit: 0, model: gemini-2.0-flash\n* Quota exceeded for metric: generativelanguage.googleapis.com/generate_content_free_tier_input_token_count, limit: 0, model: gemini-2.0-flash\nPlease retry in 17.078280355s.', 'status': 'RESOURCE_EXHAUSTED', 'details': [{'@type': 'type.googleapis.com/google.rpc.Help', 'links': [{'description': 'Learn more about Gemini API quotas', 'url': 'https://ai.google.dev/gemini-api/docs/rate-limits'}]}, {'@type': 'type.googleapis.com/google.rpc.QuotaFailure', 'violations': [{'quotaMetric': 'generativelanguage.googleapis.com/generate_content_free_tier_requests', 'quotaId': 'GenerateRequestsPerDayPerProjectPerModel-FreeTier', 'quotaDimensions': {'location': 'global', 'model': 'gemini-2.0-flash'}}, {'quotaMetric': 'generativelanguage.googleapis.com/generate_content_free_tier_requests', 'quotaId': 'GenerateRequestsPerMinutePerProjectPerModel-FreeTier', 'quotaDimensions': {'model': 'gemini-2.0-flash', 'location': 'global'}}, {'quotaMetric': 'generativelanguage.googleapis.com/generate_content_free_tier_input_token_count', 'quotaId': 'GenerateContentInputTokensPerModelPerMinute-FreeTier', 'quotaDimensions': {'model': 'gemini-2.0-flash', 'location': 'global'}}]}, {'@type': 'type.googleapis.com/google.rpc.RetryInfo', 'retryDelay': '17s'}]}}

During handling of the above exception, another exception occurred:

Traceback (most recent call last):
  File "C:\dev\GitHub\eco-price-ai\backend\main.py", line 229, in get_storage_guide
    storage_data = generate_storage_guide(item_name)
                   ^^^^^^^^^^^^^^^^^^^^^^^^^^^^^^^^^
  File "C:\dev\GitHub\eco-price-ai\backend\services\ai_service.py", line 126, in generate_storage_guide
    raise Exception(f"Gemini API 호출 실패: {str(e)}")
Exception: Gemini API 호출 실패: 429 RESOURCE_EXHAUSTED. {'error': {'code': 429, 'message': 'You exceeded your current quota, please check your plan and billing details. For more information on this error, head to: https://ai.google.dev/gemini-api/docs/rate-limits. To monitor your current usage, head to: https://ai.dev/rate-limit. \n* Quota exceeded for metric: generativelanguage.googleapis.com/generate_content_free_tier_requests, limit: 0, model: gemini-2.0-flash\n* Quota exceeded for metric: generativelanguage.googleapis.com/generate_content_free_tier_requests, limit: 0, model: gemini-2.0-flash\n* Quota exceeded for metric: generativelanguage.googleapis.com/generate_content_free_tier_input_token_count, limit: 0, model: gemini-2.0-flash\nPlease retry in 17.078280355s.', 'status': 'RESOURCE_EXHAUSTED', 'details': [{'@type': 'type.googleapis.com/google.rpc.Help', 'links': [{'description': 'Learn more about Gemini API quotas', 'url': 'https://ai.google.dev/gemini-api/docs/rate-limits'}]}, {'@type': 'type.googleapis.com/google.rpc.QuotaFailure', 'violations': [{'quotaMetric': 'generativelanguage.googleapis.com/generate_content_free_tier_requests', 'quotaId': 'GenerateRequestsPerDayPerProjectPerModel-FreeTier', 'quotaDimensions': {'location': 'global', 'model': 'gemini-2.0-flash'}}, {'quotaMetric': 'generativelanguage.googleapis.com/generate_content_free_tier_requests', 'quotaId': 'GenerateRequestsPerMinutePerProjectPerModel-FreeTier', 'quotaDimensions': {'model': 'gemini-2.0-flash', 'location': 'global'}}, {'quotaMetric': 'generativelanguage.googleapis.com/generate_content_free_tier_input_token_count', 'quotaId': 'GenerateContentInputTokensPerModelPerMinute-FreeTier', 'quotaDimensions': {'model': 'gemini-2.0-flash', 'location': 'global'}}]}, {'@type': 'type.googleapis.com/google.rpc.RetryInfo', 'retryDelay': '17s'}]}}
2026-05-19 22:38:43,038 - database - ERROR - 데이터베이스 세션 중 오류 발생: 500: 보관 가이드 생성 오류: Gemini API 호출 실패: 429 RESOURCE_EXHAUSTED. {'error': {'code': 429, 'message': 'You exceeded your current quota, please check your plan and billing details. For more information on this error, head to: https://ai.google.dev/gemini-api/docs/rate-limits. To monitor your current usage, head to: https://ai.dev/rate-limit. \n* Quota exceeded for metric: generativelanguage.googleapis.com/generate_content_free_tier_requests, limit: 0, model: gemini-2.0-flash\n* Quota exceeded for metric: generativelanguage.googleapis.com/generate_content_free_tier_requests, limit: 0, model: gemini-2.0-flash\n* Quota exceeded for metric: generativelanguage.googleapis.com/generate_content_free_tier_input_token_count, limit: 0, model: gemini-2.0-flash\nPlease retry in 17.078280355s.', 'status': 'RESOURCE_EXHAUSTED', 'details': [{'@type': 'type.googleapis.com/google.rpc.Help', 'links': [{'description': 'Learn more about Gemini API quotas', 'url': 'https://ai.google.dev/gemini-api/docs/rate-limits'}]}, {'@type': 'type.googleapis.com/google.rpc.QuotaFailure', 'violations': [{'quotaMetric': 'generativelanguage.googleapis.com/generate_content_free_tier_requests', 'quotaId': 'GenerateRequestsPerDayPerProjectPerModel-FreeTier', 'quotaDimensions': {'location': 'global', 'model': 'gemini-2.0-flash'}}, {'quotaMetric': 'generativelanguage.googleapis.com/generate_content_free_tier_requests', 'quotaId': 'GenerateRequestsPerMinutePerProjectPerModel-FreeTier', 'quotaDimensions': {'model': 'gemini-2.0-flash', 'location': 'global'}}, {'quotaMetric': 'generativelanguage.googleapis.com/generate_content_free_tier_input_token_count', 'quotaId': 'GenerateContentInputTokensPerModelPerMinute-FreeTier', 'quotaDimensions': {'model': 'gemini-2.0-flash', 'location': 'global'}}]}, {'@type': 'type.googleapis.com/google.rpc.RetryInfo', 'retryDelay': '17s'}]}}
Traceback (most recent call last):
  File "C:\dev\GitHub\eco-price-ai\backend\services\ai_service.py", line 110, in generate_storage_guide
    response = client.models.generate_content(
               ^^^^^^^^^^^^^^^^^^^^^^^^^^^^^^^
  File "C:\Users\heee1\AppData\Local\Programs\Python\Python312\Lib\site-packages\google\genai\models.py", line 6405, in generate_content
    response = self._generate_content(
               ^^^^^^^^^^^^^^^^^^^^^^^
  File "C:\Users\heee1\AppData\Local\Programs\Python\Python312\Lib\site-packages\google\genai\models.py", line 4841, in _generate_content
    response = self._api_client.request(
               ^^^^^^^^^^^^^^^^^^^^^^^^^
  File "C:\Users\heee1\AppData\Local\Programs\Python\Python312\Lib\site-packages\google\genai\_api_client.py", line 1611, in request
    response = self._request(http_request, http_options, stream=False)
               ^^^^^^^^^^^^^^^^^^^^^^^^^^^^^^^^^^^^^^^^^^^^^^^^^^^^^^^
  File "C:\Users\heee1\AppData\Local\Programs\Python\Python312\Lib\site-packages\google\genai\_api_client.py", line 1404, in _request
    return self._retry(self._request_once, http_request, stream)  # type: ignore[no-any-return]
           ^^^^^^^^^^^^^^^^^^^^^^^^^^^^^^^^^^^^^^^^^^^^^^^^^^^^^
  File "C:\Users\heee1\AppData\Local\Programs\Python\Python312\Lib\site-packages\tenacity\__init__.py", line 470, in __call__
    do = self.iter(retry_state=retry_state)
         ^^^^^^^^^^^^^^^^^^^^^^^^^^^^^^^^^^
  File "C:\Users\heee1\AppData\Local\Programs\Python\Python312\Lib\site-packages\tenacity\__init__.py", line 371, in iter
    result = action(retry_state)
             ^^^^^^^^^^^^^^^^^^^
  File "C:\Users\heee1\AppData\Local\Programs\Python\Python312\Lib\site-packages\tenacity\__init__.py", line 413, in exc_check
    raise retry_exc.reraise()
          ^^^^^^^^^^^^^^^^^^^
  File "C:\Users\heee1\AppData\Local\Programs\Python\Python312\Lib\site-packages\tenacity\__init__.py", line 184, in reraise
    raise self.last_attempt.result()
          ^^^^^^^^^^^^^^^^^^^^^^^^^^
  File "C:\Users\heee1\AppData\Local\Programs\Python\Python312\Lib\concurrent\futures\_base.py", line 449, in result
    return self.__get_result()
           ^^^^^^^^^^^^^^^^^^^
  File "C:\Users\heee1\AppData\Local\Programs\Python\Python312\Lib\concurrent\futures\_base.py", line 401, in __get_result
    raise self._exception
  File "C:\Users\heee1\AppData\Local\Programs\Python\Python312\Lib\site-packages\tenacity\__init__.py", line 473, in __call__
    result = fn(*args, **kwargs)
             ^^^^^^^^^^^^^^^^^^^
  File "C:\Users\heee1\AppData\Local\Programs\Python\Python312\Lib\site-packages\google\genai\_api_client.py", line 1381, in _request_once
    errors.APIError.raise_for_response(response)
  File "C:\Users\heee1\AppData\Local\Programs\Python\Python312\Lib\site-packages\google\genai\errors.py", line 155, in raise_for_response
    cls.raise_error(response.status_code, response_json, response)
  File "C:\Users\heee1\AppData\Local\Programs\Python\Python312\Lib\site-packages\google\genai\errors.py", line 184, in raise_error
    raise ClientError(status_code, response_json, response)
google.genai.errors.ClientError: 429 RESOURCE_EXHAUSTED. {'error': {'code': 429, 'message': 'You exceeded your current quota, please check your plan and billing details. For more information on this error, head to: https://ai.google.dev/gemini-api/docs/rate-limits. To monitor your current usage, head to: https://ai.dev/rate-limit. \n* Quota exceeded for metric: generativelanguage.googleapis.com/generate_content_free_tier_requests, limit: 0, model: gemini-2.0-flash\n* Quota exceeded for metric: generativelanguage.googleapis.com/generate_content_free_tier_requests, limit: 0, model: gemini-2.0-flash\n* Quota exceeded for metric: generativelanguage.googleapis.com/generate_content_free_tier_input_token_count, limit: 0, model: gemini-2.0-flash\nPlease retry in 17.078280355s.', 'status': 'RESOURCE_EXHAUSTED', 'details': [{'@type': 'type.googleapis.com/google.rpc.Help', 'links': [{'description': 'Learn more about Gemini API quotas', 'url': 'https://ai.google.dev/gemini-api/docs/rate-limits'}]}, {'@type': 'type.googleapis.com/google.rpc.QuotaFailure', 'violations': [{'quotaMetric': 'generativelanguage.googleapis.com/generate_content_free_tier_requests', 'quotaId': 'GenerateRequestsPerDayPerProjectPerModel-FreeTier', 'quotaDimensions': {'location': 'global', 'model': 'gemini-2.0-flash'}}, {'quotaMetric': 'generativelanguage.googleapis.com/generate_content_free_tier_requests', 'quotaId': 'GenerateRequestsPerMinutePerProjectPerModel-FreeTier', 'quotaDimensions': {'model': 'gemini-2.0-flash', 'location': 'global'}}, {'quotaMetric': 'generativelanguage.googleapis.com/generate_content_free_tier_input_token_count', 'quotaId': 'GenerateContentInputTokensPerModelPerMinute-FreeTier', 'quotaDimensions': {'model': 'gemini-2.0-flash', 'location': 'global'}}]}, {'@type': 'type.googleapis.com/google.rpc.RetryInfo', 'retryDelay': '17s'}]}}

During handling of the above exception, another exception occurred:

Traceback (most recent call last):
  File "C:\dev\GitHub\eco-price-ai\backend\main.py", line 229, in get_storage_guide
    storage_data = generate_storage_guide(item_name)
                   ^^^^^^^^^^^^^^^^^^^^^^^^^^^^^^^^^
  File "C:\dev\GitHub\eco-price-ai\backend\services\ai_service.py", line 126, in generate_storage_guide
    raise Exception(f"Gemini API 호출 실패: {str(e)}")
Exception: Gemini API 호출 실패: 429 RESOURCE_EXHAUSTED. {'error': {'code': 429, 'message': 'You exceeded your current quota, please check your plan and billing details. For more information on this error, head to: https://ai.google.dev/gemini-api/docs/rate-limits. To monitor your current usage, head to: https://ai.dev/rate-limit. \n* Quota exceeded for metric: generativelanguage.googleapis.com/generate_content_free_tier_requests, limit: 0, model: gemini-2.0-flash\n* Quota exceeded for metric: generativelanguage.googleapis.com/generate_content_free_tier_requests, limit: 0, model: gemini-2.0-flash\n* Quota exceeded for metric: generativelanguage.googleapis.com/generate_content_free_tier_input_token_count, limit: 0, model: gemini-2.0-flash\nPlease retry in 17.078280355s.', 'status': 'RESOURCE_EXHAUSTED', 'details': [{'@type': 'type.googleapis.com/google.rpc.Help', 'links': [{'description': 'Learn more about Gemini API quotas', 'url': 'https://ai.google.dev/gemini-api/docs/rate-limits'}]}, {'@type': 'type.googleapis.com/google.rpc.QuotaFailure', 'violations': [{'quotaMetric': 'generativelanguage.googleapis.com/generate_content_free_tier_requests', 'quotaId': 'GenerateRequestsPerDayPerProjectPerModel-FreeTier', 'quotaDimensions': {'location': 'global', 'model': 'gemini-2.0-flash'}}, {'quotaMetric': 'generativelanguage.googleapis.com/generate_content_free_tier_requests', 'quotaId': 'GenerateRequestsPerMinutePerProjectPerModel-FreeTier', 'quotaDimensions': {'model': 'gemini-2.0-flash', 'location': 'global'}}, {'quotaMetric': 'generativelanguage.googleapis.com/generate_content_free_tier_input_token_count', 'quotaId': 'GenerateContentInputTokensPerModelPerMinute-FreeTier', 'quotaDimensions': {'model': 'gemini-2.0-flash', 'location': 'global'}}]}, {'@type': 'type.googleapis.com/google.rpc.RetryInfo', 'retryDelay': '17s'}]}}

During handling of the above exception, another exception occurred:

Traceback (most recent call last):
  File "C:\dev\GitHub\eco-price-ai\backend\database.py", line 53, in get_db
    yield db
  File "C:\Users\heee1\AppData\Local\Programs\Python\Python312\Lib\site-packages\fastapi\concurrency.py", line 29, in contextmanager_in_threadpool
    yield await run_in_threadpool(cm.__enter__)
  File "C:\Users\heee1\AppData\Local\Programs\Python\Python312\Lib\site-packages\fastapi\routing.py", line 120, in app
    response = await f(request)
               ^^^^^^^^^^^^^^^^
  File "C:\Users\heee1\AppData\Local\Programs\Python\Python312\Lib\site-packages\fastapi\routing.py", line 674, in app
    raw_response = await run_endpoint_function(
                   ^^^^^^^^^^^^^^^^^^^^^^^^^^^^
  File "C:\Users\heee1\AppData\Local\Programs\Python\Python312\Lib\site-packages\fastapi\routing.py", line 330, in run_endpoint_function
    return await run_in_threadpool(dependant.call, **values)
           ^^^^^^^^^^^^^^^^^^^^^^^^^^^^^^^^^^^^^^^^^^^^^^^^^
  File "C:\Users\heee1\AppData\Local\Programs\Python\Python312\Lib\site-packages\starlette\concurrency.py", line 32, in run_in_threadpool
    return await anyio.to_thread.run_sync(func)
           ^^^^^^^^^^^^^^^^^^^^^^^^^^^^^^^^^^^^
  File "C:\Users\heee1\AppData\Local\Programs\Python\Python312\Lib\site-packages\anyio\to_thread.py", line 63, in run_sync
    return await get_async_backend().run_sync_in_worker_thread(
           ^^^^^^^^^^^^^^^^^^^^^^^^^^^^^^^^^^^^^^^^^^^^^^^^^^^^
  File "C:\Users\heee1\AppData\Local\Programs\Python\Python312\Lib\site-packages\anyio\_backends\_asyncio.py", line 2518, in run_sync_in_worker_thread
    return await future
           ^^^^^^^^^^^^
  File "C:\Users\heee1\AppData\Local\Programs\Python\Python312\Lib\site-packages\anyio\_backends\_asyncio.py", line 1002, in run
    result = context.run(func, *args)
             ^^^^^^^^^^^^^^^^^^^^^^^^
  File "C:\dev\GitHub\eco-price-ai\backend\main.py", line 254, in get_storage_guide
    raise HTTPException(status_code=500, detail=f"보관 가이드 생성 오류: {str(e)}")
fastapi.exceptions.HTTPException: 500: 보관 가이드 생성 오류: Gemini API 호출 실패: 429 RESOURCE_EXHAUSTED. {'error': {'code': 429, 'message': 'You exceeded your current quota, please check your plan and billing details. For more information on this error, head to: https://ai.google.dev/gemini-api/docs/rate-limits. To monitor your current usage, head to: https://ai.dev/rate-limit. \n* Quota exceeded for metric: generativelanguage.googleapis.com/generate_content_free_tier_requests, limit: 0, model: gemini-2.0-flash\n* Quota exceeded for metric: generativelanguage.googleapis.com/generate_content_free_tier_requests, limit: 0, model: gemini-2.0-flash\n* Quota exceeded for metric: generativelanguage.googleapis.com/generate_content_free_tier_input_token_count, limit: 0, model: gemini-2.0-flash\nPlease retry in 17.078280355s.', 'status': 'RESOURCE_EXHAUSTED', 'details': [{'@type': 'type.googleapis.com/google.rpc.Help', 'links': [{'description': 'Learn more about Gemini API quotas', 'url': 'https://ai.google.dev/gemini-api/docs/rate-limits'}]}, {'@type': 'type.googleapis.com/google.rpc.QuotaFailure', 'violations': [{'quotaMetric': 'generativelanguage.googleapis.com/generate_content_free_tier_requests', 'quotaId': 'GenerateRequestsPerDayPerProjectPerModel-FreeTier', 'quotaDimensions': {'location': 'global', 'model': 'gemini-2.0-flash'}}, {'quotaMetric': 'generativelanguage.googleapis.com/generate_content_free_tier_requests', 'quotaId': 'GenerateRequestsPerMinutePerProjectPerModel-FreeTier', 'quotaDimensions': {'model': 'gemini-2.0-flash', 'location': 'global'}}, {'quotaMetric': 'generativelanguage.googleapis.com/generate_content_free_tier_input_token_count', 'quotaId': 'GenerateContentInputTokensPerModelPerMinute-FreeTier', 'quotaDimensions': {'model': 'gemini-2.0-flash', 'location': 'global'}}]}, {'@type': 'type.googleapis.com/google.rpc.RetryInfo', 'retryDelay': '17s'}]}}
2026-05-19 22:38:43,147 - main - INFO - [요청 완료] GET /api/storage/갈치(생물, 100g) | 상태코드: 500 | ID: 2026-05-19T22:38:42.716507
2026-05-19 22:39:30,200 - main - INFO - FastAPI 애플리케이션 시작
2026-05-19 22:39:38,452 - main - INFO - FastAPI 애플리케이션 시작
2026-05-19 22:42:24,095 - main - INFO - FastAPI 애플리케이션 시작
2026-05-19 22:42:35,536 - main - INFO - FastAPI 애플리케이션 시작
2026-05-19 22:42:57,446 - main - INFO - [요청 시작] GET /items | 클라이언트: 127.0.0.1 | ID: 2026-05-19T22:42:57.446946
2026-05-19 22:42:57,448 - main - INFO - 마켓 가격 조회 요청: 검색어='None'
2026-05-19 22:42:57,454 - main - INFO - 마켓 가격 조회 완료: 50개 항목 (최대 50개, 비식품 제외)
2026-05-19 22:42:57,458 - main - INFO - [요청 완료] GET /items | 상태코드: 200 | ID: 2026-05-19T22:42:57.446946
2026-05-19 22:43:13,892 - main - INFO - [요청 시작] GET /api/storage/오뚜기 크림스프(80g) | 클라이언트: 127.0.0.1 | ID: 2026-05-19T22:43:13.892420
2026-05-19 22:43:13,900 - main - INFO - 보관 가이드 조회 요청: item_name=오뚜기 크림스프(80g)
2026-05-19 22:43:13,903 - main - INFO - 새로운 보관 가이드 생성 시작: item_name=오뚜기 크림스프(80g)
2026-05-19 22:43:13,903 - services.ai_service - INFO - 보관 가이드 생성 시작: item_name=오뚜기 크림스프(80g)
2026-05-19 22:43:13,903 - google_genai.models - INFO - AFC is enabled with max remote calls: 10.
2026-05-19 22:43:14,124 - httpx - INFO - HTTP Request: POST https://generativelanguage.googleapis.com/v1beta/models/gemini-2.0-flash:generateContent "HTTP/1.1 429 Too Many Requests"
2026-05-19 22:43:14,152 - services.ai_service - INFO - Mock 보관 가이드 데이터 반환: item_name=오뚜기 크림스프(80g)
2026-05-19 22:43:14,152 - main - INFO - AI 보관 가이드 생성 완료: 오뚜기 크림스프(80g)
2026-05-19 22:43:14,162 - main - INFO - 보관 가이드 데이터베이스 저장 완료: guide_id=1
2026-05-19 22:43:14,165 - main - INFO - [요청 완료] GET /api/storage/오뚜기 크림스프(80g) | 상태코드: 200 | ID: 2026-05-19T22:43:13.892420
2026-05-19 22:44:09,612 - main - INFO - FastAPI 애플리케이션 시작
2026-05-19 22:44:16,847 - main - INFO - FastAPI 애플리케이션 시작
2026-05-19 22:44:55,307 - main - INFO - [요청 시작] GET /api/storage/고등어(생물, 300~500g) | 클라이언트: 127.0.0.1 | ID: 2026-05-19T22:44:55.307768
2026-05-19 22:44:55,310 - main - INFO - 보관 가이드 조회 요청: item_name=고등어(생물, 300~500g)
2026-05-19 22:44:55,320 - main - INFO - 새로운 보관 가이드 생성 시작: item_name=고등어(생물, 300~500g)
2026-05-19 22:44:55,324 - services.ai_service - INFO - 보관 가이드 생성 시작: item_name=고등어(생물, 300~500g)
2026-05-19 22:44:55,325 - google_genai.models - INFO - AFC is enabled with max remote calls: 10.
2026-05-19 22:44:55,563 - httpx - INFO - HTTP Request: POST https://generativelanguage.googleapis.com/v1beta/models/gemini-2.0-flash:generateContent "HTTP/1.1 429 Too Many Requests"
2026-05-19 22:44:55,567 - services.ai_service - INFO - Mock 보관 가이드 데이터 반환: item_name=고등어(생물, 300~500g)
2026-05-19 22:44:55,571 - main - INFO - AI 보관 가이드 생성 완료: 고등어(생물, 300~500g)
2026-05-19 22:44:55,580 - main - INFO - 보관 가이드 데이터베이스 저장 완료: guide_id=2
2026-05-19 22:44:55,580 - main - INFO - [요청 완료] GET /api/storage/고등어(생물, 300~500g) | 상태코드: 200 | ID: 2026-05-19T22:44:55.307768
2026-05-19 23:27:45,826 - main - INFO - [요청 시작] GET /api/storage/카스 프레쉬(500ml) | 클라이언트: 127.0.0.1 | ID: 2026-05-19T23:27:45.826158
2026-05-19 23:27:45,827 - main - INFO - 보관 가이드 조회 요청: item_name=카스 프레쉬(500ml)
2026-05-19 23:27:45,829 - main - INFO - 새로운 보관 가이드 생성 시작: item_name=카스 프레쉬(500ml)
2026-05-19 23:27:45,829 - services.ai_service - INFO - 보관 가이드 생성 시작: item_name=카스 프레쉬(500ml)
2026-05-19 23:27:45,829 - google_genai.models - INFO - AFC is enabled with max remote calls: 10.
2026-05-19 23:27:46,067 - httpx - INFO - HTTP Request: POST https://generativelanguage.googleapis.com/v1beta/models/gemini-2.0-flash:generateContent "HTTP/1.1 429 Too Many Requests"
2026-05-19 23:27:46,074 - services.ai_service - INFO - Mock 보관 가이드 데이터 반환: item_name=카스 프레쉬(500ml)
2026-05-19 23:27:46,074 - main - INFO - AI 보관 가이드 생성 완료: 카스 프레쉬(500ml)
2026-05-19 23:27:46,087 - main - INFO - 보관 가이드 데이터베이스 저장 완료: guide_id=3
2026-05-19 23:27:46,087 - main - INFO - [요청 완료] GET /api/storage/카스 프레쉬(500ml) | 상태코드: 200 | ID: 2026-05-19T23:27:45.826158
2026-05-19 23:27:49,582 - main - INFO - [요청 시작] GET /api/storage/카스 프레쉬(500ml) | 클라이언트: 127.0.0.1 | ID: 2026-05-19T23:27:49.582357
2026-05-19 23:27:49,582 - main - INFO - 보관 가이드 조회 요청: item_name=카스 프레쉬(500ml)
2026-05-19 23:27:49,601 - main - INFO - 기존 보관 가이드 발견: guide_id=3
2026-05-19 23:27:49,602 - main - INFO - [요청 완료] GET /api/storage/카스 프레쉬(500ml) | 상태코드: 200 | ID: 2026-05-19T23:27:49.582357
2026-05-19 23:28:11,256 - main - INFO - [요청 시작] OPTIONS /api/ai/recipe | 클라이언트: 127.0.0.1 | ID: 2026-05-19T23:28:11.256932
2026-05-19 23:28:11,256 - main - INFO - [요청 완료] OPTIONS /api/ai/recipe | 상태코드: 200 | ID: 2026-05-19T23:28:11.256932
2026-05-19 23:28:11,258 - main - INFO - [요청 시작] POST /api/ai/recipe | 클라이언트: 127.0.0.1 | ID: 2026-05-19T23:28:11.258936
2026-05-19 23:28:11,259 - main - INFO - AI 레시피 생성 요청: 재료=['서울우유 흰우유(1L)', '오뚜기 크림스프(80g)']
2026-05-19 23:28:11,260 - services.ai_service - INFO - 레시피 생성 시작: 재료=['서울우유 흰우유(1L)', '오뚜기 크림스프(80g)']
2026-05-19 23:28:11,260 - google_genai.models - INFO - AFC is enabled with max remote calls: 10.
2026-05-19 23:28:11,477 - httpx - INFO - HTTP Request: POST https://generativelanguage.googleapis.com/v1beta/models/gemini-2.0-flash:generateContent "HTTP/1.1 429 Too Many Requests"
2026-05-19 23:28:11,483 - services.ai_service - INFO - Mock 레시피 데이터 반환
2026-05-19 23:28:11,483 - main - INFO - AI 레시피 생성 완료: 서울우유 흰우유(1L) 활용 가성비 요리
2026-05-19 23:28:11,502 - main - INFO - AI 레시피 데이터베이스 저장 완료: recipe_id=1
2026-05-19 23:28:11,504 - database - ERROR - 데이터베이스 세션 중 오류 발생: 3 validation errors:
  {'type': 'dict_type', 'loc': ('response', 'instructions', 'dict[any,any]'), 'msg': 'Input should be a valid dictionary', 'input': ['재료를 깨끗이 씻어 준비합니다.', '팬에 기름을 두르고 마늘을 볶습니다.', '서울우유 흰우유(1L), 오뚜기 크림스프(80g)를 넣고 중불에서 5분간 볶습니다.', '소금으로 간을 맞추고 참기름을 넣어 완성합니다.']}
  {'type': 'string_type', 'loc': ('response', 'instructions', 'str'), 'msg': 'Input should be a valid string', 'input': ['재료를 깨끗이 씻어 준비합니다.', '팬에 기름을 두르고 마늘을 볶습니다.', '서울우유 흰우유(1L), 오뚜기 크림스프(80g)를 넣고 중불에서 5분간 볶습니다.', '소금으로 간을 맞추고 참기름을 넣어 완성합니다.']}
  {'type': 'string_type', 'loc': ('response', 'created_at'), 'msg': 'Input should be a valid string', 'input': datetime.datetime(2026, 5, 19, 14, 28, 11, 487298)}

  File "C:\dev\GitHub\eco-price-ai\backend\main.py", line 155, in create_ai_recipe
    POST /api/ai/recipe
Traceback (most recent call last):
  File "C:\dev\GitHub\eco-price-ai\backend\database.py", line 53, in get_db
    yield db
  File "C:\Users\heee1\AppData\Local\Programs\Python\Python312\Lib\site-packages\fastapi\concurrency.py", line 29, in contextmanager_in_threadpool
    yield await run_in_threadpool(cm.__enter__)
  File "C:\Users\heee1\AppData\Local\Programs\Python\Python312\Lib\site-packages\fastapi\routing.py", line 120, in app
    response = await f(request)
               ^^^^^^^^^^^^^^^^
  File "C:\Users\heee1\AppData\Local\Programs\Python\Python312\Lib\site-packages\fastapi\routing.py", line 695, in app
    content = await serialize_response(
              ^^^^^^^^^^^^^^^^^^^^^^^^^
  File "C:\Users\heee1\AppData\Local\Programs\Python\Python312\Lib\site-packages\fastapi\routing.py", line 300, in serialize_response
    raise ResponseValidationError(
fastapi.exceptions.ResponseValidationError: 3 validation errors:
  {'type': 'dict_type', 'loc': ('response', 'instructions', 'dict[any,any]'), 'msg': 'Input should be a valid dictionary', 'input': ['재료를 깨끗이 씻어 준비합니다.', '팬에 기름을 두르고 마늘을 볶습니다.', '서울우유 흰우유(1L), 오뚜기 크림스프(80g)를 넣고 중불에서 5분간 볶습니다.', '소금으로 간을 맞추고 참기름을 넣어 완성합니다.']}
  {'type': 'string_type', 'loc': ('response', 'instructions', 'str'), 'msg': 'Input should be a valid string', 'input': ['재료를 깨끗이 씻어 준비합니다.', '팬에 기름을 두르고 마늘을 볶습니다.', '서울우유 흰우유(1L), 오뚜기 크림스프(80g)를 넣고 중불에서 5분간 볶습니다.', '소금으로 간을 맞추고 참기름을 넣어 완성합니다.']}
  {'type': 'string_type', 'loc': ('response', 'created_at'), 'msg': 'Input should be a valid string', 'input': datetime.datetime(2026, 5, 19, 14, 28, 11, 487298)}

  File "C:\dev\GitHub\eco-price-ai\backend\main.py", line 155, in create_ai_recipe
    POST /api/ai/recipe
2026-05-19 23:28:11,525 - main - ERROR - [요청 에러] POST /api/ai/recipe | 에러: 3 validation errors:
  {'type': 'dict_type', 'loc': ('response', 'instructions', 'dict[any,any]'), 'msg': 'Input should be a valid dictionary', 'input': ['재료를 깨끗이 씻어 준비합니다.', '팬에 기름을 두르고 마늘을 볶습니다.', '서울우유 흰우유(1L), 오뚜기 크림스프(80g)를 넣고 중불에서 5분간 볶습니다.', '소금으로 간을 맞추고 참기름을 넣어 완성합니다.']}
  {'type': 'string_type', 'loc': ('response', 'instructions', 'str'), 'msg': 'Input should be a valid string', 'input': ['재료를 깨끗이 씻어 준비합니다.', '팬에 기름을 두르고 마늘을 볶습니다.', '서울우유 흰우유(1L), 오뚜기 크림스프(80g)를 넣고 중불에서 5분간 볶습니다.', '소금으로 간을 맞추고 참기름을 넣어 완성합니다.']}
  {'type': 'string_type', 'loc': ('response', 'created_at'), 'msg': 'Input should be a valid string', 'input': datetime.datetime(2026, 5, 19, 14, 28, 11, 487298)}

  File "C:\dev\GitHub\eco-price-ai\backend\main.py", line 155, in create_ai_recipe
    POST /api/ai/recipe | ID: 2026-05-19T23:28:11.258936
Traceback (most recent call last):
  File "C:\dev\GitHub\eco-price-ai\backend\main.py", line 57, in log_requests
    response = await call_next(request)
               ^^^^^^^^^^^^^^^^^^^^^^^^
  File "C:\Users\heee1\AppData\Local\Programs\Python\Python312\Lib\site-packages\starlette\middleware\base.py", line 168, in call_next
    raise app_exc from app_exc.__cause__ or app_exc.__context__
  File "C:\Users\heee1\AppData\Local\Programs\Python\Python312\Lib\site-packages\starlette\middleware\base.py", line 144, in coro
    await self.app(scope, receive_or_disconnect, send_no_error)
  File "C:\Users\heee1\AppData\Local\Programs\Python\Python312\Lib\site-packages\starlette\middleware\cors.py", line 96, in __call__
    await self.simple_response(scope, receive, send, request_headers=headers)
  File "C:\Users\heee1\AppData\Local\Programs\Python\Python312\Lib\site-packages\starlette\middleware\cors.py", line 154, in simple_response
    await self.app(scope, receive, send)
  File "C:\Users\heee1\AppData\Local\Programs\Python\Python312\Lib\site-packages\starlette\middleware\exceptions.py", line 63, in __call__
    await wrap_app_handling_exceptions(self.app, conn)(scope, receive, send)
  File "C:\Users\heee1\AppData\Local\Programs\Python\Python312\Lib\site-packages\starlette\_exception_handler.py", line 53, in wrapped_app
    raise exc
  File "C:\Users\heee1\AppData\Local\Programs\Python\Python312\Lib\site-packages\starlette\_exception_handler.py", line 42, in wrapped_app
    await app(scope, receive, sender)
  File "C:\Users\heee1\AppData\Local\Programs\Python\Python312\Lib\site-packages\fastapi\middleware\asyncexitstack.py", line 18, in __call__
    await self.app(scope, receive, send)
  File "C:\Users\heee1\AppData\Local\Programs\Python\Python312\Lib\site-packages\starlette\routing.py", line 660, in __call__
    await self.middleware_stack(scope, receive, send)
  File "C:\Users\heee1\AppData\Local\Programs\Python\Python312\Lib\site-packages\starlette\routing.py", line 680, in app
    await route.handle(scope, receive, send)
  File "C:\Users\heee1\AppData\Local\Programs\Python\Python312\Lib\site-packages\starlette\routing.py", line 276, in handle
    await self.app(scope, receive, send)
  File "C:\Users\heee1\AppData\Local\Programs\Python\Python312\Lib\site-packages\fastapi\routing.py", line 134, in app
    await wrap_app_handling_exceptions(app, request)(scope, receive, send)
  File "C:\Users\heee1\AppData\Local\Programs\Python\Python312\Lib\site-packages\starlette\_exception_handler.py", line 53, in wrapped_app
    raise exc
  File "C:\Users\heee1\AppData\Local\Programs\Python\Python312\Lib\site-packages\starlette\_exception_handler.py", line 42, in wrapped_app
    await app(scope, receive, sender)
  File "C:\Users\heee1\AppData\Local\Programs\Python\Python312\Lib\site-packages\fastapi\routing.py", line 120, in app
    response = await f(request)
               ^^^^^^^^^^^^^^^^
  File "C:\Users\heee1\AppData\Local\Programs\Python\Python312\Lib\site-packages\fastapi\routing.py", line 695, in app
    content = await serialize_response(
              ^^^^^^^^^^^^^^^^^^^^^^^^^
  File "C:\Users\heee1\AppData\Local\Programs\Python\Python312\Lib\site-packages\fastapi\routing.py", line 300, in serialize_response
    raise ResponseValidationError(
fastapi.exceptions.ResponseValidationError: 3 validation errors:
  {'type': 'dict_type', 'loc': ('response', 'instructions', 'dict[any,any]'), 'msg': 'Input should be a valid dictionary', 'input': ['재료를 깨끗이 씻어 준비합니다.', '팬에 기름을 두르고 마늘을 볶습니다.', '서울우유 흰우유(1L), 오뚜기 크림스프(80g)를 넣고 중불에서 5분간 볶습니다.', '소금으로 간을 맞추고 참기름을 넣어 완성합니다.']}
  {'type': 'string_type', 'loc': ('response', 'instructions', 'str'), 'msg': 'Input should be a valid string', 'input': ['재료를 깨끗이 씻어 준비합니다.', '팬에 기름을 두르고 마늘을 볶습니다.', '서울우유 흰우유(1L), 오뚜기 크림스프(80g)를 넣고 중불에서 5분간 볶습니다.', '소금으로 간을 맞추고 참기름을 넣어 완성합니다.']}
  {'type': 'string_type', 'loc': ('response', 'created_at'), 'msg': 'Input should be a valid string', 'input': datetime.datetime(2026, 5, 19, 14, 28, 11, 487298)}

  File "C:\dev\GitHub\eco-price-ai\backend\main.py", line 155, in create_ai_recipe
    POST /api/ai/recipe
2026-05-19 23:28:14,360 - main - INFO - [요청 시작] POST /api/ai/recipe | 클라이언트: 127.0.0.1 | ID: 2026-05-19T23:28:14.360688
2026-05-19 23:28:14,361 - main - INFO - AI 레시피 생성 요청: 재료=['서울우유 흰우유(1L)', '오뚜기 크림스프(80g)']
2026-05-19 23:28:14,361 - services.ai_service - INFO - 레시피 생성 시작: 재료=['서울우유 흰우유(1L)', '오뚜기 크림스프(80g)']
2026-05-19 23:28:14,361 - google_genai.models - INFO - AFC is enabled with max remote calls: 10.
2026-05-19 23:28:14,480 - httpx - INFO - HTTP Request: POST https://generativelanguage.googleapis.com/v1beta/models/gemini-2.0-flash:generateContent "HTTP/1.1 429 Too Many Requests"
2026-05-19 23:28:14,490 - services.ai_service - INFO - Mock 레시피 데이터 반환
2026-05-19 23:28:14,490 - main - INFO - AI 레시피 생성 완료: 서울우유 흰우유(1L) 활용 가성비 요리
2026-05-19 23:28:14,495 - main - INFO - AI 레시피 데이터베이스 저장 완료: recipe_id=2
2026-05-19 23:28:14,496 - database - ERROR - 데이터베이스 세션 중 오류 발생: 3 validation errors:
  {'type': 'dict_type', 'loc': ('response', 'instructions', 'dict[any,any]'), 'msg': 'Input should be a valid dictionary', 'input': ['재료를 깨끗이 씻어 준비합니다.', '팬에 기름을 두르고 마늘을 볶습니다.', '서울우유 흰우유(1L), 오뚜기 크림스프(80g)를 넣고 중불에서 5분간 볶습니다.', '소금으로 간을 맞추고 참기름을 넣어 완성합니다.']}
  {'type': 'string_type', 'loc': ('response', 'instructions', 'str'), 'msg': 'Input should be a valid string', 'input': ['재료를 깨끗이 씻어 준비합니다.', '팬에 기름을 두르고 마늘을 볶습니다.', '서울우유 흰우유(1L), 오뚜기 크림스프(80g)를 넣고 중불에서 5분간 볶습니다.', '소금으로 간을 맞추고 참기름을 넣어 완성합니다.']}
  {'type': 'string_type', 'loc': ('response', 'created_at'), 'msg': 'Input should be a valid string', 'input': datetime.datetime(2026, 5, 19, 14, 28, 14, 492346)}

  File "C:\dev\GitHub\eco-price-ai\backend\main.py", line 155, in create_ai_recipe
    POST /api/ai/recipe
Traceback (most recent call last):
  File "C:\dev\GitHub\eco-price-ai\backend\database.py", line 53, in get_db
    yield db
  File "C:\Users\heee1\AppData\Local\Programs\Python\Python312\Lib\site-packages\fastapi\concurrency.py", line 29, in contextmanager_in_threadpool
    yield await run_in_threadpool(cm.__enter__)
  File "C:\Users\heee1\AppData\Local\Programs\Python\Python312\Lib\site-packages\fastapi\routing.py", line 120, in app
    response = await f(request)
               ^^^^^^^^^^^^^^^^
  File "C:\Users\heee1\AppData\Local\Programs\Python\Python312\Lib\site-packages\fastapi\routing.py", line 695, in app
    content = await serialize_response(
              ^^^^^^^^^^^^^^^^^^^^^^^^^
  File "C:\Users\heee1\AppData\Local\Programs\Python\Python312\Lib\site-packages\fastapi\routing.py", line 300, in serialize_response
    raise ResponseValidationError(
fastapi.exceptions.ResponseValidationError: 3 validation errors:
  {'type': 'dict_type', 'loc': ('response', 'instructions', 'dict[any,any]'), 'msg': 'Input should be a valid dictionary', 'input': ['재료를 깨끗이 씻어 준비합니다.', '팬에 기름을 두르고 마늘을 볶습니다.', '서울우유 흰우유(1L), 오뚜기 크림스프(80g)를 넣고 중불에서 5분간 볶습니다.', '소금으로 간을 맞추고 참기름을 넣어 완성합니다.']}
  {'type': 'string_type', 'loc': ('response', 'instructions', 'str'), 'msg': 'Input should be a valid string', 'input': ['재료를 깨끗이 씻어 준비합니다.', '팬에 기름을 두르고 마늘을 볶습니다.', '서울우유 흰우유(1L), 오뚜기 크림스프(80g)를 넣고 중불에서 5분간 볶습니다.', '소금으로 간을 맞추고 참기름을 넣어 완성합니다.']}
  {'type': 'string_type', 'loc': ('response', 'created_at'), 'msg': 'Input should be a valid string', 'input': datetime.datetime(2026, 5, 19, 14, 28, 14, 492346)}

  File "C:\dev\GitHub\eco-price-ai\backend\main.py", line 155, in create_ai_recipe
    POST /api/ai/recipe
2026-05-19 23:28:14,498 - main - ERROR - [요청 에러] POST /api/ai/recipe | 에러: 3 validation errors:
  {'type': 'dict_type', 'loc': ('response', 'instructions', 'dict[any,any]'), 'msg': 'Input should be a valid dictionary', 'input': ['재료를 깨끗이 씻어 준비합니다.', '팬에 기름을 두르고 마늘을 볶습니다.', '서울우유 흰우유(1L), 오뚜기 크림스프(80g)를 넣고 중불에서 5분간 볶습니다.', '소금으로 간을 맞추고 참기름을 넣어 완성합니다.']}
  {'type': 'string_type', 'loc': ('response', 'instructions', 'str'), 'msg': 'Input should be a valid string', 'input': ['재료를 깨끗이 씻어 준비합니다.', '팬에 기름을 두르고 마늘을 볶습니다.', '서울우유 흰우유(1L), 오뚜기 크림스프(80g)를 넣고 중불에서 5분간 볶습니다.', '소금으로 간을 맞추고 참기름을 넣어 완성합니다.']}
  {'type': 'string_type', 'loc': ('response', 'created_at'), 'msg': 'Input should be a valid string', 'input': datetime.datetime(2026, 5, 19, 14, 28, 14, 492346)}

  File "C:\dev\GitHub\eco-price-ai\backend\main.py", line 155, in create_ai_recipe
    POST /api/ai/recipe | ID: 2026-05-19T23:28:14.360688
Traceback (most recent call last):
  File "C:\dev\GitHub\eco-price-ai\backend\main.py", line 57, in log_requests
    response = await call_next(request)
               ^^^^^^^^^^^^^^^^^^^^^^^^
  File "C:\Users\heee1\AppData\Local\Programs\Python\Python312\Lib\site-packages\starlette\middleware\base.py", line 168, in call_next
    raise app_exc from app_exc.__cause__ or app_exc.__context__
  File "C:\Users\heee1\AppData\Local\Programs\Python\Python312\Lib\site-packages\starlette\middleware\base.py", line 144, in coro
    await self.app(scope, receive_or_disconnect, send_no_error)
  File "C:\Users\heee1\AppData\Local\Programs\Python\Python312\Lib\site-packages\starlette\middleware\cors.py", line 96, in __call__
    await self.simple_response(scope, receive, send, request_headers=headers)
  File "C:\Users\heee1\AppData\Local\Programs\Python\Python312\Lib\site-packages\starlette\middleware\cors.py", line 154, in simple_response
    await self.app(scope, receive, send)
  File "C:\Users\heee1\AppData\Local\Programs\Python\Python312\Lib\site-packages\starlette\middleware\exceptions.py", line 63, in __call__
    await wrap_app_handling_exceptions(self.app, conn)(scope, receive, send)
  File "C:\Users\heee1\AppData\Local\Programs\Python\Python312\Lib\site-packages\starlette\_exception_handler.py", line 53, in wrapped_app
    raise exc
  File "C:\Users\heee1\AppData\Local\Programs\Python\Python312\Lib\site-packages\starlette\_exception_handler.py", line 42, in wrapped_app
    await app(scope, receive, sender)
  File "C:\Users\heee1\AppData\Local\Programs\Python\Python312\Lib\site-packages\fastapi\middleware\asyncexitstack.py", line 18, in __call__
    await self.app(scope, receive, send)
  File "C:\Users\heee1\AppData\Local\Programs\Python\Python312\Lib\site-packages\starlette\routing.py", line 660, in __call__
    await self.middleware_stack(scope, receive, send)
  File "C:\Users\heee1\AppData\Local\Programs\Python\Python312\Lib\site-packages\starlette\routing.py", line 680, in app
    await route.handle(scope, receive, send)
  File "C:\Users\heee1\AppData\Local\Programs\Python\Python312\Lib\site-packages\starlette\routing.py", line 276, in handle
    await self.app(scope, receive, send)
  File "C:\Users\heee1\AppData\Local\Programs\Python\Python312\Lib\site-packages\fastapi\routing.py", line 134, in app
    await wrap_app_handling_exceptions(app, request)(scope, receive, send)
  File "C:\Users\heee1\AppData\Local\Programs\Python\Python312\Lib\site-packages\starlette\_exception_handler.py", line 53, in wrapped_app
    raise exc
  File "C:\Users\heee1\AppData\Local\Programs\Python\Python312\Lib\site-packages\starlette\_exception_handler.py", line 42, in wrapped_app
    await app(scope, receive, sender)
  File "C:\Users\heee1\AppData\Local\Programs\Python\Python312\Lib\site-packages\fastapi\routing.py", line 120, in app
    response = await f(request)
               ^^^^^^^^^^^^^^^^
  File "C:\Users\heee1\AppData\Local\Programs\Python\Python312\Lib\site-packages\fastapi\routing.py", line 695, in app
    content = await serialize_response(
              ^^^^^^^^^^^^^^^^^^^^^^^^^
  File "C:\Users\heee1\AppData\Local\Programs\Python\Python312\Lib\site-packages\fastapi\routing.py", line 300, in serialize_response
    raise ResponseValidationError(
fastapi.exceptions.ResponseValidationError: 3 validation errors:
  {'type': 'dict_type', 'loc': ('response', 'instructions', 'dict[any,any]'), 'msg': 'Input should be a valid dictionary', 'input': ['재료를 깨끗이 씻어 준비합니다.', '팬에 기름을 두르고 마늘을 볶습니다.', '서울우유 흰우유(1L), 오뚜기 크림스프(80g)를 넣고 중불에서 5분간 볶습니다.', '소금으로 간을 맞추고 참기름을 넣어 완성합니다.']}
  {'type': 'string_type', 'loc': ('response', 'instructions', 'str'), 'msg': 'Input should be a valid string', 'input': ['재료를 깨끗이 씻어 준비합니다.', '팬에 기름을 두르고 마늘을 볶습니다.', '서울우유 흰우유(1L), 오뚜기 크림스프(80g)를 넣고 중불에서 5분간 볶습니다.', '소금으로 간을 맞추고 참기름을 넣어 완성합니다.']}
  {'type': 'string_type', 'loc': ('response', 'created_at'), 'msg': 'Input should be a valid string', 'input': datetime.datetime(2026, 5, 19, 14, 28, 14, 492346)}

  File "C:\dev\GitHub\eco-price-ai\backend\main.py", line 155, in create_ai_recipe
    POST /api/ai/recipe
2026-05-19 23:28:15,342 - main - INFO - [요청 시작] POST /api/ai/recipe | 클라이언트: 127.0.0.1 | ID: 2026-05-19T23:28:15.342415
2026-05-19 23:28:15,342 - main - INFO - AI 레시피 생성 요청: 재료=['서울우유 흰우유(1L)', '오뚜기 크림스프(80g)']
2026-05-19 23:28:15,342 - services.ai_service - INFO - 레시피 생성 시작: 재료=['서울우유 흰우유(1L)', '오뚜기 크림스프(80g)']
2026-05-19 23:28:15,342 - google_genai.models - INFO - AFC is enabled with max remote calls: 10.
2026-05-19 23:28:15,472 - httpx - INFO - HTTP Request: POST https://generativelanguage.googleapis.com/v1beta/models/gemini-2.0-flash:generateContent "HTTP/1.1 429 Too Many Requests"
2026-05-19 23:28:15,475 - services.ai_service - INFO - Mock 레시피 데이터 반환
2026-05-19 23:28:15,475 - main - INFO - AI 레시피 생성 완료: 서울우유 흰우유(1L) 활용 가성비 요리
2026-05-19 23:28:15,490 - main - INFO - AI 레시피 데이터베이스 저장 완료: recipe_id=3
2026-05-19 23:28:15,491 - database - ERROR - 데이터베이스 세션 중 오류 발생: 3 validation errors:
  {'type': 'dict_type', 'loc': ('response', 'instructions', 'dict[any,any]'), 'msg': 'Input should be a valid dictionary', 'input': ['재료를 깨끗이 씻어 준비합니다.', '팬에 기름을 두르고 마늘을 볶습니다.', '서울우유 흰우유(1L), 오뚜기 크림스프(80g)를 넣고 중불에서 5분간 볶습니다.', '소금으로 간을 맞추고 참기름을 넣어 완성합니다.']}
  {'type': 'string_type', 'loc': ('response', 'instructions', 'str'), 'msg': 'Input should be a valid string', 'input': ['재료를 깨끗이 씻어 준비합니다.', '팬에 기름을 두르고 마늘을 볶습니다.', '서울우유 흰우유(1L), 오뚜기 크림스프(80g)를 넣고 중불에서 5분간 볶습니다.', '소금으로 간을 맞추고 참기름을 넣어 완성합니다.']}
  {'type': 'string_type', 'loc': ('response', 'created_at'), 'msg': 'Input should be a valid string', 'input': datetime.datetime(2026, 5, 19, 14, 28, 15, 481241)}

  File "C:\dev\GitHub\eco-price-ai\backend\main.py", line 155, in create_ai_recipe
    POST /api/ai/recipe
Traceback (most recent call last):
  File "C:\dev\GitHub\eco-price-ai\backend\database.py", line 53, in get_db
    yield db
  File "C:\Users\heee1\AppData\Local\Programs\Python\Python312\Lib\site-packages\fastapi\concurrency.py", line 29, in contextmanager_in_threadpool
    yield await run_in_threadpool(cm.__enter__)
  File "C:\Users\heee1\AppData\Local\Programs\Python\Python312\Lib\site-packages\fastapi\routing.py", line 120, in app
    response = await f(request)
               ^^^^^^^^^^^^^^^^
  File "C:\Users\heee1\AppData\Local\Programs\Python\Python312\Lib\site-packages\fastapi\routing.py", line 695, in app
    content = await serialize_response(
              ^^^^^^^^^^^^^^^^^^^^^^^^^
  File "C:\Users\heee1\AppData\Local\Programs\Python\Python312\Lib\site-packages\fastapi\routing.py", line 300, in serialize_response
    raise ResponseValidationError(
fastapi.exceptions.ResponseValidationError: 3 validation errors:
  {'type': 'dict_type', 'loc': ('response', 'instructions', 'dict[any,any]'), 'msg': 'Input should be a valid dictionary', 'input': ['재료를 깨끗이 씻어 준비합니다.', '팬에 기름을 두르고 마늘을 볶습니다.', '서울우유 흰우유(1L), 오뚜기 크림스프(80g)를 넣고 중불에서 5분간 볶습니다.', '소금으로 간을 맞추고 참기름을 넣어 완성합니다.']}
  {'type': 'string_type', 'loc': ('response', 'instructions', 'str'), 'msg': 'Input should be a valid string', 'input': ['재료를 깨끗이 씻어 준비합니다.', '팬에 기름을 두르고 마늘을 볶습니다.', '서울우유 흰우유(1L), 오뚜기 크림스프(80g)를 넣고 중불에서 5분간 볶습니다.', '소금으로 간을 맞추고 참기름을 넣어 완성합니다.']}
  {'type': 'string_type', 'loc': ('response', 'created_at'), 'msg': 'Input should be a valid string', 'input': datetime.datetime(2026, 5, 19, 14, 28, 15, 481241)}

  File "C:\dev\GitHub\eco-price-ai\backend\main.py", line 155, in create_ai_recipe
    POST /api/ai/recipe
2026-05-19 23:28:15,493 - main - ERROR - [요청 에러] POST /api/ai/recipe | 에러: 3 validation errors:
  {'type': 'dict_type', 'loc': ('response', 'instructions', 'dict[any,any]'), 'msg': 'Input should be a valid dictionary', 'input': ['재료를 깨끗이 씻어 준비합니다.', '팬에 기름을 두르고 마늘을 볶습니다.', '서울우유 흰우유(1L), 오뚜기 크림스프(80g)를 넣고 중불에서 5분간 볶습니다.', '소금으로 간을 맞추고 참기름을 넣어 완성합니다.']}
  {'type': 'string_type', 'loc': ('response', 'instructions', 'str'), 'msg': 'Input should be a valid string', 'input': ['재료를 깨끗이 씻어 준비합니다.', '팬에 기름을 두르고 마늘을 볶습니다.', '서울우유 흰우유(1L), 오뚜기 크림스프(80g)를 넣고 중불에서 5분간 볶습니다.', '소금으로 간을 맞추고 참기름을 넣어 완성합니다.']}
  {'type': 'string_type', 'loc': ('response', 'created_at'), 'msg': 'Input should be a valid string', 'input': datetime.datetime(2026, 5, 19, 14, 28, 15, 481241)}

  File "C:\dev\GitHub\eco-price-ai\backend\main.py", line 155, in create_ai_recipe
    POST /api/ai/recipe | ID: 2026-05-19T23:28:15.342415
Traceback (most recent call last):
  File "C:\dev\GitHub\eco-price-ai\backend\main.py", line 57, in log_requests
    response = await call_next(request)
               ^^^^^^^^^^^^^^^^^^^^^^^^
  File "C:\Users\heee1\AppData\Local\Programs\Python\Python312\Lib\site-packages\starlette\middleware\base.py", line 168, in call_next
    raise app_exc from app_exc.__cause__ or app_exc.__context__
  File "C:\Users\heee1\AppData\Local\Programs\Python\Python312\Lib\site-packages\starlette\middleware\base.py", line 144, in coro
    await self.app(scope, receive_or_disconnect, send_no_error)
  File "C:\Users\heee1\AppData\Local\Programs\Python\Python312\Lib\site-packages\starlette\middleware\cors.py", line 96, in __call__
    await self.simple_response(scope, receive, send, request_headers=headers)
  File "C:\Users\heee1\AppData\Local\Programs\Python\Python312\Lib\site-packages\starlette\middleware\cors.py", line 154, in simple_response
    await self.app(scope, receive, send)
  File "C:\Users\heee1\AppData\Local\Programs\Python\Python312\Lib\site-packages\starlette\middleware\exceptions.py", line 63, in __call__
    await wrap_app_handling_exceptions(self.app, conn)(scope, receive, send)
  File "C:\Users\heee1\AppData\Local\Programs\Python\Python312\Lib\site-packages\starlette\_exception_handler.py", line 53, in wrapped_app
    raise exc
  File "C:\Users\heee1\AppData\Local\Programs\Python\Python312\Lib\site-packages\starlette\_exception_handler.py", line 42, in wrapped_app
    await app(scope, receive, sender)
  File "C:\Users\heee1\AppData\Local\Programs\Python\Python312\Lib\site-packages\fastapi\middleware\asyncexitstack.py", line 18, in __call__
    await self.app(scope, receive, send)
  File "C:\Users\heee1\AppData\Local\Programs\Python\Python312\Lib\site-packages\starlette\routing.py", line 660, in __call__
    await self.middleware_stack(scope, receive, send)
  File "C:\Users\heee1\AppData\Local\Programs\Python\Python312\Lib\site-packages\starlette\routing.py", line 680, in app
    await route.handle(scope, receive, send)
  File "C:\Users\heee1\AppData\Local\Programs\Python\Python312\Lib\site-packages\starlette\routing.py", line 276, in handle
    await self.app(scope, receive, send)
  File "C:\Users\heee1\AppData\Local\Programs\Python\Python312\Lib\site-packages\fastapi\routing.py", line 134, in app
    await wrap_app_handling_exceptions(app, request)(scope, receive, send)
  File "C:\Users\heee1\AppData\Local\Programs\Python\Python312\Lib\site-packages\starlette\_exception_handler.py", line 53, in wrapped_app
    raise exc
  File "C:\Users\heee1\AppData\Local\Programs\Python\Python312\Lib\site-packages\starlette\_exception_handler.py", line 42, in wrapped_app
    await app(scope, receive, sender)
  File "C:\Users\heee1\AppData\Local\Programs\Python\Python312\Lib\site-packages\fastapi\routing.py", line 120, in app
    response = await f(request)
               ^^^^^^^^^^^^^^^^
  File "C:\Users\heee1\AppData\Local\Programs\Python\Python312\Lib\site-packages\fastapi\routing.py", line 695, in app
    content = await serialize_response(
              ^^^^^^^^^^^^^^^^^^^^^^^^^
  File "C:\Users\heee1\AppData\Local\Programs\Python\Python312\Lib\site-packages\fastapi\routing.py", line 300, in serialize_response
    raise ResponseValidationError(
fastapi.exceptions.ResponseValidationError: 3 validation errors:
  {'type': 'dict_type', 'loc': ('response', 'instructions', 'dict[any,any]'), 'msg': 'Input should be a valid dictionary', 'input': ['재료를 깨끗이 씻어 준비합니다.', '팬에 기름을 두르고 마늘을 볶습니다.', '서울우유 흰우유(1L), 오뚜기 크림스프(80g)를 넣고 중불에서 5분간 볶습니다.', '소금으로 간을 맞추고 참기름을 넣어 완성합니다.']}
  {'type': 'string_type', 'loc': ('response', 'instructions', 'str'), 'msg': 'Input should be a valid string', 'input': ['재료를 깨끗이 씻어 준비합니다.', '팬에 기름을 두르고 마늘을 볶습니다.', '서울우유 흰우유(1L), 오뚜기 크림스프(80g)를 넣고 중불에서 5분간 볶습니다.', '소금으로 간을 맞추고 참기름을 넣어 완성합니다.']}
  {'type': 'string_type', 'loc': ('response', 'created_at'), 'msg': 'Input should be a valid string', 'input': datetime.datetime(2026, 5, 19, 14, 28, 15, 481241)}

  File "C:\dev\GitHub\eco-price-ai\backend\main.py", line 155, in create_ai_recipe
    POST /api/ai/recipe
2026-05-19 23:28:16,354 - main - INFO - [요청 시작] POST /api/ai/recipe | 클라이언트: 127.0.0.1 | ID: 2026-05-19T23:28:16.354285
2026-05-19 23:28:16,354 - main - INFO - AI 레시피 생성 요청: 재료=['서울우유 흰우유(1L)', '오뚜기 크림스프(80g)']
2026-05-19 23:28:16,354 - services.ai_service - INFO - 레시피 생성 시작: 재료=['서울우유 흰우유(1L)', '오뚜기 크림스프(80g)']
2026-05-19 23:28:16,354 - google_genai.models - INFO - AFC is enabled with max remote calls: 10.
2026-05-19 23:28:16,477 - httpx - INFO - HTTP Request: POST https://generativelanguage.googleapis.com/v1beta/models/gemini-2.0-flash:generateContent "HTTP/1.1 429 Too Many Requests"
2026-05-19 23:28:16,480 - services.ai_service - INFO - Mock 레시피 데이터 반환
2026-05-19 23:28:16,480 - main - INFO - AI 레시피 생성 완료: 서울우유 흰우유(1L) 활용 가성비 요리
2026-05-19 23:28:16,491 - main - INFO - AI 레시피 데이터베이스 저장 완료: recipe_id=4
2026-05-19 23:28:16,491 - database - ERROR - 데이터베이스 세션 중 오류 발생: 3 validation errors:
  {'type': 'dict_type', 'loc': ('response', 'instructions', 'dict[any,any]'), 'msg': 'Input should be a valid dictionary', 'input': ['재료를 깨끗이 씻어 준비합니다.', '팬에 기름을 두르고 마늘을 볶습니다.', '서울우유 흰우유(1L), 오뚜기 크림스프(80g)를 넣고 중불에서 5분간 볶습니다.', '소금으로 간을 맞추고 참기름을 넣어 완성합니다.']}
  {'type': 'string_type', 'loc': ('response', 'instructions', 'str'), 'msg': 'Input should be a valid string', 'input': ['재료를 깨끗이 씻어 준비합니다.', '팬에 기름을 두르고 마늘을 볶습니다.', '서울우유 흰우유(1L), 오뚜기 크림스프(80g)를 넣고 중불에서 5분간 볶습니다.', '소금으로 간을 맞추고 참기름을 넣어 완성합니다.']}
  {'type': 'string_type', 'loc': ('response', 'created_at'), 'msg': 'Input should be a valid string', 'input': datetime.datetime(2026, 5, 19, 14, 28, 16, 482580)}

  File "C:\dev\GitHub\eco-price-ai\backend\main.py", line 155, in create_ai_recipe
    POST /api/ai/recipe
Traceback (most recent call last):
  File "C:\dev\GitHub\eco-price-ai\backend\database.py", line 53, in get_db
    yield db
  File "C:\Users\heee1\AppData\Local\Programs\Python\Python312\Lib\site-packages\fastapi\concurrency.py", line 29, in contextmanager_in_threadpool
    yield await run_in_threadpool(cm.__enter__)
  File "C:\Users\heee1\AppData\Local\Programs\Python\Python312\Lib\site-packages\fastapi\routing.py", line 120, in app
    response = await f(request)
               ^^^^^^^^^^^^^^^^
  File "C:\Users\heee1\AppData\Local\Programs\Python\Python312\Lib\site-packages\fastapi\routing.py", line 695, in app
    content = await serialize_response(
              ^^^^^^^^^^^^^^^^^^^^^^^^^
  File "C:\Users\heee1\AppData\Local\Programs\Python\Python312\Lib\site-packages\fastapi\routing.py", line 300, in serialize_response
    raise ResponseValidationError(
fastapi.exceptions.ResponseValidationError: 3 validation errors:
  {'type': 'dict_type', 'loc': ('response', 'instructions', 'dict[any,any]'), 'msg': 'Input should be a valid dictionary', 'input': ['재료를 깨끗이 씻어 준비합니다.', '팬에 기름을 두르고 마늘을 볶습니다.', '서울우유 흰우유(1L), 오뚜기 크림스프(80g)를 넣고 중불에서 5분간 볶습니다.', '소금으로 간을 맞추고 참기름을 넣어 완성합니다.']}
  {'type': 'string_type', 'loc': ('response', 'instructions', 'str'), 'msg': 'Input should be a valid string', 'input': ['재료를 깨끗이 씻어 준비합니다.', '팬에 기름을 두르고 마늘을 볶습니다.', '서울우유 흰우유(1L), 오뚜기 크림스프(80g)를 넣고 중불에서 5분간 볶습니다.', '소금으로 간을 맞추고 참기름을 넣어 완성합니다.']}
  {'type': 'string_type', 'loc': ('response', 'created_at'), 'msg': 'Input should be a valid string', 'input': datetime.datetime(2026, 5, 19, 14, 28, 16, 482580)}

  File "C:\dev\GitHub\eco-price-ai\backend\main.py", line 155, in create_ai_recipe
    POST /api/ai/recipe
2026-05-19 23:28:16,493 - main - ERROR - [요청 에러] POST /api/ai/recipe | 에러: 3 validation errors:
  {'type': 'dict_type', 'loc': ('response', 'instructions', 'dict[any,any]'), 'msg': 'Input should be a valid dictionary', 'input': ['재료를 깨끗이 씻어 준비합니다.', '팬에 기름을 두르고 마늘을 볶습니다.', '서울우유 흰우유(1L), 오뚜기 크림스프(80g)를 넣고 중불에서 5분간 볶습니다.', '소금으로 간을 맞추고 참기름을 넣어 완성합니다.']}
  {'type': 'string_type', 'loc': ('response', 'instructions', 'str'), 'msg': 'Input should be a valid string', 'input': ['재료를 깨끗이 씻어 준비합니다.', '팬에 기름을 두르고 마늘을 볶습니다.', '서울우유 흰우유(1L), 오뚜기 크림스프(80g)를 넣고 중불에서 5분간 볶습니다.', '소금으로 간을 맞추고 참기름을 넣어 완성합니다.']}
  {'type': 'string_type', 'loc': ('response', 'created_at'), 'msg': 'Input should be a valid string', 'input': datetime.datetime(2026, 5, 19, 14, 28, 16, 482580)}

  File "C:\dev\GitHub\eco-price-ai\backend\main.py", line 155, in create_ai_recipe
    POST /api/ai/recipe | ID: 2026-05-19T23:28:16.354285
Traceback (most recent call last):
  File "C:\dev\GitHub\eco-price-ai\backend\main.py", line 57, in log_requests
    response = await call_next(request)
               ^^^^^^^^^^^^^^^^^^^^^^^^
  File "C:\Users\heee1\AppData\Local\Programs\Python\Python312\Lib\site-packages\starlette\middleware\base.py", line 168, in call_next
    raise app_exc from app_exc.__cause__ or app_exc.__context__
  File "C:\Users\heee1\AppData\Local\Programs\Python\Python312\Lib\site-packages\starlette\middleware\base.py", line 144, in coro
    await self.app(scope, receive_or_disconnect, send_no_error)
  File "C:\Users\heee1\AppData\Local\Programs\Python\Python312\Lib\site-packages\starlette\middleware\cors.py", line 96, in __call__
    await self.simple_response(scope, receive, send, request_headers=headers)
  File "C:\Users\heee1\AppData\Local\Programs\Python\Python312\Lib\site-packages\starlette\middleware\cors.py", line 154, in simple_response
    await self.app(scope, receive, send)
  File "C:\Users\heee1\AppData\Local\Programs\Python\Python312\Lib\site-packages\starlette\middleware\exceptions.py", line 63, in __call__
    await wrap_app_handling_exceptions(self.app, conn)(scope, receive, send)
  File "C:\Users\heee1\AppData\Local\Programs\Python\Python312\Lib\site-packages\starlette\_exception_handler.py", line 53, in wrapped_app
    raise exc
  File "C:\Users\heee1\AppData\Local\Programs\Python\Python312\Lib\site-packages\starlette\_exception_handler.py", line 42, in wrapped_app
    await app(scope, receive, sender)
  File "C:\Users\heee1\AppData\Local\Programs\Python\Python312\Lib\site-packages\fastapi\middleware\asyncexitstack.py", line 18, in __call__
    await self.app(scope, receive, send)
  File "C:\Users\heee1\AppData\Local\Programs\Python\Python312\Lib\site-packages\starlette\routing.py", line 660, in __call__
    await self.middleware_stack(scope, receive, send)
  File "C:\Users\heee1\AppData\Local\Programs\Python\Python312\Lib\site-packages\starlette\routing.py", line 680, in app
    await route.handle(scope, receive, send)
  File "C:\Users\heee1\AppData\Local\Programs\Python\Python312\Lib\site-packages\starlette\routing.py", line 276, in handle
    await self.app(scope, receive, send)
  File "C:\Users\heee1\AppData\Local\Programs\Python\Python312\Lib\site-packages\fastapi\routing.py", line 134, in app
    await wrap_app_handling_exceptions(app, request)(scope, receive, send)
  File "C:\Users\heee1\AppData\Local\Programs\Python\Python312\Lib\site-packages\starlette\_exception_handler.py", line 53, in wrapped_app
    raise exc
  File "C:\Users\heee1\AppData\Local\Programs\Python\Python312\Lib\site-packages\starlette\_exception_handler.py", line 42, in wrapped_app
    await app(scope, receive, sender)
  File "C:\Users\heee1\AppData\Local\Programs\Python\Python312\Lib\site-packages\fastapi\routing.py", line 120, in app
    response = await f(request)
               ^^^^^^^^^^^^^^^^
  File "C:\Users\heee1\AppData\Local\Programs\Python\Python312\Lib\site-packages\fastapi\routing.py", line 695, in app
    content = await serialize_response(
              ^^^^^^^^^^^^^^^^^^^^^^^^^
  File "C:\Users\heee1\AppData\Local\Programs\Python\Python312\Lib\site-packages\fastapi\routing.py", line 300, in serialize_response
    raise ResponseValidationError(
fastapi.exceptions.ResponseValidationError: 3 validation errors:
  {'type': 'dict_type', 'loc': ('response', 'instructions', 'dict[any,any]'), 'msg': 'Input should be a valid dictionary', 'input': ['재료를 깨끗이 씻어 준비합니다.', '팬에 기름을 두르고 마늘을 볶습니다.', '서울우유 흰우유(1L), 오뚜기 크림스프(80g)를 넣고 중불에서 5분간 볶습니다.', '소금으로 간을 맞추고 참기름을 넣어 완성합니다.']}
  {'type': 'string_type', 'loc': ('response', 'instructions', 'str'), 'msg': 'Input should be a valid string', 'input': ['재료를 깨끗이 씻어 준비합니다.', '팬에 기름을 두르고 마늘을 볶습니다.', '서울우유 흰우유(1L), 오뚜기 크림스프(80g)를 넣고 중불에서 5분간 볶습니다.', '소금으로 간을 맞추고 참기름을 넣어 완성합니다.']}
  {'type': 'string_type', 'loc': ('response', 'created_at'), 'msg': 'Input should be a valid string', 'input': datetime.datetime(2026, 5, 19, 14, 28, 16, 482580)}

  File "C:\dev\GitHub\eco-price-ai\backend\main.py", line 155, in create_ai_recipe
    POST /api/ai/recipe
2026-05-19 23:28:17,242 - main - INFO - [요청 시작] POST /api/ai/recipe | 클라이언트: 127.0.0.1 | ID: 2026-05-19T23:28:17.242589
2026-05-19 23:28:17,242 - main - INFO - AI 레시피 생성 요청: 재료=['서울우유 흰우유(1L)', '오뚜기 크림스프(80g)']
2026-05-19 23:28:17,242 - services.ai_service - INFO - 레시피 생성 시작: 재료=['서울우유 흰우유(1L)', '오뚜기 크림스프(80g)']
2026-05-19 23:28:17,242 - google_genai.models - INFO - AFC is enabled with max remote calls: 10.
2026-05-19 23:28:17,358 - httpx - INFO - HTTP Request: POST https://generativelanguage.googleapis.com/v1beta/models/gemini-2.0-flash:generateContent "HTTP/1.1 429 Too Many Requests"
2026-05-19 23:28:17,361 - services.ai_service - INFO - Mock 레시피 데이터 반환
2026-05-19 23:28:17,361 - main - INFO - AI 레시피 생성 완료: 서울우유 흰우유(1L) 활용 가성비 요리
2026-05-19 23:28:17,368 - main - INFO - AI 레시피 데이터베이스 저장 완료: recipe_id=5
2026-05-19 23:28:17,369 - database - ERROR - 데이터베이스 세션 중 오류 발생: 3 validation errors:
  {'type': 'dict_type', 'loc': ('response', 'instructions', 'dict[any,any]'), 'msg': 'Input should be a valid dictionary', 'input': ['재료를 깨끗이 씻어 준비합니다.', '팬에 기름을 두르고 마늘을 볶습니다.', '서울우유 흰우유(1L), 오뚜기 크림스프(80g)를 넣고 중불에서 5분간 볶습니다.', '소금으로 간을 맞추고 참기름을 넣어 완성합니다.']}
  {'type': 'string_type', 'loc': ('response', 'instructions', 'str'), 'msg': 'Input should be a valid string', 'input': ['재료를 깨끗이 씻어 준비합니다.', '팬에 기름을 두르고 마늘을 볶습니다.', '서울우유 흰우유(1L), 오뚜기 크림스프(80g)를 넣고 중불에서 5분간 볶습니다.', '소금으로 간을 맞추고 참기름을 넣어 완성합니다.']}
  {'type': 'string_type', 'loc': ('response', 'created_at'), 'msg': 'Input should be a valid string', 'input': datetime.datetime(2026, 5, 19, 14, 28, 17, 363487)}

  File "C:\dev\GitHub\eco-price-ai\backend\main.py", line 155, in create_ai_recipe
    POST /api/ai/recipe
Traceback (most recent call last):
  File "C:\dev\GitHub\eco-price-ai\backend\database.py", line 53, in get_db
    yield db
  File "C:\Users\heee1\AppData\Local\Programs\Python\Python312\Lib\site-packages\fastapi\concurrency.py", line 29, in contextmanager_in_threadpool
    yield await run_in_threadpool(cm.__enter__)
  File "C:\Users\heee1\AppData\Local\Programs\Python\Python312\Lib\site-packages\fastapi\routing.py", line 120, in app
    response = await f(request)
               ^^^^^^^^^^^^^^^^
  File "C:\Users\heee1\AppData\Local\Programs\Python\Python312\Lib\site-packages\fastapi\routing.py", line 695, in app
    content = await serialize_response(
              ^^^^^^^^^^^^^^^^^^^^^^^^^
  File "C:\Users\heee1\AppData\Local\Programs\Python\Python312\Lib\site-packages\fastapi\routing.py", line 300, in serialize_response
    raise ResponseValidationError(
fastapi.exceptions.ResponseValidationError: 3 validation errors:
  {'type': 'dict_type', 'loc': ('response', 'instructions', 'dict[any,any]'), 'msg': 'Input should be a valid dictionary', 'input': ['재료를 깨끗이 씻어 준비합니다.', '팬에 기름을 두르고 마늘을 볶습니다.', '서울우유 흰우유(1L), 오뚜기 크림스프(80g)를 넣고 중불에서 5분간 볶습니다.', '소금으로 간을 맞추고 참기름을 넣어 완성합니다.']}
  {'type': 'string_type', 'loc': ('response', 'instructions', 'str'), 'msg': 'Input should be a valid string', 'input': ['재료를 깨끗이 씻어 준비합니다.', '팬에 기름을 두르고 마늘을 볶습니다.', '서울우유 흰우유(1L), 오뚜기 크림스프(80g)를 넣고 중불에서 5분간 볶습니다.', '소금으로 간을 맞추고 참기름을 넣어 완성합니다.']}
  {'type': 'string_type', 'loc': ('response', 'created_at'), 'msg': 'Input should be a valid string', 'input': datetime.datetime(2026, 5, 19, 14, 28, 17, 363487)}

  File "C:\dev\GitHub\eco-price-ai\backend\main.py", line 155, in create_ai_recipe
    POST /api/ai/recipe
2026-05-19 23:28:17,370 - main - ERROR - [요청 에러] POST /api/ai/recipe | 에러: 3 validation errors:
  {'type': 'dict_type', 'loc': ('response', 'instructions', 'dict[any,any]'), 'msg': 'Input should be a valid dictionary', 'input': ['재료를 깨끗이 씻어 준비합니다.', '팬에 기름을 두르고 마늘을 볶습니다.', '서울우유 흰우유(1L), 오뚜기 크림스프(80g)를 넣고 중불에서 5분간 볶습니다.', '소금으로 간을 맞추고 참기름을 넣어 완성합니다.']}
  {'type': 'string_type', 'loc': ('response', 'instructions', 'str'), 'msg': 'Input should be a valid string', 'input': ['재료를 깨끗이 씻어 준비합니다.', '팬에 기름을 두르고 마늘을 볶습니다.', '서울우유 흰우유(1L), 오뚜기 크림스프(80g)를 넣고 중불에서 5분간 볶습니다.', '소금으로 간을 맞추고 참기름을 넣어 완성합니다.']}
  {'type': 'string_type', 'loc': ('response', 'created_at'), 'msg': 'Input should be a valid string', 'input': datetime.datetime(2026, 5, 19, 14, 28, 17, 363487)}

  File "C:\dev\GitHub\eco-price-ai\backend\main.py", line 155, in create_ai_recipe
    POST /api/ai/recipe | ID: 2026-05-19T23:28:17.242589
Traceback (most recent call last):
  File "C:\dev\GitHub\eco-price-ai\backend\main.py", line 57, in log_requests
    response = await call_next(request)
               ^^^^^^^^^^^^^^^^^^^^^^^^
  File "C:\Users\heee1\AppData\Local\Programs\Python\Python312\Lib\site-packages\starlette\middleware\base.py", line 168, in call_next
    raise app_exc from app_exc.__cause__ or app_exc.__context__
  File "C:\Users\heee1\AppData\Local\Programs\Python\Python312\Lib\site-packages\starlette\middleware\base.py", line 144, in coro
    await self.app(scope, receive_or_disconnect, send_no_error)
  File "C:\Users\heee1\AppData\Local\Programs\Python\Python312\Lib\site-packages\starlette\middleware\cors.py", line 96, in __call__
    await self.simple_response(scope, receive, send, request_headers=headers)
  File "C:\Users\heee1\AppData\Local\Programs\Python\Python312\Lib\site-packages\starlette\middleware\cors.py", line 154, in simple_response
    await self.app(scope, receive, send)
  File "C:\Users\heee1\AppData\Local\Programs\Python\Python312\Lib\site-packages\starlette\middleware\exceptions.py", line 63, in __call__
    await wrap_app_handling_exceptions(self.app, conn)(scope, receive, send)
  File "C:\Users\heee1\AppData\Local\Programs\Python\Python312\Lib\site-packages\starlette\_exception_handler.py", line 53, in wrapped_app
    raise exc
  File "C:\Users\heee1\AppData\Local\Programs\Python\Python312\Lib\site-packages\starlette\_exception_handler.py", line 42, in wrapped_app
    await app(scope, receive, sender)
  File "C:\Users\heee1\AppData\Local\Programs\Python\Python312\Lib\site-packages\fastapi\middleware\asyncexitstack.py", line 18, in __call__
    await self.app(scope, receive, send)
  File "C:\Users\heee1\AppData\Local\Programs\Python\Python312\Lib\site-packages\starlette\routing.py", line 660, in __call__
    await self.middleware_stack(scope, receive, send)
  File "C:\Users\heee1\AppData\Local\Programs\Python\Python312\Lib\site-packages\starlette\routing.py", line 680, in app
    await route.handle(scope, receive, send)
  File "C:\Users\heee1\AppData\Local\Programs\Python\Python312\Lib\site-packages\starlette\routing.py", line 276, in handle
    await self.app(scope, receive, send)
  File "C:\Users\heee1\AppData\Local\Programs\Python\Python312\Lib\site-packages\fastapi\routing.py", line 134, in app
    await wrap_app_handling_exceptions(app, request)(scope, receive, send)
  File "C:\Users\heee1\AppData\Local\Programs\Python\Python312\Lib\site-packages\starlette\_exception_handler.py", line 53, in wrapped_app
    raise exc
  File "C:\Users\heee1\AppData\Local\Programs\Python\Python312\Lib\site-packages\starlette\_exception_handler.py", line 42, in wrapped_app
    await app(scope, receive, sender)
  File "C:\Users\heee1\AppData\Local\Programs\Python\Python312\Lib\site-packages\fastapi\routing.py", line 120, in app
    response = await f(request)
               ^^^^^^^^^^^^^^^^
  File "C:\Users\heee1\AppData\Local\Programs\Python\Python312\Lib\site-packages\fastapi\routing.py", line 695, in app
    content = await serialize_response(
              ^^^^^^^^^^^^^^^^^^^^^^^^^
  File "C:\Users\heee1\AppData\Local\Programs\Python\Python312\Lib\site-packages\fastapi\routing.py", line 300, in serialize_response
    raise ResponseValidationError(
fastapi.exceptions.ResponseValidationError: 3 validation errors:
  {'type': 'dict_type', 'loc': ('response', 'instructions', 'dict[any,any]'), 'msg': 'Input should be a valid dictionary', 'input': ['재료를 깨끗이 씻어 준비합니다.', '팬에 기름을 두르고 마늘을 볶습니다.', '서울우유 흰우유(1L), 오뚜기 크림스프(80g)를 넣고 중불에서 5분간 볶습니다.', '소금으로 간을 맞추고 참기름을 넣어 완성합니다.']}
  {'type': 'string_type', 'loc': ('response', 'instructions', 'str'), 'msg': 'Input should be a valid string', 'input': ['재료를 깨끗이 씻어 준비합니다.', '팬에 기름을 두르고 마늘을 볶습니다.', '서울우유 흰우유(1L), 오뚜기 크림스프(80g)를 넣고 중불에서 5분간 볶습니다.', '소금으로 간을 맞추고 참기름을 넣어 완성합니다.']}
  {'type': 'string_type', 'loc': ('response', 'created_at'), 'msg': 'Input should be a valid string', 'input': datetime.datetime(2026, 5, 19, 14, 28, 17, 363487)}

  File "C:\dev\GitHub\eco-price-ai\backend\main.py", line 155, in create_ai_recipe
    POST /api/ai/recipe
2026-05-20 10:37:52,446 - main - INFO - [요청 시작] GET /items | 클라이언트: 127.0.0.1 | ID: 2026-05-20T10:37:52.446895
2026-05-20 10:37:52,452 - main - INFO - 마켓 가격 조회 요청: 검색어='None'
2026-05-20 10:37:52,496 - main - INFO - 마켓 가격 조회 완료: 50개 항목 (최대 50개, 비식품 제외)
2026-05-20 10:37:52,496 - main - INFO - [요청 완료] GET /items | 상태코드: 200 | ID: 2026-05-20T10:37:52.446895
2026-05-20 10:37:52,509 - main - INFO - [요청 시작] GET /items | 클라이언트: 127.0.0.1 | ID: 2026-05-20T10:37:52.509364
2026-05-20 10:37:52,509 - main - INFO - 마켓 가격 조회 요청: 검색어='None'
2026-05-20 10:37:52,529 - main - INFO - 마켓 가격 조회 완료: 50개 항목 (최대 50개, 비식품 제외)
2026-05-20 10:37:52,532 - main - INFO - [요청 완료] GET /items | 상태코드: 200 | ID: 2026-05-20T10:37:52.509364
2026-05-20 10:53:50,928 - main - INFO - [요청 시작] GET /api/storage/맥스웰 하우스 오리지날(180개입) | 클라이언트: 127.0.0.1 | ID: 2026-05-20T10:53:50.928782
2026-05-20 10:53:50,928 - main - INFO - 보관 가이드 조회 요청: item_name=맥스웰 하우스 오리지날(180개입)
2026-05-20 10:53:50,943 - main - INFO - 새로운 보관 가이드 생성 시작: item_name=맥스웰 하우스 오리지날(180개입)
2026-05-20 10:53:50,944 - services.ai_service - INFO - 보관 가이드 생성 시작: item_name=맥스웰 하우스 오리지날(180개입)
2026-05-20 10:53:50,945 - google_genai.models - INFO - AFC is enabled with max remote calls: 10.
2026-05-20 10:53:51,245 - httpx - INFO - HTTP Request: POST https://generativelanguage.googleapis.com/v1beta/models/gemini-2.0-flash:generateContent "HTTP/1.1 429 Too Many Requests"
2026-05-20 10:53:51,254 - services.ai_service - INFO - Mock 보관 가이드 데이터 반환: item_name=맥스웰 하우스 오리지날(180개입)
2026-05-20 10:53:51,254 - main - INFO - AI 보관 가이드 생성 완료: 맥스웰 하우스 오리지날(180개입)
2026-05-20 10:53:51,315 - main - INFO - 보관 가이드 데이터베이스 저장 완료: guide_id=4
2026-05-20 10:53:51,318 - main - INFO - [요청 완료] GET /api/storage/맥스웰 하우스 오리지날(180개입) | 상태코드: 200 | ID: 2026-05-20T10:53:50.928782
2026-05-20 10:58:39,774 - main - INFO - FastAPI 애플리케이션 시작
2026-05-20 10:58:47,381 - main - INFO - FastAPI 애플리케이션 시작
2026-05-20 10:59:08,133 - main - INFO - [요청 시작] GET /items | 클라이언트: 127.0.0.1 | ID: 2026-05-20T10:59:08.133944
2026-05-20 10:59:08,133 - main - INFO - 마켓 가격 조회 요청: 검색어='None'
2026-05-20 10:59:08,164 - main - INFO - 마켓 가격 조회 완료: 50개 항목 반환 (DB 500개 중 비식품 제외, 최대 50개 제한)
2026-05-20 10:59:08,166 - main - INFO - [요청 완료] GET /items | 상태코드: 200 | ID: 2026-05-20T10:59:08.133944
2026-05-20 10:59:08,172 - main - INFO - [요청 시작] GET /items | 클라이언트: 127.0.0.1 | ID: 2026-05-20T10:59:08.172898
2026-05-20 10:59:08,178 - main - INFO - 마켓 가격 조회 요청: 검색어='None'
2026-05-20 10:59:08,187 - main - INFO - 마켓 가격 조회 완료: 50개 항목 반환 (DB 500개 중 비식품 제외, 최대 50개 제한)
2026-05-20 10:59:08,195 - main - INFO - [요청 완료] GET /items | 상태코드: 200 | ID: 2026-05-20T10:59:08.172898
2026-05-20 11:00:20,523 - main - INFO - [요청 시작] GET /api/storage/시금치(250~400g) | 클라이언트: 127.0.0.1 | ID: 2026-05-20T11:00:20.523865
2026-05-20 11:00:20,526 - main - INFO - 보관 가이드 조회 요청: item_name=시금치(250~400g)
2026-05-20 11:00:20,533 - main - INFO - 새로운 보관 가이드 생성 시작: item_name=시금치(250~400g)
2026-05-20 11:00:20,534 - services.ai_service - INFO - 보관 가이드 생성 시작: item_name=시금치(250~400g)
2026-05-20 11:00:20,535 - google_genai.models - INFO - AFC is enabled with max remote calls: 10.
2026-05-20 11:00:20,796 - httpx - INFO - HTTP Request: POST https://generativelanguage.googleapis.com/v1beta/models/gemini-2.0-flash:generateContent "HTTP/1.1 429 Too Many Requests"
2026-05-20 11:00:20,970 - services.ai_service - INFO - Mock 보관 가이드 데이터 반환: item_name=시금치(250~400g)
2026-05-20 11:00:20,970 - main - INFO - AI 보관 가이드 생성 완료: 시금치(250~400g)
2026-05-20 11:00:21,009 - main - INFO - 보관 가이드 데이터베이스 저장 완료: guide_id=5
2026-05-20 11:00:21,011 - main - INFO - [요청 완료] GET /api/storage/시금치(250~400g) | 상태코드: 200 | ID: 2026-05-20T11:00:20.523865
2026-05-21 11:08:16,429 - main - INFO - FastAPI 애플리케이션 시작
2026-05-21 11:08:33,941 - main - INFO - [요청 시작] GET /items | 클라이언트: 127.0.0.1 | ID: 2026-05-21T11:08:33.941350
2026-05-21 11:08:33,946 - main - INFO - 마켓 가격 조회 요청: 검색어='None'
2026-05-21 11:08:33,992 - main - INFO - 마켓 가격 조회 완료: 50개 항목 반환 (DB 500개 중 비식품 제외, 최대 50개 제한)
2026-05-21 11:08:33,995 - main - INFO - [요청 완료] GET /items | 상태코드: 200 | ID: 2026-05-21T11:08:33.941350
2026-05-21 11:08:34,010 - main - INFO - [요청 시작] GET /items | 클라이언트: 127.0.0.1 | ID: 2026-05-21T11:08:34.010287
2026-05-21 11:08:34,012 - main - INFO - 마켓 가격 조회 요청: 검색어='None'
2026-05-21 11:08:34,057 - main - INFO - 마켓 가격 조회 완료: 50개 항목 반환 (DB 500개 중 비식품 제외, 최대 50개 제한)
2026-05-21 11:08:34,062 - main - INFO - [요청 완료] GET /items | 상태코드: 200 | ID: 2026-05-21T11:08:34.010287
2026-05-21 11:08:39,438 - main - INFO - [요청 시작] GET /api/storage/카스 프레쉬(500ml) | 클라이언트: 127.0.0.1 | ID: 2026-05-21T11:08:39.438657
2026-05-21 11:08:39,441 - main - INFO - 보관 가이드 조회 요청: item_name=카스 프레쉬(500ml)
2026-05-21 11:08:39,449 - main - INFO - 기존 보관 가이드 발견: guide_id=3
2026-05-21 11:08:39,450 - main - INFO - [요청 완료] GET /api/storage/카스 프레쉬(500ml) | 상태코드: 200 | ID: 2026-05-21T11:08:39.438657
2026-05-21 12:55:16,327 - main - INFO - [요청 시작] GET /items | 클라이언트: 127.0.0.1 | ID: 2026-05-21T12:55:16.327059
2026-05-21 12:55:16,330 - main - INFO - 마켓 가격 조회 요청: 검색어='None'
2026-05-21 12:55:16,351 - main - INFO - 마켓 가격 조회 완료: 50개 항목 반환 (DB 500개 중 비식품 제외, 최대 50개 제한)
2026-05-21 12:55:16,355 - main - INFO - [요청 완료] GET /items | 상태코드: 200 | ID: 2026-05-21T12:55:16.327059
2026-05-21 12:55:16,358 - main - INFO - [요청 시작] GET /items | 클라이언트: 127.0.0.1 | ID: 2026-05-21T12:55:16.358985
2026-05-21 12:55:16,360 - main - INFO - 마켓 가격 조회 요청: 검색어='None'
2026-05-21 12:55:16,374 - main - INFO - 마켓 가격 조회 완료: 50개 항목 반환 (DB 500개 중 비식품 제외, 최대 50개 제한)
2026-05-21 12:55:16,379 - main - INFO - [요청 완료] GET /items | 상태코드: 200 | ID: 2026-05-21T12:55:16.358985
2026-05-21 13:05:51,873 - main - INFO - [요청 시작] GET /api/prices | 클라이언트: 127.0.0.1 | ID: 2026-05-21T13:05:51.873129
2026-05-21 13:05:51,877 - main - INFO - [요청 완료] GET /api/prices | 상태코드: 404 | ID: 2026-05-21T13:05:51.873129
2026-05-21 13:06:05,116 - main - INFO - [요청 시작] GET /items | 클라이언트: 127.0.0.1 | ID: 2026-05-21T13:06:05.116923
2026-05-21 13:06:05,121 - main - INFO - 마켓 가격 조회 요청: 검색어='None'
2026-05-21 13:06:05,132 - main - INFO - 마켓 가격 조회 완료: 50개 항목 반환 (DB 500개 중 비식품 제외, 최대 50개 제한)
2026-05-21 13:06:05,134 - main - INFO - [요청 완료] GET /items | 상태코드: 200 | ID: 2026-05-21T13:06:05.116923
2026-05-21 17:06:55,815 - main - INFO - [요청 시작] GET /items | 클라이언트: 127.0.0.1 | ID: 2026-05-21T17:06:55.815906
2026-05-21 17:06:55,818 - main - INFO - 마켓 가격 조회 요청: 검색어='None'
2026-05-21 17:06:55,838 - main - INFO - 마켓 가격 조회 완료: 50개 항목 반환 (DB 500개 중 비식품 제외, 최대 50개 제한)
2026-05-21 17:06:55,840 - main - INFO - [요청 완료] GET /items | 상태코드: 200 | ID: 2026-05-21T17:06:55.815906
2026-05-21 17:06:55,844 - main - INFO - [요청 시작] GET /items | 클라이언트: 127.0.0.1 | ID: 2026-05-21T17:06:55.844092
2026-05-21 17:06:55,845 - main - INFO - 마켓 가격 조회 요청: 검색어='None'
2026-05-21 17:06:55,862 - main - INFO - 마켓 가격 조회 완료: 50개 항목 반환 (DB 500개 중 비식품 제외, 최대 50개 제한)
2026-05-21 17:06:55,866 - main - INFO - [요청 완료] GET /items | 상태코드: 200 | ID: 2026-05-21T17:06:55.844092
2026-05-21 17:06:55,867 - main - INFO - [요청 시작] GET /items | 클라이언트: 127.0.0.1 | ID: 2026-05-21T17:06:55.867882
2026-05-21 17:06:55,871 - main - INFO - 마켓 가격 조회 요청: 검색어='None'
2026-05-21 17:06:55,891 - main - INFO - 마켓 가격 조회 완료: 50개 항목 반환 (DB 500개 중 비식품 제외, 최대 50개 제한)
2026-05-21 17:06:55,896 - main - INFO - [요청 완료] GET /items | 상태코드: 200 | ID: 2026-05-21T17:06:55.867882
2026-05-21 17:06:58,956 - main - INFO - [요청 시작] GET /items | 클라이언트: 127.0.0.1 | ID: 2026-05-21T17:06:58.956743
2026-05-21 17:06:58,958 - main - INFO - 마켓 가격 조회 요청: 검색어='None'
2026-05-21 17:06:58,978 - main - INFO - 마켓 가격 조회 완료: 50개 항목 반환 (DB 500개 중 비식품 제외, 최대 50개 제한)
2026-05-21 17:06:58,983 - main - INFO - [요청 완료] GET /items | 상태코드: 200 | ID: 2026-05-21T17:06:58.956743
2026-05-21 17:12:37,831 - main - INFO - FastAPI 애플리케이션 시작
2026-05-21 17:13:01,459 - main - INFO - [요청 시작] GET /items | 클라이언트: 127.0.0.1 | ID: 2026-05-21T17:13:01.458600
2026-05-21 17:13:01,462 - main - INFO - 마켓 가격 조회 요청: 검색어='None'
2026-05-21 17:13:01,485 - main - INFO - 마켓 가격 조회 완료: 50개 항목 반환 (DB 500개 중 비식품 제외, 최대 50개 제한)
2026-05-21 17:13:01,489 - main - INFO - [요청 완료] GET /items | 상태코드: 200 | ID: 2026-05-21T17:13:01.458600
2026-05-21 17:13:01,494 - main - INFO - [요청 시작] GET /items | 클라이언트: 127.0.0.1 | ID: 2026-05-21T17:13:01.494649
2026-05-21 17:13:01,497 - main - INFO - 마켓 가격 조회 요청: 검색어='None'
2026-05-21 17:13:01,561 - main - INFO - 마켓 가격 조회 완료: 50개 항목 반환 (DB 500개 중 비식품 제외, 최대 50개 제한)
2026-05-21 17:13:01,568 - main - INFO - [요청 완료] GET /items | 상태코드: 200 | ID: 2026-05-21T17:13:01.494649
2026-05-21 17:13:01,571 - main - INFO - [요청 시작] GET /items | 클라이언트: 127.0.0.1 | ID: 2026-05-21T17:13:01.571417
2026-05-21 17:13:01,574 - main - INFO - 마켓 가격 조회 요청: 검색어='None'
2026-05-21 17:13:01,587 - main - INFO - 마켓 가격 조회 완료: 50개 항목 반환 (DB 500개 중 비식품 제외, 최대 50개 제한)
2026-05-21 17:13:01,591 - main - INFO - [요청 완료] GET /items | 상태코드: 200 | ID: 2026-05-21T17:13:01.571417
2026-05-21 17:13:02,948 - main - INFO - [요청 시작] GET /items | 클라이언트: 127.0.0.1 | ID: 2026-05-21T17:13:02.948651
2026-05-21 17:13:02,950 - main - INFO - 마켓 가격 조회 요청: 검색어='None'
2026-05-21 17:13:02,968 - main - INFO - 마켓 가격 조회 완료: 50개 항목 반환 (DB 500개 중 비식품 제외, 최대 50개 제한)
2026-05-21 17:13:02,971 - main - INFO - [요청 완료] GET /items | 상태코드: 200 | ID: 2026-05-21T17:13:02.948651
2026-05-21 17:13:03,691 - main - INFO - [요청 시작] GET /items | 클라이언트: 127.0.0.1 | ID: 2026-05-21T17:13:03.691495
2026-05-21 17:13:03,692 - main - INFO - 마켓 가격 조회 요청: 검색어='None'
2026-05-21 17:13:03,709 - main - INFO - 마켓 가격 조회 완료: 50개 항목 반환 (DB 500개 중 비식품 제외, 최대 50개 제한)
2026-05-21 17:13:03,717 - main - INFO - [요청 완료] GET /items | 상태코드: 200 | ID: 2026-05-21T17:13:03.691495
2026-05-21 17:13:04,180 - main - INFO - [요청 시작] GET /items | 클라이언트: 127.0.0.1 | ID: 2026-05-21T17:13:04.180401
2026-05-21 17:13:04,182 - main - INFO - 마켓 가격 조회 요청: 검색어='None'
2026-05-21 17:13:04,200 - main - INFO - 마켓 가격 조회 완료: 50개 항목 반환 (DB 500개 중 비식품 제외, 최대 50개 제한)
2026-05-21 17:13:04,203 - main - INFO - [요청 완료] GET /items | 상태코드: 200 | ID: 2026-05-21T17:13:04.180401
2026-05-21 17:13:04,347 - main - INFO - [요청 시작] GET /items | 클라이언트: 127.0.0.1 | ID: 2026-05-21T17:13:04.347378
2026-05-21 17:13:04,347 - main - INFO - 마켓 가격 조회 요청: 검색어='None'
2026-05-21 17:13:04,367 - main - INFO - 마켓 가격 조회 완료: 50개 항목 반환 (DB 500개 중 비식품 제외, 최대 50개 제한)
2026-05-21 17:13:04,370 - main - INFO - [요청 완료] GET /items | 상태코드: 200 | ID: 2026-05-21T17:13:04.347378
2026-05-21 17:13:04,495 - main - INFO - [요청 시작] GET /items | 클라이언트: 127.0.0.1 | ID: 2026-05-21T17:13:04.495197
2026-05-21 17:13:04,502 - main - INFO - 마켓 가격 조회 요청: 검색어='None'
2026-05-21 17:13:04,519 - main - INFO - 마켓 가격 조회 완료: 50개 항목 반환 (DB 500개 중 비식품 제외, 최대 50개 제한)
2026-05-21 17:13:04,524 - main - INFO - [요청 완료] GET /items | 상태코드: 200 | ID: 2026-05-21T17:13:04.495197
2026-05-21 17:14:27,129 - main - INFO - [요청 시작] GET /items | 클라이언트: 127.0.0.1 | ID: 2026-05-21T17:14:27.129471
2026-05-21 17:14:27,131 - main - INFO - 마켓 가격 조회 요청: 검색어='None'
2026-05-21 17:14:27,152 - main - INFO - 마켓 가격 조회 완료: 50개 항목 반환 (DB 500개 중 비식품 제외, 최대 50개 제한)
2026-05-21 17:14:27,155 - main - INFO - [요청 완료] GET /items | 상태코드: 200 | ID: 2026-05-21T17:14:27.129471
2026-05-21 17:14:28,082 - main - INFO - [요청 시작] GET /items | 클라이언트: 127.0.0.1 | ID: 2026-05-21T17:14:28.082723
2026-05-21 17:14:28,084 - main - INFO - 마켓 가격 조회 요청: 검색어='None'
2026-05-21 17:14:28,122 - main - INFO - 마켓 가격 조회 완료: 50개 항목 반환 (DB 500개 중 비식품 제외, 최대 50개 제한)
2026-05-21 17:14:28,126 - main - INFO - [요청 완료] GET /items | 상태코드: 200 | ID: 2026-05-21T17:14:28.082723
2026-05-21 17:15:31,810 - main - INFO - [요청 시작] GET /items | 클라이언트: 127.0.0.1 | ID: 2026-05-21T17:15:31.810652
2026-05-21 17:15:31,813 - main - INFO - 마켓 가격 조회 요청: 검색어='None'
2026-05-21 17:15:31,828 - main - INFO - 마켓 가격 조회 완료: 50개 항목 반환 (DB 500개 중 비식품 제외, 최대 50개 제한)
2026-05-21 17:15:31,830 - main - INFO - [요청 완료] GET /items | 상태코드: 200 | ID: 2026-05-21T17:15:31.810652
2026-05-21 17:16:11,610 - main - INFO - [요청 시작] GET /items | 클라이언트: 127.0.0.1 | ID: 2026-05-21T17:16:11.610771
2026-05-21 17:16:11,613 - main - INFO - 마켓 가격 조회 요청: 검색어='None'
2026-05-21 17:16:11,626 - main - INFO - 마켓 가격 조회 완료: 50개 항목 반환 (DB 500개 중 비식품 제외, 최대 50개 제한)
2026-05-21 17:16:11,629 - main - INFO - [요청 완료] GET /items | 상태코드: 200 | ID: 2026-05-21T17:16:11.610771
2026-05-21 17:16:11,634 - main - INFO - [요청 시작] GET /items | 클라이언트: 127.0.0.1 | ID: 2026-05-21T17:16:11.634228
2026-05-21 17:16:11,635 - main - INFO - 마켓 가격 조회 요청: 검색어='None'
2026-05-21 17:16:11,646 - main - INFO - 마켓 가격 조회 완료: 50개 항목 반환 (DB 500개 중 비식품 제외, 최대 50개 제한)
2026-05-21 17:16:11,648 - main - INFO - [요청 완료] GET /items | 상태코드: 200 | ID: 2026-05-21T17:16:11.634228
2026-05-21 17:16:12,773 - main - INFO - [요청 시작] GET /items | 클라이언트: 127.0.0.1 | ID: 2026-05-21T17:16:12.773231
2026-05-21 17:16:12,775 - main - INFO - 마켓 가격 조회 요청: 검색어='None'
2026-05-21 17:16:12,791 - main - INFO - 마켓 가격 조회 완료: 50개 항목 반환 (DB 500개 중 비식품 제외, 최대 50개 제한)
2026-05-21 17:16:12,795 - main - INFO - [요청 완료] GET /items | 상태코드: 200 | ID: 2026-05-21T17:16:12.773231
2026-05-21 17:16:13,208 - main - INFO - [요청 시작] GET /items | 클라이언트: 127.0.0.1 | ID: 2026-05-21T17:16:13.208205
2026-05-21 17:16:13,209 - main - INFO - 마켓 가격 조회 요청: 검색어='None'
2026-05-21 17:16:13,229 - main - INFO - 마켓 가격 조회 완료: 50개 항목 반환 (DB 500개 중 비식품 제외, 최대 50개 제한)
2026-05-21 17:16:13,233 - main - INFO - [요청 완료] GET /items | 상태코드: 200 | ID: 2026-05-21T17:16:13.208205
2026-05-21 17:16:13,495 - main - INFO - [요청 시작] GET /items | 클라이언트: 127.0.0.1 | ID: 2026-05-21T17:16:13.495753
2026-05-21 17:16:13,497 - main - INFO - 마켓 가격 조회 요청: 검색어='None'
2026-05-21 17:16:13,512 - main - INFO - 마켓 가격 조회 완료: 50개 항목 반환 (DB 500개 중 비식품 제외, 최대 50개 제한)
2026-05-21 17:16:13,516 - main - INFO - [요청 완료] GET /items | 상태코드: 200 | ID: 2026-05-21T17:16:13.495753
2026-05-21 17:16:13,625 - main - INFO - [요청 시작] GET /items | 클라이언트: 127.0.0.1 | ID: 2026-05-21T17:16:13.625147
2026-05-21 17:16:13,631 - main - INFO - 마켓 가격 조회 요청: 검색어='None'
2026-05-21 17:16:13,646 - main - INFO - 마켓 가격 조회 완료: 50개 항목 반환 (DB 500개 중 비식품 제외, 최대 50개 제한)
2026-05-21 17:16:13,651 - main - INFO - [요청 완료] GET /items | 상태코드: 200 | ID: 2026-05-21T17:16:13.625147
2026-05-21 17:16:13,791 - main - INFO - [요청 시작] GET /items | 클라이언트: 127.0.0.1 | ID: 2026-05-21T17:16:13.791737
2026-05-21 17:16:13,800 - main - INFO - 마켓 가격 조회 요청: 검색어='None'
2026-05-21 17:16:13,824 - main - INFO - 마켓 가격 조회 완료: 50개 항목 반환 (DB 500개 중 비식품 제외, 최대 50개 제한)
2026-05-21 17:16:13,828 - main - INFO - [요청 완료] GET /items | 상태코드: 200 | ID: 2026-05-21T17:16:13.791737
2026-05-21 17:16:13,949 - main - INFO - [요청 시작] GET /items | 클라이언트: 127.0.0.1 | ID: 2026-05-21T17:16:13.949118
2026-05-21 17:16:13,950 - main - INFO - 마켓 가격 조회 요청: 검색어='None'
2026-05-21 17:16:13,963 - main - INFO - 마켓 가격 조회 완료: 50개 항목 반환 (DB 500개 중 비식품 제외, 최대 50개 제한)
2026-05-21 17:16:13,970 - main - INFO - [요청 완료] GET /items | 상태코드: 200 | ID: 2026-05-21T17:16:13.949118
2026-05-21 17:16:14,113 - main - INFO - [요청 시작] GET /items | 클라이언트: 127.0.0.1 | ID: 2026-05-21T17:16:14.113721
2026-05-21 17:16:14,120 - main - INFO - 마켓 가격 조회 요청: 검색어='None'
2026-05-21 17:16:14,138 - main - INFO - 마켓 가격 조회 완료: 50개 항목 반환 (DB 500개 중 비식품 제외, 최대 50개 제한)
2026-05-21 17:16:14,144 - main - INFO - [요청 완료] GET /items | 상태코드: 200 | ID: 2026-05-21T17:16:14.113721
2026-05-21 17:16:14,268 - main - INFO - [요청 시작] GET /items | 클라이언트: 127.0.0.1 | ID: 2026-05-21T17:16:14.268600
2026-05-21 17:16:14,270 - main - INFO - 마켓 가격 조회 요청: 검색어='None'
2026-05-21 17:16:14,285 - main - INFO - 마켓 가격 조회 완료: 50개 항목 반환 (DB 500개 중 비식품 제외, 최대 50개 제한)
2026-05-21 17:16:14,291 - main - INFO - [요청 완료] GET /items | 상태코드: 200 | ID: 2026-05-21T17:16:14.268600
2026-05-21 17:16:14,605 - main - INFO - [요청 시작] GET /items | 클라이언트: 127.0.0.1 | ID: 2026-05-21T17:16:14.605957
2026-05-21 17:16:14,610 - main - INFO - 마켓 가격 조회 요청: 검색어='None'
2026-05-21 17:16:14,627 - main - INFO - 마켓 가격 조회 완료: 50개 항목 반환 (DB 500개 중 비식품 제외, 최대 50개 제한)
2026-05-21 17:16:14,632 - main - INFO - [요청 완료] GET /items | 상태코드: 200 | ID: 2026-05-21T17:16:14.605957
2026-05-21 17:16:14,759 - main - INFO - [요청 시작] GET /items | 클라이언트: 127.0.0.1 | ID: 2026-05-21T17:16:14.759329
2026-05-21 17:16:14,761 - main - INFO - 마켓 가격 조회 요청: 검색어='None'
2026-05-21 17:16:14,779 - main - INFO - 마켓 가격 조회 완료: 50개 항목 반환 (DB 500개 중 비식품 제외, 최대 50개 제한)
2026-05-21 17:16:14,782 - main - INFO - [요청 완료] GET /items | 상태코드: 200 | ID: 2026-05-21T17:16:14.759329
2026-05-21 17:16:14,910 - main - INFO - [요청 시작] GET /items | 클라이언트: 127.0.0.1 | ID: 2026-05-21T17:16:14.910227
2026-05-21 17:16:14,912 - main - INFO - 마켓 가격 조회 요청: 검색어='None'
2026-05-21 17:16:14,977 - main - INFO - 마켓 가격 조회 완료: 50개 항목 반환 (DB 500개 중 비식품 제외, 최대 50개 제한)
2026-05-21 17:16:14,981 - main - INFO - [요청 완료] GET /items | 상태코드: 200 | ID: 2026-05-21T17:16:14.910227
2026-05-21 17:16:15,086 - main - INFO - [요청 시작] GET /items | 클라이언트: 127.0.0.1 | ID: 2026-05-21T17:16:15.086345
2026-05-21 17:16:15,088 - main - INFO - 마켓 가격 조회 요청: 검색어='None'
2026-05-21 17:16:15,102 - main - INFO - 마켓 가격 조회 완료: 50개 항목 반환 (DB 500개 중 비식품 제외, 최대 50개 제한)
2026-05-21 17:16:15,112 - main - INFO - [요청 완료] GET /items | 상태코드: 200 | ID: 2026-05-21T17:16:15.086345
2026-05-21 17:16:46,345 - main - INFO - FastAPI 애플리케이션 시작
2026-05-21 17:16:47,808 - main - INFO - FastAPI 애플리케이션 시작
2026-05-21 17:19:38,117 - main - INFO - FastAPI 애플리케이션 시작
2026-05-21 17:20:09,968 - main - INFO - [요청 시작] GET /items | 클라이언트: 127.0.0.1 | ID: 2026-05-21T17:20:09.968147
2026-05-21 17:20:09,976 - main - INFO - 마켓 가격 조회 요청: 검색어='None'
2026-05-21 17:20:10,016 - main - INFO - 마켓 가격 조회 완료: 50개 항목 반환 (DB 500개 중 비식품 제외, 최대 50개 제한)
2026-05-21 17:20:10,020 - main - INFO - [요청 완료] GET /items | 상태코드: 200 | ID: 2026-05-21T17:20:09.968147
2026-05-21 17:20:10,025 - main - INFO - [요청 시작] GET /items | 클라이언트: 127.0.0.1 | ID: 2026-05-21T17:20:10.025436
2026-05-21 17:20:10,028 - main - INFO - 마켓 가격 조회 요청: 검색어='None'
2026-05-21 17:20:10,053 - main - INFO - 마켓 가격 조회 완료: 50개 항목 반환 (DB 500개 중 비식품 제외, 최대 50개 제한)
2026-05-21 17:20:10,056 - main - INFO - [요청 완료] GET /items | 상태코드: 200 | ID: 2026-05-21T17:20:10.025436
2026-05-21 17:20:14,717 - main - INFO - [요청 시작] GET /api/storage/오뚜기 크림스프(80g) | 클라이언트: 127.0.0.1 | ID: 2026-05-21T17:20:14.717259
2026-05-21 17:20:14,720 - main - INFO - 보관 가이드 조회 요청: item_name=오뚜기 크림스프(80g)
2026-05-21 17:20:14,730 - main - INFO - 기존 보관 가이드 발견: guide_id=1
2026-05-21 17:20:14,732 - main - INFO - [요청 완료] GET /api/storage/오뚜기 크림스프(80g) | 상태코드: 200 | ID: 2026-05-21T17:20:14.717259
2026-05-21 20:01:24,918 - main - INFO - [요청 시작] GET /items | 클라이언트: 127.0.0.1 | ID: 2026-05-21T20:01:24.918424
2026-05-21 20:01:24,920 - main - INFO - 마켓 가격 조회 요청: 검색어='None'
2026-05-21 20:01:24,936 - main - INFO - 마켓 가격 조회 완료: 50개 항목 반환 (DB 500개 중 비식품 제외, 최대 50개 제한)
2026-05-21 20:01:24,940 - main - INFO - [요청 완료] GET /items | 상태코드: 200 | ID: 2026-05-21T20:01:24.918424
2026-05-21 20:01:24,944 - main - INFO - [요청 시작] GET /items | 클라이언트: 127.0.0.1 | ID: 2026-05-21T20:01:24.944325
2026-05-21 20:01:24,945 - main - INFO - 마켓 가격 조회 요청: 검색어='None'
2026-05-21 20:01:24,959 - main - INFO - 마켓 가격 조회 완료: 50개 항목 반환 (DB 500개 중 비식품 제외, 최대 50개 제한)
2026-05-21 20:01:24,962 - main - INFO - [요청 완료] GET /items | 상태코드: 200 | ID: 2026-05-21T20:01:24.944325
2026-05-21 22:58:14,385 - main - INFO - [요청 시작] GET /items | 클라이언트: 127.0.0.1 | ID: 2026-05-21T22:58:14.385325
2026-05-21 22:58:14,389 - main - INFO - 마켓 가격 조회 요청: 검색어='None'
2026-05-21 22:58:14,407 - main - INFO - 마켓 가격 조회 완료: 50개 항목 반환 (DB 500개 중 비식품 제외, 최대 50개 제한)
2026-05-21 22:58:14,410 - main - INFO - [요청 완료] GET /items | 상태코드: 200 | ID: 2026-05-21T22:58:14.385325
2026-05-21 22:58:14,413 - main - INFO - [요청 시작] GET /items | 클라이언트: 127.0.0.1 | ID: 2026-05-21T22:58:14.413157
2026-05-21 22:58:14,414 - main - INFO - 마켓 가격 조회 요청: 검색어='None'
2026-05-21 22:58:14,429 - main - INFO - 마켓 가격 조회 완료: 50개 항목 반환 (DB 500개 중 비식품 제외, 최대 50개 제한)
2026-05-21 22:58:14,435 - main - INFO - [요청 완료] GET /items | 상태코드: 200 | ID: 2026-05-21T22:58:14.413157
2026-05-21 23:15:43,353 - main - INFO - [요청 시작] GET /items | 클라이언트: 127.0.0.1 | ID: 2026-05-21T23:15:43.353857
2026-05-21 23:15:43,354 - main - INFO - 마켓 가격 조회 요청: 검색어='None'
2026-05-21 23:15:43,489 - main - INFO - 마켓 가격 조회 완료: 50개 항목 반환 (DB 500개 중 비식품 제외, 최대 50개 제한)
2026-05-21 23:15:43,493 - main - INFO - [요청 완료] GET /items | 상태코드: 200 | ID: 2026-05-21T23:15:43.353857
2026-05-21 23:15:43,496 - main - INFO - [요청 시작] GET /items | 클라이언트: 127.0.0.1 | ID: 2026-05-21T23:15:43.496842
2026-05-21 23:15:43,498 - main - INFO - 마켓 가격 조회 요청: 검색어='None'
2026-05-21 23:15:43,514 - main - INFO - 마켓 가격 조회 완료: 50개 항목 반환 (DB 500개 중 비식품 제외, 최대 50개 제한)
2026-05-21 23:15:43,518 - main - INFO - [요청 완료] GET /items | 상태코드: 200 | ID: 2026-05-21T23:15:43.496842
2026-05-22 21:30:39,264 - main - INFO - [요청 시작] GET /docs | 클라이언트: 127.0.0.1 | ID: 2026-05-22T21:30:39.262189
2026-05-22 21:30:39,273 - main - INFO - [요청 완료] GET /docs | 상태코드: 200 | ID: 2026-05-22T21:30:39.262189
2026-05-22 21:30:39,547 - main - INFO - [요청 시작] GET /openapi.json | 클라이언트: 127.0.0.1 | ID: 2026-05-22T21:30:39.547846
2026-05-22 21:30:39,612 - main - INFO - [요청 완료] GET /openapi.json | 상태코드: 200 | ID: 2026-05-22T21:30:39.547846
2026-05-22 21:33:26,820 - main - INFO - [요청 시작] GET /items | 클라이언트: 127.0.0.1 | ID: 2026-05-22T21:33:26.820619
2026-05-22 21:33:26,828 - main - INFO - 마켓 가격 조회 요청: 검색어='None'
2026-05-22 21:33:30,963 - main - ERROR - 마켓 가격 조회 중 오류 발생: 검색어='None', 에러=(psycopg2.OperationalError) connection to server at "localhost" (::1), port 5433 failed: Connection refused (0x0000274D/10061)
	Is the server running on that host and accepting TCP/IP connections?
connection to server at "localhost" (127.0.0.1), port 5433 failed: Connection refused (0x0000274D/10061)
	Is the server running on that host and accepting TCP/IP connections?

(Background on this error at: https://sqlalche.me/e/20/e3q8)
Traceback (most recent call last):
  File "C:\Users\heee1\AppData\Local\Programs\Python\Python312\Lib\site-packages\sqlalchemy\pool\base.py", line 1319, in _checkout
    raise exc.InvalidatePoolError()
sqlalchemy.exc.InvalidatePoolError: ()

During handling of the above exception, another exception occurred:

Traceback (most recent call last):
  File "C:\Users\heee1\AppData\Local\Programs\Python\Python312\Lib\site-packages\sqlalchemy\engine\base.py", line 143, in __init__
    self._dbapi_connection = engine.raw_connection()
                             ^^^^^^^^^^^^^^^^^^^^^^^
  File "C:\Users\heee1\AppData\Local\Programs\Python\Python312\Lib\site-packages\sqlalchemy\engine\base.py", line 3317, in raw_connection
    return self.pool.connect()
           ^^^^^^^^^^^^^^^^^^^
  File "C:\Users\heee1\AppData\Local\Programs\Python\Python312\Lib\site-packages\sqlalchemy\pool\base.py", line 448, in connect
    return _ConnectionFairy._checkout(self)
           ^^^^^^^^^^^^^^^^^^^^^^^^^^^^^^^^
  File "C:\Users\heee1\AppData\Local\Programs\Python\Python312\Lib\site-packages\sqlalchemy\pool\base.py", line 1353, in _checkout
    with util.safe_reraise():
         ^^^^^^^^^^^^^^^^^^^
  File "C:\Users\heee1\AppData\Local\Programs\Python\Python312\Lib\site-packages\sqlalchemy\util\langhelpers.py", line 121, in __exit__
    raise exc_value.with_traceback(exc_tb)
  File "C:\Users\heee1\AppData\Local\Programs\Python\Python312\Lib\site-packages\sqlalchemy\pool\base.py", line 1350, in _checkout
    fairy._connection_record.get_connection()
  File "C:\Users\heee1\AppData\Local\Programs\Python\Python312\Lib\site-packages\sqlalchemy\pool\base.py", line 837, in get_connection
    self.__connect()
  File "C:\Users\heee1\AppData\Local\Programs\Python\Python312\Lib\site-packages\sqlalchemy\pool\base.py", line 900, in __connect
    with util.safe_reraise():
         ^^^^^^^^^^^^^^^^^^^
  File "C:\Users\heee1\AppData\Local\Programs\Python\Python312\Lib\site-packages\sqlalchemy\util\langhelpers.py", line 121, in __exit__
    raise exc_value.with_traceback(exc_tb)
  File "C:\Users\heee1\AppData\Local\Programs\Python\Python312\Lib\site-packages\sqlalchemy\pool\base.py", line 896, in __connect
    self.dbapi_connection = connection = pool._invoke_creator(self)
                                         ^^^^^^^^^^^^^^^^^^^^^^^^^^
  File "C:\Users\heee1\AppData\Local\Programs\Python\Python312\Lib\site-packages\sqlalchemy\engine\create.py", line 667, in connect
    return dialect.connect(*cargs_tup, **cparams)
           ^^^^^^^^^^^^^^^^^^^^^^^^^^^^^^^^^^^^^^
  File "C:\Users\heee1\AppData\Local\Programs\Python\Python312\Lib\site-packages\sqlalchemy\engine\default.py", line 630, in connect
    return self.loaded_dbapi.connect(*cargs, **cparams)  # type: ignore[no-any-return]  # NOQA: E501
           ^^^^^^^^^^^^^^^^^^^^^^^^^^^^^^^^^^^^^^^^^^^^
  File "C:\Users\heee1\AppData\Local\Programs\Python\Python312\Lib\site-packages\psycopg2\__init__.py", line 135, in connect
    conn = _connect(dsn, connection_factory=connection_factory, **kwasync)
           ^^^^^^^^^^^^^^^^^^^^^^^^^^^^^^^^^^^^^^^^^^^^^^^^^^^^^^^^^^^^^^^
psycopg2.OperationalError: connection to server at "localhost" (::1), port 5433 failed: Connection refused (0x0000274D/10061)
	Is the server running on that host and accepting TCP/IP connections?
connection to server at "localhost" (127.0.0.1), port 5433 failed: Connection refused (0x0000274D/10061)
	Is the server running on that host and accepting TCP/IP connections?


The above exception was the direct cause of the following exception:

Traceback (most recent call last):
  File "C:\dev\GitHub\eco-price-ai\backend\main.py", line 150, in read_prices
    all_prices = query.limit(500).all()
                 ^^^^^^^^^^^^^^^^^^^^^^
  File "C:\Users\heee1\AppData\Local\Programs\Python\Python312\Lib\site-packages\sqlalchemy\orm\query.py", line 2711, in all
    return self._iter().all()  # type: ignore
           ^^^^^^^^^^^^
  File "C:\Users\heee1\AppData\Local\Programs\Python\Python312\Lib\site-packages\sqlalchemy\orm\query.py", line 2864, in _iter
    result: Union[ScalarResult[_T], Result[_T]] = self.session.execute(
                                                  ^^^^^^^^^^^^^^^^^^^^^
  File "C:\Users\heee1\AppData\Local\Programs\Python\Python312\Lib\site-packages\sqlalchemy\orm\session.py", line 2351, in execute
    return self._execute_internal(
           ^^^^^^^^^^^^^^^^^^^^^^^
  File "C:\Users\heee1\AppData\Local\Programs\Python\Python312\Lib\site-packages\sqlalchemy\orm\session.py", line 2239, in _execute_internal
    conn = self._connection_for_bind(bind)
           ^^^^^^^^^^^^^^^^^^^^^^^^^^^^^^^
  File "C:\Users\heee1\AppData\Local\Programs\Python\Python312\Lib\site-packages\sqlalchemy\orm\session.py", line 2108, in _connection_for_bind
    return trans._connection_for_bind(engine, execution_options)
           ^^^^^^^^^^^^^^^^^^^^^^^^^^^^^^^^^^^^^^^^^^^^^^^^^^^^^
  File "<string>", line 2, in _connection_for_bind
  File "C:\Users\heee1\AppData\Local\Programs\Python\Python312\Lib\site-packages\sqlalchemy\orm\state_changes.py", line 137, in _go
    ret_value = fn(self, *arg, **kw)
                ^^^^^^^^^^^^^^^^^^^^
  File "C:\Users\heee1\AppData\Local\Programs\Python\Python312\Lib\site-packages\sqlalchemy\orm\session.py", line 1187, in _connection_for_bind
    conn = bind.connect()
           ^^^^^^^^^^^^^^
  File "C:\Users\heee1\AppData\Local\Programs\Python\Python312\Lib\site-packages\sqlalchemy\engine\base.py", line 3293, in connect
    return self._connection_cls(self)
           ^^^^^^^^^^^^^^^^^^^^^^^^^^
  File "C:\Users\heee1\AppData\Local\Programs\Python\Python312\Lib\site-packages\sqlalchemy\engine\base.py", line 145, in __init__
    Connection._handle_dbapi_exception_noconnection(
  File "C:\Users\heee1\AppData\Local\Programs\Python\Python312\Lib\site-packages\sqlalchemy\engine\base.py", line 2448, in _handle_dbapi_exception_noconnection
    raise sqlalchemy_exception.with_traceback(exc_info[2]) from e
  File "C:\Users\heee1\AppData\Local\Programs\Python\Python312\Lib\site-packages\sqlalchemy\engine\base.py", line 143, in __init__
    self._dbapi_connection = engine.raw_connection()
                             ^^^^^^^^^^^^^^^^^^^^^^^
  File "C:\Users\heee1\AppData\Local\Programs\Python\Python312\Lib\site-packages\sqlalchemy\engine\base.py", line 3317, in raw_connection
    return self.pool.connect()
           ^^^^^^^^^^^^^^^^^^^
  File "C:\Users\heee1\AppData\Local\Programs\Python\Python312\Lib\site-packages\sqlalchemy\pool\base.py", line 448, in connect
    return _ConnectionFairy._checkout(self)
           ^^^^^^^^^^^^^^^^^^^^^^^^^^^^^^^^
  File "C:\Users\heee1\AppData\Local\Programs\Python\Python312\Lib\site-packages\sqlalchemy\pool\base.py", line 1353, in _checkout
    with util.safe_reraise():
         ^^^^^^^^^^^^^^^^^^^
  File "C:\Users\heee1\AppData\Local\Programs\Python\Python312\Lib\site-packages\sqlalchemy\util\langhelpers.py", line 121, in __exit__
    raise exc_value.with_traceback(exc_tb)
  File "C:\Users\heee1\AppData\Local\Programs\Python\Python312\Lib\site-packages\sqlalchemy\pool\base.py", line 1350, in _checkout
    fairy._connection_record.get_connection()
  File "C:\Users\heee1\AppData\Local\Programs\Python\Python312\Lib\site-packages\sqlalchemy\pool\base.py", line 837, in get_connection
    self.__connect()
  File "C:\Users\heee1\AppData\Local\Programs\Python\Python312\Lib\site-packages\sqlalchemy\pool\base.py", line 900, in __connect
    with util.safe_reraise():
         ^^^^^^^^^^^^^^^^^^^
  File "C:\Users\heee1\AppData\Local\Programs\Python\Python312\Lib\site-packages\sqlalchemy\util\langhelpers.py", line 121, in __exit__
    raise exc_value.with_traceback(exc_tb)
  File "C:\Users\heee1\AppData\Local\Programs\Python\Python312\Lib\site-packages\sqlalchemy\pool\base.py", line 896, in __connect
    self.dbapi_connection = connection = pool._invoke_creator(self)
                                         ^^^^^^^^^^^^^^^^^^^^^^^^^^
  File "C:\Users\heee1\AppData\Local\Programs\Python\Python312\Lib\site-packages\sqlalchemy\engine\create.py", line 667, in connect
    return dialect.connect(*cargs_tup, **cparams)
           ^^^^^^^^^^^^^^^^^^^^^^^^^^^^^^^^^^^^^^
  File "C:\Users\heee1\AppData\Local\Programs\Python\Python312\Lib\site-packages\sqlalchemy\engine\default.py", line 630, in connect
    return self.loaded_dbapi.connect(*cargs, **cparams)  # type: ignore[no-any-return]  # NOQA: E501
           ^^^^^^^^^^^^^^^^^^^^^^^^^^^^^^^^^^^^^^^^^^^^
  File "C:\Users\heee1\AppData\Local\Programs\Python\Python312\Lib\site-packages\psycopg2\__init__.py", line 135, in connect
    conn = _connect(dsn, connection_factory=connection_factory, **kwasync)
           ^^^^^^^^^^^^^^^^^^^^^^^^^^^^^^^^^^^^^^^^^^^^^^^^^^^^^^^^^^^^^^^
sqlalchemy.exc.OperationalError: (psycopg2.OperationalError) connection to server at "localhost" (::1), port 5433 failed: Connection refused (0x0000274D/10061)
	Is the server running on that host and accepting TCP/IP connections?
connection to server at "localhost" (127.0.0.1), port 5433 failed: Connection refused (0x0000274D/10061)
	Is the server running on that host and accepting TCP/IP connections?

(Background on this error at: https://sqlalche.me/e/20/e3q8)
2026-05-22 21:33:31,110 - database - ERROR - 데이터베이스 세션 중 오류 발생: 500: 마켓 가격 조회 오류: (psycopg2.OperationalError) connection to server at "localhost" (::1), port 5433 failed: Connection refused (0x0000274D/10061)
	Is the server running on that host and accepting TCP/IP connections?
connection to server at "localhost" (127.0.0.1), port 5433 failed: Connection refused (0x0000274D/10061)
	Is the server running on that host and accepting TCP/IP connections?

(Background on this error at: https://sqlalche.me/e/20/e3q8)
Traceback (most recent call last):
  File "C:\Users\heee1\AppData\Local\Programs\Python\Python312\Lib\site-packages\sqlalchemy\pool\base.py", line 1319, in _checkout
    raise exc.InvalidatePoolError()
sqlalchemy.exc.InvalidatePoolError: ()

During handling of the above exception, another exception occurred:

Traceback (most recent call last):
  File "C:\Users\heee1\AppData\Local\Programs\Python\Python312\Lib\site-packages\sqlalchemy\engine\base.py", line 143, in __init__
    self._dbapi_connection = engine.raw_connection()
                             ^^^^^^^^^^^^^^^^^^^^^^^
  File "C:\Users\heee1\AppData\Local\Programs\Python\Python312\Lib\site-packages\sqlalchemy\engine\base.py", line 3317, in raw_connection
    return self.pool.connect()
           ^^^^^^^^^^^^^^^^^^^
  File "C:\Users\heee1\AppData\Local\Programs\Python\Python312\Lib\site-packages\sqlalchemy\pool\base.py", line 448, in connect
    return _ConnectionFairy._checkout(self)
           ^^^^^^^^^^^^^^^^^^^^^^^^^^^^^^^^
  File "C:\Users\heee1\AppData\Local\Programs\Python\Python312\Lib\site-packages\sqlalchemy\pool\base.py", line 1353, in _checkout
    with util.safe_reraise():
         ^^^^^^^^^^^^^^^^^^^
  File "C:\Users\heee1\AppData\Local\Programs\Python\Python312\Lib\site-packages\sqlalchemy\util\langhelpers.py", line 121, in __exit__
    raise exc_value.with_traceback(exc_tb)
  File "C:\Users\heee1\AppData\Local\Programs\Python\Python312\Lib\site-packages\sqlalchemy\pool\base.py", line 1350, in _checkout
    fairy._connection_record.get_connection()
  File "C:\Users\heee1\AppData\Local\Programs\Python\Python312\Lib\site-packages\sqlalchemy\pool\base.py", line 837, in get_connection
    self.__connect()
  File "C:\Users\heee1\AppData\Local\Programs\Python\Python312\Lib\site-packages\sqlalchemy\pool\base.py", line 900, in __connect
    with util.safe_reraise():
         ^^^^^^^^^^^^^^^^^^^
  File "C:\Users\heee1\AppData\Local\Programs\Python\Python312\Lib\site-packages\sqlalchemy\util\langhelpers.py", line 121, in __exit__
    raise exc_value.with_traceback(exc_tb)
  File "C:\Users\heee1\AppData\Local\Programs\Python\Python312\Lib\site-packages\sqlalchemy\pool\base.py", line 896, in __connect
    self.dbapi_connection = connection = pool._invoke_creator(self)
                                         ^^^^^^^^^^^^^^^^^^^^^^^^^^
  File "C:\Users\heee1\AppData\Local\Programs\Python\Python312\Lib\site-packages\sqlalchemy\engine\create.py", line 667, in connect
    return dialect.connect(*cargs_tup, **cparams)
           ^^^^^^^^^^^^^^^^^^^^^^^^^^^^^^^^^^^^^^
  File "C:\Users\heee1\AppData\Local\Programs\Python\Python312\Lib\site-packages\sqlalchemy\engine\default.py", line 630, in connect
    return self.loaded_dbapi.connect(*cargs, **cparams)  # type: ignore[no-any-return]  # NOQA: E501
           ^^^^^^^^^^^^^^^^^^^^^^^^^^^^^^^^^^^^^^^^^^^^
  File "C:\Users\heee1\AppData\Local\Programs\Python\Python312\Lib\site-packages\psycopg2\__init__.py", line 135, in connect
    conn = _connect(dsn, connection_factory=connection_factory, **kwasync)
           ^^^^^^^^^^^^^^^^^^^^^^^^^^^^^^^^^^^^^^^^^^^^^^^^^^^^^^^^^^^^^^^
psycopg2.OperationalError: connection to server at "localhost" (::1), port 5433 failed: Connection refused (0x0000274D/10061)
	Is the server running on that host and accepting TCP/IP connections?
connection to server at "localhost" (127.0.0.1), port 5433 failed: Connection refused (0x0000274D/10061)
	Is the server running on that host and accepting TCP/IP connections?


The above exception was the direct cause of the following exception:

Traceback (most recent call last):
  File "C:\dev\GitHub\eco-price-ai\backend\main.py", line 150, in read_prices
    all_prices = query.limit(500).all()
                 ^^^^^^^^^^^^^^^^^^^^^^
  File "C:\Users\heee1\AppData\Local\Programs\Python\Python312\Lib\site-packages\sqlalchemy\orm\query.py", line 2711, in all
    return self._iter().all()  # type: ignore
           ^^^^^^^^^^^^
  File "C:\Users\heee1\AppData\Local\Programs\Python\Python312\Lib\site-packages\sqlalchemy\orm\query.py", line 2864, in _iter
    result: Union[ScalarResult[_T], Result[_T]] = self.session.execute(
                                                  ^^^^^^^^^^^^^^^^^^^^^
  File "C:\Users\heee1\AppData\Local\Programs\Python\Python312\Lib\site-packages\sqlalchemy\orm\session.py", line 2351, in execute
    return self._execute_internal(
           ^^^^^^^^^^^^^^^^^^^^^^^
  File "C:\Users\heee1\AppData\Local\Programs\Python\Python312\Lib\site-packages\sqlalchemy\orm\session.py", line 2239, in _execute_internal
    conn = self._connection_for_bind(bind)
           ^^^^^^^^^^^^^^^^^^^^^^^^^^^^^^^
  File "C:\Users\heee1\AppData\Local\Programs\Python\Python312\Lib\site-packages\sqlalchemy\orm\session.py", line 2108, in _connection_for_bind
    return trans._connection_for_bind(engine, execution_options)
           ^^^^^^^^^^^^^^^^^^^^^^^^^^^^^^^^^^^^^^^^^^^^^^^^^^^^^
  File "<string>", line 2, in _connection_for_bind
  File "C:\Users\heee1\AppData\Local\Programs\Python\Python312\Lib\site-packages\sqlalchemy\orm\state_changes.py", line 137, in _go
    ret_value = fn(self, *arg, **kw)
                ^^^^^^^^^^^^^^^^^^^^
  File "C:\Users\heee1\AppData\Local\Programs\Python\Python312\Lib\site-packages\sqlalchemy\orm\session.py", line 1187, in _connection_for_bind
    conn = bind.connect()
           ^^^^^^^^^^^^^^
  File "C:\Users\heee1\AppData\Local\Programs\Python\Python312\Lib\site-packages\sqlalchemy\engine\base.py", line 3293, in connect
    return self._connection_cls(self)
           ^^^^^^^^^^^^^^^^^^^^^^^^^^
  File "C:\Users\heee1\AppData\Local\Programs\Python\Python312\Lib\site-packages\sqlalchemy\engine\base.py", line 145, in __init__
    Connection._handle_dbapi_exception_noconnection(
  File "C:\Users\heee1\AppData\Local\Programs\Python\Python312\Lib\site-packages\sqlalchemy\engine\base.py", line 2448, in _handle_dbapi_exception_noconnection
    raise sqlalchemy_exception.with_traceback(exc_info[2]) from e
  File "C:\Users\heee1\AppData\Local\Programs\Python\Python312\Lib\site-packages\sqlalchemy\engine\base.py", line 143, in __init__
    self._dbapi_connection = engine.raw_connection()
                             ^^^^^^^^^^^^^^^^^^^^^^^
  File "C:\Users\heee1\AppData\Local\Programs\Python\Python312\Lib\site-packages\sqlalchemy\engine\base.py", line 3317, in raw_connection
    return self.pool.connect()
           ^^^^^^^^^^^^^^^^^^^
  File "C:\Users\heee1\AppData\Local\Programs\Python\Python312\Lib\site-packages\sqlalchemy\pool\base.py", line 448, in connect
    return _ConnectionFairy._checkout(self)
           ^^^^^^^^^^^^^^^^^^^^^^^^^^^^^^^^
  File "C:\Users\heee1\AppData\Local\Programs\Python\Python312\Lib\site-packages\sqlalchemy\pool\base.py", line 1353, in _checkout
    with util.safe_reraise():
         ^^^^^^^^^^^^^^^^^^^
  File "C:\Users\heee1\AppData\Local\Programs\Python\Python312\Lib\site-packages\sqlalchemy\util\langhelpers.py", line 121, in __exit__
    raise exc_value.with_traceback(exc_tb)
  File "C:\Users\heee1\AppData\Local\Programs\Python\Python312\Lib\site-packages\sqlalchemy\pool\base.py", line 1350, in _checkout
    fairy._connection_record.get_connection()
  File "C:\Users\heee1\AppData\Local\Programs\Python\Python312\Lib\site-packages\sqlalchemy\pool\base.py", line 837, in get_connection
    self.__connect()
  File "C:\Users\heee1\AppData\Local\Programs\Python\Python312\Lib\site-packages\sqlalchemy\pool\base.py", line 900, in __connect
    with util.safe_reraise():
         ^^^^^^^^^^^^^^^^^^^
  File "C:\Users\heee1\AppData\Local\Programs\Python\Python312\Lib\site-packages\sqlalchemy\util\langhelpers.py", line 121, in __exit__
    raise exc_value.with_traceback(exc_tb)
  File "C:\Users\heee1\AppData\Local\Programs\Python\Python312\Lib\site-packages\sqlalchemy\pool\base.py", line 896, in __connect
    self.dbapi_connection = connection = pool._invoke_creator(self)
                                         ^^^^^^^^^^^^^^^^^^^^^^^^^^
  File "C:\Users\heee1\AppData\Local\Programs\Python\Python312\Lib\site-packages\sqlalchemy\engine\create.py", line 667, in connect
    return dialect.connect(*cargs_tup, **cparams)
           ^^^^^^^^^^^^^^^^^^^^^^^^^^^^^^^^^^^^^^
  File "C:\Users\heee1\AppData\Local\Programs\Python\Python312\Lib\site-packages\sqlalchemy\engine\default.py", line 630, in connect
    return self.loaded_dbapi.connect(*cargs, **cparams)  # type: ignore[no-any-return]  # NOQA: E501
           ^^^^^^^^^^^^^^^^^^^^^^^^^^^^^^^^^^^^^^^^^^^^
  File "C:\Users\heee1\AppData\Local\Programs\Python\Python312\Lib\site-packages\psycopg2\__init__.py", line 135, in connect
    conn = _connect(dsn, connection_factory=connection_factory, **kwasync)
           ^^^^^^^^^^^^^^^^^^^^^^^^^^^^^^^^^^^^^^^^^^^^^^^^^^^^^^^^^^^^^^^
sqlalchemy.exc.OperationalError: (psycopg2.OperationalError) connection to server at "localhost" (::1), port 5433 failed: Connection refused (0x0000274D/10061)
	Is the server running on that host and accepting TCP/IP connections?
connection to server at "localhost" (127.0.0.1), port 5433 failed: Connection refused (0x0000274D/10061)
	Is the server running on that host and accepting TCP/IP connections?

(Background on this error at: https://sqlalche.me/e/20/e3q8)

During handling of the above exception, another exception occurred:

Traceback (most recent call last):
  File "C:\dev\GitHub\eco-price-ai\backend\database.py", line 53, in get_db
    yield db
  File "C:\Users\heee1\AppData\Local\Programs\Python\Python312\Lib\site-packages\fastapi\concurrency.py", line 29, in contextmanager_in_threadpool
    yield await run_in_threadpool(cm.__enter__)
  File "C:\Users\heee1\AppData\Local\Programs\Python\Python312\Lib\site-packages\fastapi\routing.py", line 120, in app
    response = await f(request)
               ^^^^^^^^^^^^^^^^
  File "C:\Users\heee1\AppData\Local\Programs\Python\Python312\Lib\site-packages\fastapi\routing.py", line 674, in app
    raw_response = await run_endpoint_function(
                   ^^^^^^^^^^^^^^^^^^^^^^^^^^^^
  File "C:\Users\heee1\AppData\Local\Programs\Python\Python312\Lib\site-packages\fastapi\routing.py", line 330, in run_endpoint_function
    return await run_in_threadpool(dependant.call, **values)
           ^^^^^^^^^^^^^^^^^^^^^^^^^^^^^^^^^^^^^^^^^^^^^^^^^
  File "C:\Users\heee1\AppData\Local\Programs\Python\Python312\Lib\site-packages\starlette\concurrency.py", line 32, in run_in_threadpool
    return await anyio.to_thread.run_sync(func)
           ^^^^^^^^^^^^^^^^^^^^^^^^^^^^^^^^^^^^
  File "C:\Users\heee1\AppData\Local\Programs\Python\Python312\Lib\site-packages\anyio\to_thread.py", line 63, in run_sync
    return await get_async_backend().run_sync_in_worker_thread(
           ^^^^^^^^^^^^^^^^^^^^^^^^^^^^^^^^^^^^^^^^^^^^^^^^^^^^
  File "C:\Users\heee1\AppData\Local\Programs\Python\Python312\Lib\site-packages\anyio\_backends\_asyncio.py", line 2518, in run_sync_in_worker_thread
    return await future
           ^^^^^^^^^^^^
  File "C:\Users\heee1\AppData\Local\Programs\Python\Python312\Lib\site-packages\anyio\_backends\_asyncio.py", line 1002, in run
    result = context.run(func, *args)
             ^^^^^^^^^^^^^^^^^^^^^^^^
  File "C:\dev\GitHub\eco-price-ai\backend\main.py", line 167, in read_prices
    raise HTTPException(status_code=500, detail=f"마켓 가격 조회 오류: {str(e)}")
fastapi.exceptions.HTTPException: 500: 마켓 가격 조회 오류: (psycopg2.OperationalError) connection to server at "localhost" (::1), port 5433 failed: Connection refused (0x0000274D/10061)
	Is the server running on that host and accepting TCP/IP connections?
connection to server at "localhost" (127.0.0.1), port 5433 failed: Connection refused (0x0000274D/10061)
	Is the server running on that host and accepting TCP/IP connections?

(Background on this error at: https://sqlalche.me/e/20/e3q8)
2026-05-22 21:33:31,233 - main - INFO - [요청 완료] GET /items | 상태코드: 500 | ID: 2026-05-22T21:33:26.820619
2026-05-22 21:33:31,239 - main - INFO - [요청 시작] GET /items | 클라이언트: 127.0.0.1 | ID: 2026-05-22T21:33:31.238566
2026-05-22 21:33:31,241 - main - INFO - 마켓 가격 조회 요청: 검색어='None'
2026-05-22 21:33:35,335 - main - ERROR - 마켓 가격 조회 중 오류 발생: 검색어='None', 에러=(psycopg2.OperationalError) connection to server at "localhost" (::1), port 5433 failed: Connection refused (0x0000274D/10061)
	Is the server running on that host and accepting TCP/IP connections?
connection to server at "localhost" (127.0.0.1), port 5433 failed: Connection refused (0x0000274D/10061)
	Is the server running on that host and accepting TCP/IP connections?

(Background on this error at: https://sqlalche.me/e/20/e3q8)
Traceback (most recent call last):
  File "C:\Users\heee1\AppData\Local\Programs\Python\Python312\Lib\site-packages\sqlalchemy\engine\base.py", line 143, in __init__
    self._dbapi_connection = engine.raw_connection()
                             ^^^^^^^^^^^^^^^^^^^^^^^
  File "C:\Users\heee1\AppData\Local\Programs\Python\Python312\Lib\site-packages\sqlalchemy\engine\base.py", line 3317, in raw_connection
    return self.pool.connect()
           ^^^^^^^^^^^^^^^^^^^
  File "C:\Users\heee1\AppData\Local\Programs\Python\Python312\Lib\site-packages\sqlalchemy\pool\base.py", line 448, in connect
    return _ConnectionFairy._checkout(self)
           ^^^^^^^^^^^^^^^^^^^^^^^^^^^^^^^^
  File "C:\Users\heee1\AppData\Local\Programs\Python\Python312\Lib\site-packages\sqlalchemy\pool\base.py", line 1272, in _checkout
    fairy = _ConnectionRecord.checkout(pool)
            ^^^^^^^^^^^^^^^^^^^^^^^^^^^^^^^^
  File "C:\Users\heee1\AppData\Local\Programs\Python\Python312\Lib\site-packages\sqlalchemy\pool\base.py", line 717, in checkout
    with util.safe_reraise():
         ^^^^^^^^^^^^^^^^^^^
  File "C:\Users\heee1\AppData\Local\Programs\Python\Python312\Lib\site-packages\sqlalchemy\util\langhelpers.py", line 121, in __exit__
    raise exc_value.with_traceback(exc_tb)
  File "C:\Users\heee1\AppData\Local\Programs\Python\Python312\Lib\site-packages\sqlalchemy\pool\base.py", line 715, in checkout
    dbapi_connection = rec.get_connection()
                       ^^^^^^^^^^^^^^^^^^^^
  File "C:\Users\heee1\AppData\Local\Programs\Python\Python312\Lib\site-packages\sqlalchemy\pool\base.py", line 837, in get_connection
    self.__connect()
  File "C:\Users\heee1\AppData\Local\Programs\Python\Python312\Lib\site-packages\sqlalchemy\pool\base.py", line 900, in __connect
    with util.safe_reraise():
         ^^^^^^^^^^^^^^^^^^^
  File "C:\Users\heee1\AppData\Local\Programs\Python\Python312\Lib\site-packages\sqlalchemy\util\langhelpers.py", line 121, in __exit__
    raise exc_value.with_traceback(exc_tb)
  File "C:\Users\heee1\AppData\Local\Programs\Python\Python312\Lib\site-packages\sqlalchemy\pool\base.py", line 896, in __connect
    self.dbapi_connection = connection = pool._invoke_creator(self)
                                         ^^^^^^^^^^^^^^^^^^^^^^^^^^
  File "C:\Users\heee1\AppData\Local\Programs\Python\Python312\Lib\site-packages\sqlalchemy\engine\create.py", line 667, in connect
    return dialect.connect(*cargs_tup, **cparams)
           ^^^^^^^^^^^^^^^^^^^^^^^^^^^^^^^^^^^^^^
  File "C:\Users\heee1\AppData\Local\Programs\Python\Python312\Lib\site-packages\sqlalchemy\engine\default.py", line 630, in connect
    return self.loaded_dbapi.connect(*cargs, **cparams)  # type: ignore[no-any-return]  # NOQA: E501
           ^^^^^^^^^^^^^^^^^^^^^^^^^^^^^^^^^^^^^^^^^^^^
  File "C:\Users\heee1\AppData\Local\Programs\Python\Python312\Lib\site-packages\psycopg2\__init__.py", line 135, in connect
    conn = _connect(dsn, connection_factory=connection_factory, **kwasync)
           ^^^^^^^^^^^^^^^^^^^^^^^^^^^^^^^^^^^^^^^^^^^^^^^^^^^^^^^^^^^^^^^
psycopg2.OperationalError: connection to server at "localhost" (::1), port 5433 failed: Connection refused (0x0000274D/10061)
	Is the server running on that host and accepting TCP/IP connections?
connection to server at "localhost" (127.0.0.1), port 5433 failed: Connection refused (0x0000274D/10061)
	Is the server running on that host and accepting TCP/IP connections?


The above exception was the direct cause of the following exception:

Traceback (most recent call last):
  File "C:\dev\GitHub\eco-price-ai\backend\main.py", line 150, in read_prices
    all_prices = query.limit(500).all()
                 ^^^^^^^^^^^^^^^^^^^^^^
  File "C:\Users\heee1\AppData\Local\Programs\Python\Python312\Lib\site-packages\sqlalchemy\orm\query.py", line 2711, in all
    return self._iter().all()  # type: ignore
           ^^^^^^^^^^^^
  File "C:\Users\heee1\AppData\Local\Programs\Python\Python312\Lib\site-packages\sqlalchemy\orm\query.py", line 2864, in _iter
    result: Union[ScalarResult[_T], Result[_T]] = self.session.execute(
                                                  ^^^^^^^^^^^^^^^^^^^^^
  File "C:\Users\heee1\AppData\Local\Programs\Python\Python312\Lib\site-packages\sqlalchemy\orm\session.py", line 2351, in execute
    return self._execute_internal(
           ^^^^^^^^^^^^^^^^^^^^^^^
  File "C:\Users\heee1\AppData\Local\Programs\Python\Python312\Lib\site-packages\sqlalchemy\orm\session.py", line 2239, in _execute_internal
    conn = self._connection_for_bind(bind)
           ^^^^^^^^^^^^^^^^^^^^^^^^^^^^^^^
  File "C:\Users\heee1\AppData\Local\Programs\Python\Python312\Lib\site-packages\sqlalchemy\orm\session.py", line 2108, in _connection_for_bind
    return trans._connection_for_bind(engine, execution_options)
           ^^^^^^^^^^^^^^^^^^^^^^^^^^^^^^^^^^^^^^^^^^^^^^^^^^^^^
  File "<string>", line 2, in _connection_for_bind
  File "C:\Users\heee1\AppData\Local\Programs\Python\Python312\Lib\site-packages\sqlalchemy\orm\state_changes.py", line 137, in _go
    ret_value = fn(self, *arg, **kw)
                ^^^^^^^^^^^^^^^^^^^^
  File "C:\Users\heee1\AppData\Local\Programs\Python\Python312\Lib\site-packages\sqlalchemy\orm\session.py", line 1187, in _connection_for_bind
    conn = bind.connect()
           ^^^^^^^^^^^^^^
  File "C:\Users\heee1\AppData\Local\Programs\Python\Python312\Lib\site-packages\sqlalchemy\engine\base.py", line 3293, in connect
    return self._connection_cls(self)
           ^^^^^^^^^^^^^^^^^^^^^^^^^^
  File "C:\Users\heee1\AppData\Local\Programs\Python\Python312\Lib\site-packages\sqlalchemy\engine\base.py", line 145, in __init__
    Connection._handle_dbapi_exception_noconnection(
  File "C:\Users\heee1\AppData\Local\Programs\Python\Python312\Lib\site-packages\sqlalchemy\engine\base.py", line 2448, in _handle_dbapi_exception_noconnection
    raise sqlalchemy_exception.with_traceback(exc_info[2]) from e
  File "C:\Users\heee1\AppData\Local\Programs\Python\Python312\Lib\site-packages\sqlalchemy\engine\base.py", line 143, in __init__
    self._dbapi_connection = engine.raw_connection()
                             ^^^^^^^^^^^^^^^^^^^^^^^
  File "C:\Users\heee1\AppData\Local\Programs\Python\Python312\Lib\site-packages\sqlalchemy\engine\base.py", line 3317, in raw_connection
    return self.pool.connect()
           ^^^^^^^^^^^^^^^^^^^
  File "C:\Users\heee1\AppData\Local\Programs\Python\Python312\Lib\site-packages\sqlalchemy\pool\base.py", line 448, in connect
    return _ConnectionFairy._checkout(self)
           ^^^^^^^^^^^^^^^^^^^^^^^^^^^^^^^^
  File "C:\Users\heee1\AppData\Local\Programs\Python\Python312\Lib\site-packages\sqlalchemy\pool\base.py", line 1272, in _checkout
    fairy = _ConnectionRecord.checkout(pool)
            ^^^^^^^^^^^^^^^^^^^^^^^^^^^^^^^^
  File "C:\Users\heee1\AppData\Local\Programs\Python\Python312\Lib\site-packages\sqlalchemy\pool\base.py", line 717, in checkout
    with util.safe_reraise():
         ^^^^^^^^^^^^^^^^^^^
  File "C:\Users\heee1\AppData\Local\Programs\Python\Python312\Lib\site-packages\sqlalchemy\util\langhelpers.py", line 121, in __exit__
    raise exc_value.with_traceback(exc_tb)
  File "C:\Users\heee1\AppData\Local\Programs\Python\Python312\Lib\site-packages\sqlalchemy\pool\base.py", line 715, in checkout
    dbapi_connection = rec.get_connection()
                       ^^^^^^^^^^^^^^^^^^^^
  File "C:\Users\heee1\AppData\Local\Programs\Python\Python312\Lib\site-packages\sqlalchemy\pool\base.py", line 837, in get_connection
    self.__connect()
  File "C:\Users\heee1\AppData\Local\Programs\Python\Python312\Lib\site-packages\sqlalchemy\pool\base.py", line 900, in __connect
    with util.safe_reraise():
         ^^^^^^^^^^^^^^^^^^^
  File "C:\Users\heee1\AppData\Local\Programs\Python\Python312\Lib\site-packages\sqlalchemy\util\langhelpers.py", line 121, in __exit__
    raise exc_value.with_traceback(exc_tb)
  File "C:\Users\heee1\AppData\Local\Programs\Python\Python312\Lib\site-packages\sqlalchemy\pool\base.py", line 896, in __connect
    self.dbapi_connection = connection = pool._invoke_creator(self)
                                         ^^^^^^^^^^^^^^^^^^^^^^^^^^
  File "C:\Users\heee1\AppData\Local\Programs\Python\Python312\Lib\site-packages\sqlalchemy\engine\create.py", line 667, in connect
    return dialect.connect(*cargs_tup, **cparams)
           ^^^^^^^^^^^^^^^^^^^^^^^^^^^^^^^^^^^^^^
  File "C:\Users\heee1\AppData\Local\Programs\Python\Python312\Lib\site-packages\sqlalchemy\engine\default.py", line 630, in connect
    return self.loaded_dbapi.connect(*cargs, **cparams)  # type: ignore[no-any-return]  # NOQA: E501
           ^^^^^^^^^^^^^^^^^^^^^^^^^^^^^^^^^^^^^^^^^^^^
  File "C:\Users\heee1\AppData\Local\Programs\Python\Python312\Lib\site-packages\psycopg2\__init__.py", line 135, in connect
    conn = _connect(dsn, connection_factory=connection_factory, **kwasync)
           ^^^^^^^^^^^^^^^^^^^^^^^^^^^^^^^^^^^^^^^^^^^^^^^^^^^^^^^^^^^^^^^
sqlalchemy.exc.OperationalError: (psycopg2.OperationalError) connection to server at "localhost" (::1), port 5433 failed: Connection refused (0x0000274D/10061)
	Is the server running on that host and accepting TCP/IP connections?
connection to server at "localhost" (127.0.0.1), port 5433 failed: Connection refused (0x0000274D/10061)
	Is the server running on that host and accepting TCP/IP connections?

(Background on this error at: https://sqlalche.me/e/20/e3q8)
2026-05-22 21:33:35,340 - database - ERROR - 데이터베이스 세션 중 오류 발생: 500: 마켓 가격 조회 오류: (psycopg2.OperationalError) connection to server at "localhost" (::1), port 5433 failed: Connection refused (0x0000274D/10061)
	Is the server running on that host and accepting TCP/IP connections?
connection to server at "localhost" (127.0.0.1), port 5433 failed: Connection refused (0x0000274D/10061)
	Is the server running on that host and accepting TCP/IP connections?

(Background on this error at: https://sqlalche.me/e/20/e3q8)
Traceback (most recent call last):
  File "C:\Users\heee1\AppData\Local\Programs\Python\Python312\Lib\site-packages\sqlalchemy\engine\base.py", line 143, in __init__
    self._dbapi_connection = engine.raw_connection()
                             ^^^^^^^^^^^^^^^^^^^^^^^
  File "C:\Users\heee1\AppData\Local\Programs\Python\Python312\Lib\site-packages\sqlalchemy\engine\base.py", line 3317, in raw_connection
    return self.pool.connect()
           ^^^^^^^^^^^^^^^^^^^
  File "C:\Users\heee1\AppData\Local\Programs\Python\Python312\Lib\site-packages\sqlalchemy\pool\base.py", line 448, in connect
    return _ConnectionFairy._checkout(self)
           ^^^^^^^^^^^^^^^^^^^^^^^^^^^^^^^^
  File "C:\Users\heee1\AppData\Local\Programs\Python\Python312\Lib\site-packages\sqlalchemy\pool\base.py", line 1272, in _checkout
    fairy = _ConnectionRecord.checkout(pool)
            ^^^^^^^^^^^^^^^^^^^^^^^^^^^^^^^^
  File "C:\Users\heee1\AppData\Local\Programs\Python\Python312\Lib\site-packages\sqlalchemy\pool\base.py", line 717, in checkout
    with util.safe_reraise():
         ^^^^^^^^^^^^^^^^^^^
  File "C:\Users\heee1\AppData\Local\Programs\Python\Python312\Lib\site-packages\sqlalchemy\util\langhelpers.py", line 121, in __exit__
    raise exc_value.with_traceback(exc_tb)
  File "C:\Users\heee1\AppData\Local\Programs\Python\Python312\Lib\site-packages\sqlalchemy\pool\base.py", line 715, in checkout
    dbapi_connection = rec.get_connection()
                       ^^^^^^^^^^^^^^^^^^^^
  File "C:\Users\heee1\AppData\Local\Programs\Python\Python312\Lib\site-packages\sqlalchemy\pool\base.py", line 837, in get_connection
    self.__connect()
  File "C:\Users\heee1\AppData\Local\Programs\Python\Python312\Lib\site-packages\sqlalchemy\pool\base.py", line 900, in __connect
    with util.safe_reraise():
         ^^^^^^^^^^^^^^^^^^^
  File "C:\Users\heee1\AppData\Local\Programs\Python\Python312\Lib\site-packages\sqlalchemy\util\langhelpers.py", line 121, in __exit__
    raise exc_value.with_traceback(exc_tb)
  File "C:\Users\heee1\AppData\Local\Programs\Python\Python312\Lib\site-packages\sqlalchemy\pool\base.py", line 896, in __connect
    self.dbapi_connection = connection = pool._invoke_creator(self)
                                         ^^^^^^^^^^^^^^^^^^^^^^^^^^
  File "C:\Users\heee1\AppData\Local\Programs\Python\Python312\Lib\site-packages\sqlalchemy\engine\create.py", line 667, in connect
    return dialect.connect(*cargs_tup, **cparams)
           ^^^^^^^^^^^^^^^^^^^^^^^^^^^^^^^^^^^^^^
  File "C:\Users\heee1\AppData\Local\Programs\Python\Python312\Lib\site-packages\sqlalchemy\engine\default.py", line 630, in connect
    return self.loaded_dbapi.connect(*cargs, **cparams)  # type: ignore[no-any-return]  # NOQA: E501
           ^^^^^^^^^^^^^^^^^^^^^^^^^^^^^^^^^^^^^^^^^^^^
  File "C:\Users\heee1\AppData\Local\Programs\Python\Python312\Lib\site-packages\psycopg2\__init__.py", line 135, in connect
    conn = _connect(dsn, connection_factory=connection_factory, **kwasync)
           ^^^^^^^^^^^^^^^^^^^^^^^^^^^^^^^^^^^^^^^^^^^^^^^^^^^^^^^^^^^^^^^
psycopg2.OperationalError: connection to server at "localhost" (::1), port 5433 failed: Connection refused (0x0000274D/10061)
	Is the server running on that host and accepting TCP/IP connections?
connection to server at "localhost" (127.0.0.1), port 5433 failed: Connection refused (0x0000274D/10061)
	Is the server running on that host and accepting TCP/IP connections?


The above exception was the direct cause of the following exception:

Traceback (most recent call last):
  File "C:\dev\GitHub\eco-price-ai\backend\main.py", line 150, in read_prices
    all_prices = query.limit(500).all()
                 ^^^^^^^^^^^^^^^^^^^^^^
  File "C:\Users\heee1\AppData\Local\Programs\Python\Python312\Lib\site-packages\sqlalchemy\orm\query.py", line 2711, in all
    return self._iter().all()  # type: ignore
           ^^^^^^^^^^^^
  File "C:\Users\heee1\AppData\Local\Programs\Python\Python312\Lib\site-packages\sqlalchemy\orm\query.py", line 2864, in _iter
    result: Union[ScalarResult[_T], Result[_T]] = self.session.execute(
                                                  ^^^^^^^^^^^^^^^^^^^^^
  File "C:\Users\heee1\AppData\Local\Programs\Python\Python312\Lib\site-packages\sqlalchemy\orm\session.py", line 2351, in execute
    return self._execute_internal(
           ^^^^^^^^^^^^^^^^^^^^^^^
  File "C:\Users\heee1\AppData\Local\Programs\Python\Python312\Lib\site-packages\sqlalchemy\orm\session.py", line 2239, in _execute_internal
    conn = self._connection_for_bind(bind)
           ^^^^^^^^^^^^^^^^^^^^^^^^^^^^^^^
  File "C:\Users\heee1\AppData\Local\Programs\Python\Python312\Lib\site-packages\sqlalchemy\orm\session.py", line 2108, in _connection_for_bind
    return trans._connection_for_bind(engine, execution_options)
           ^^^^^^^^^^^^^^^^^^^^^^^^^^^^^^^^^^^^^^^^^^^^^^^^^^^^^
  File "<string>", line 2, in _connection_for_bind
  File "C:\Users\heee1\AppData\Local\Programs\Python\Python312\Lib\site-packages\sqlalchemy\orm\state_changes.py", line 137, in _go
    ret_value = fn(self, *arg, **kw)
                ^^^^^^^^^^^^^^^^^^^^
  File "C:\Users\heee1\AppData\Local\Programs\Python\Python312\Lib\site-packages\sqlalchemy\orm\session.py", line 1187, in _connection_for_bind
    conn = bind.connect()
           ^^^^^^^^^^^^^^
  File "C:\Users\heee1\AppData\Local\Programs\Python\Python312\Lib\site-packages\sqlalchemy\engine\base.py", line 3293, in connect
    return self._connection_cls(self)
           ^^^^^^^^^^^^^^^^^^^^^^^^^^
  File "C:\Users\heee1\AppData\Local\Programs\Python\Python312\Lib\site-packages\sqlalchemy\engine\base.py", line 145, in __init__
    Connection._handle_dbapi_exception_noconnection(
  File "C:\Users\heee1\AppData\Local\Programs\Python\Python312\Lib\site-packages\sqlalchemy\engine\base.py", line 2448, in _handle_dbapi_exception_noconnection
    raise sqlalchemy_exception.with_traceback(exc_info[2]) from e
  File "C:\Users\heee1\AppData\Local\Programs\Python\Python312\Lib\site-packages\sqlalchemy\engine\base.py", line 143, in __init__
    self._dbapi_connection = engine.raw_connection()
                             ^^^^^^^^^^^^^^^^^^^^^^^
  File "C:\Users\heee1\AppData\Local\Programs\Python\Python312\Lib\site-packages\sqlalchemy\engine\base.py", line 3317, in raw_connection
    return self.pool.connect()
           ^^^^^^^^^^^^^^^^^^^
  File "C:\Users\heee1\AppData\Local\Programs\Python\Python312\Lib\site-packages\sqlalchemy\pool\base.py", line 448, in connect
    return _ConnectionFairy._checkout(self)
           ^^^^^^^^^^^^^^^^^^^^^^^^^^^^^^^^
  File "C:\Users\heee1\AppData\Local\Programs\Python\Python312\Lib\site-packages\sqlalchemy\pool\base.py", line 1272, in _checkout
    fairy = _ConnectionRecord.checkout(pool)
            ^^^^^^^^^^^^^^^^^^^^^^^^^^^^^^^^
  File "C:\Users\heee1\AppData\Local\Programs\Python\Python312\Lib\site-packages\sqlalchemy\pool\base.py", line 717, in checkout
    with util.safe_reraise():
         ^^^^^^^^^^^^^^^^^^^
  File "C:\Users\heee1\AppData\Local\Programs\Python\Python312\Lib\site-packages\sqlalchemy\util\langhelpers.py", line 121, in __exit__
    raise exc_value.with_traceback(exc_tb)
  File "C:\Users\heee1\AppData\Local\Programs\Python\Python312\Lib\site-packages\sqlalchemy\pool\base.py", line 715, in checkout
    dbapi_connection = rec.get_connection()
                       ^^^^^^^^^^^^^^^^^^^^
  File "C:\Users\heee1\AppData\Local\Programs\Python\Python312\Lib\site-packages\sqlalchemy\pool\base.py", line 837, in get_connection
    self.__connect()
  File "C:\Users\heee1\AppData\Local\Programs\Python\Python312\Lib\site-packages\sqlalchemy\pool\base.py", line 900, in __connect
    with util.safe_reraise():
         ^^^^^^^^^^^^^^^^^^^
  File "C:\Users\heee1\AppData\Local\Programs\Python\Python312\Lib\site-packages\sqlalchemy\util\langhelpers.py", line 121, in __exit__
    raise exc_value.with_traceback(exc_tb)
  File "C:\Users\heee1\AppData\Local\Programs\Python\Python312\Lib\site-packages\sqlalchemy\pool\base.py", line 896, in __connect
    self.dbapi_connection = connection = pool._invoke_creator(self)
                                         ^^^^^^^^^^^^^^^^^^^^^^^^^^
  File "C:\Users\heee1\AppData\Local\Programs\Python\Python312\Lib\site-packages\sqlalchemy\engine\create.py", line 667, in connect
    return dialect.connect(*cargs_tup, **cparams)
           ^^^^^^^^^^^^^^^^^^^^^^^^^^^^^^^^^^^^^^
  File "C:\Users\heee1\AppData\Local\Programs\Python\Python312\Lib\site-packages\sqlalchemy\engine\default.py", line 630, in connect
    return self.loaded_dbapi.connect(*cargs, **cparams)  # type: ignore[no-any-return]  # NOQA: E501
           ^^^^^^^^^^^^^^^^^^^^^^^^^^^^^^^^^^^^^^^^^^^^
  File "C:\Users\heee1\AppData\Local\Programs\Python\Python312\Lib\site-packages\psycopg2\__init__.py", line 135, in connect
    conn = _connect(dsn, connection_factory=connection_factory, **kwasync)
           ^^^^^^^^^^^^^^^^^^^^^^^^^^^^^^^^^^^^^^^^^^^^^^^^^^^^^^^^^^^^^^^
sqlalchemy.exc.OperationalError: (psycopg2.OperationalError) connection to server at "localhost" (::1), port 5433 failed: Connection refused (0x0000274D/10061)
	Is the server running on that host and accepting TCP/IP connections?
connection to server at "localhost" (127.0.0.1), port 5433 failed: Connection refused (0x0000274D/10061)
	Is the server running on that host and accepting TCP/IP connections?

(Background on this error at: https://sqlalche.me/e/20/e3q8)

During handling of the above exception, another exception occurred:

Traceback (most recent call last):
  File "C:\dev\GitHub\eco-price-ai\backend\database.py", line 53, in get_db
    yield db
  File "C:\Users\heee1\AppData\Local\Programs\Python\Python312\Lib\site-packages\fastapi\concurrency.py", line 29, in contextmanager_in_threadpool
    yield await run_in_threadpool(cm.__enter__)
  File "C:\Users\heee1\AppData\Local\Programs\Python\Python312\Lib\site-packages\fastapi\routing.py", line 120, in app
    response = await f(request)
               ^^^^^^^^^^^^^^^^
  File "C:\Users\heee1\AppData\Local\Programs\Python\Python312\Lib\site-packages\fastapi\routing.py", line 674, in app
    raw_response = await run_endpoint_function(
                   ^^^^^^^^^^^^^^^^^^^^^^^^^^^^
  File "C:\Users\heee1\AppData\Local\Programs\Python\Python312\Lib\site-packages\fastapi\routing.py", line 330, in run_endpoint_function
    return await run_in_threadpool(dependant.call, **values)
           ^^^^^^^^^^^^^^^^^^^^^^^^^^^^^^^^^^^^^^^^^^^^^^^^^
  File "C:\Users\heee1\AppData\Local\Programs\Python\Python312\Lib\site-packages\starlette\concurrency.py", line 32, in run_in_threadpool
    return await anyio.to_thread.run_sync(func)
           ^^^^^^^^^^^^^^^^^^^^^^^^^^^^^^^^^^^^
  File "C:\Users\heee1\AppData\Local\Programs\Python\Python312\Lib\site-packages\anyio\to_thread.py", line 63, in run_sync
    return await get_async_backend().run_sync_in_worker_thread(
           ^^^^^^^^^^^^^^^^^^^^^^^^^^^^^^^^^^^^^^^^^^^^^^^^^^^^
  File "C:\Users\heee1\AppData\Local\Programs\Python\Python312\Lib\site-packages\anyio\_backends\_asyncio.py", line 2518, in run_sync_in_worker_thread
    return await future
           ^^^^^^^^^^^^
  File "C:\Users\heee1\AppData\Local\Programs\Python\Python312\Lib\site-packages\anyio\_backends\_asyncio.py", line 1002, in run
    result = context.run(func, *args)
             ^^^^^^^^^^^^^^^^^^^^^^^^
  File "C:\dev\GitHub\eco-price-ai\backend\main.py", line 167, in read_prices
    raise HTTPException(status_code=500, detail=f"마켓 가격 조회 오류: {str(e)}")
fastapi.exceptions.HTTPException: 500: 마켓 가격 조회 오류: (psycopg2.OperationalError) connection to server at "localhost" (::1), port 5433 failed: Connection refused (0x0000274D/10061)
	Is the server running on that host and accepting TCP/IP connections?
connection to server at "localhost" (127.0.0.1), port 5433 failed: Connection refused (0x0000274D/10061)
	Is the server running on that host and accepting TCP/IP connections?

(Background on this error at: https://sqlalche.me/e/20/e3q8)
2026-05-22 21:33:35,345 - main - INFO - [요청 완료] GET /items | 상태코드: 500 | ID: 2026-05-22T21:33:31.238566
2026-05-30 16:15:45,435 - main - INFO - FastAPI 애플리케이션 시작
2026-05-30 16:15:46,078 - main - INFO - FastAPI 애플리케이션 시작
2026-05-30 16:16:22,639 - main - INFO - [요청 시작] GET / | 클라이언트: 127.0.0.1 | ID: 2026-05-30T16:16:22.639773
2026-05-30 16:16:22,657 - main - INFO - 헬스 체크 요청
2026-05-30 16:16:22,658 - main - INFO - [요청 완료] GET / | 상태코드: 200 | ID: 2026-05-30T16:16:22.639773
2026-05-30 16:16:22,737 - main - INFO - [요청 시작] GET /favicon.ico | 클라이언트: 127.0.0.1 | ID: 2026-05-30T16:16:22.737918
2026-05-30 16:16:22,738 - main - INFO - [요청 완료] GET /favicon.ico | 상태코드: 404 | ID: 2026-05-30T16:16:22.737918
2026-05-30 16:16:38,666 - main - INFO - [요청 시작] GET /items | 클라이언트: 127.0.0.1 | ID: 2026-05-30T16:16:38.666546
2026-05-30 16:16:38,669 - main - INFO - 마켓 가격 조회 요청: 검색어='None'
2026-05-30 16:16:38,683 - main - INFO - 마켓 가격 조회 완료: 50개 항목 반환 (DB 500개 중 비식품 제외, 최대 50개 제한)
2026-05-30 16:16:38,691 - main - INFO - [요청 완료] GET /items | 상태코드: 200 | ID: 2026-05-30T16:16:38.666546
2026-05-30 16:16:38,694 - main - INFO - [요청 시작] GET /items | 클라이언트: 127.0.0.1 | ID: 2026-05-30T16:16:38.694552
2026-05-30 16:16:38,695 - main - INFO - 마켓 가격 조회 요청: 검색어='None'
2026-05-30 16:16:38,705 - main - INFO - 마켓 가격 조회 완료: 50개 항목 반환 (DB 500개 중 비식품 제외, 최대 50개 제한)
2026-05-30 16:16:38,707 - main - INFO - [요청 완료] GET /items | 상태코드: 200 | ID: 2026-05-30T16:16:38.694552
2026-05-30 16:17:08,451 - main - INFO - [요청 시작] GET /items | 클라이언트: 127.0.0.1 | ID: 2026-05-30T16:17:08.451572
2026-05-30 16:17:08,454 - main - INFO - 마켓 가격 조회 요청: 검색어='None'
2026-05-30 16:17:08,462 - main - INFO - 마켓 가격 조회 완료: 50개 항목 반환 (DB 500개 중 비식품 제외, 최대 50개 제한)
2026-05-30 16:17:08,464 - main - INFO - [요청 완료] GET /items | 상태코드: 200 | ID: 2026-05-30T16:17:08.451572
2026-05-30 16:17:31,832 - main - INFO - [요청 시작] GET /api/storage/오뚜기 크림스프(80g) | 클라이언트: 127.0.0.1 | ID: 2026-05-30T16:17:31.832964
2026-05-30 16:17:31,834 - main - INFO - 보관 가이드 조회 요청: item_name=오뚜기 크림스프(80g)
2026-05-30 16:17:31,844 - main - INFO - 기존 보관 가이드 발견: guide_id=1
2026-05-30 16:17:31,846 - main - INFO - [요청 완료] GET /api/storage/오뚜기 크림스프(80g) | 상태코드: 200 | ID: 2026-05-30T16:17:31.832964
2026-05-30 16:17:34,468 - main - INFO - [요청 시작] GET /api/storage/오뚜기 크림스프(80g) | 클라이언트: 127.0.0.1 | ID: 2026-05-30T16:17:34.468982
2026-05-30 16:17:34,472 - main - INFO - 보관 가이드 조회 요청: item_name=오뚜기 크림스프(80g)
2026-05-30 16:17:34,475 - main - INFO - 기존 보관 가이드 발견: guide_id=1
2026-05-30 16:17:34,476 - main - INFO - [요청 완료] GET /api/storage/오뚜기 크림스프(80g) | 상태코드: 200 | ID: 2026-05-30T16:17:34.468982
2026-05-30 16:17:38,375 - main - INFO - [요청 시작] OPTIONS /api/ai/recipe | 클라이언트: 127.0.0.1 | ID: 2026-05-30T16:17:38.375865
2026-05-30 16:17:38,385 - main - INFO - [요청 완료] OPTIONS /api/ai/recipe | 상태코드: 200 | ID: 2026-05-30T16:17:38.375865
2026-05-30 16:17:38,386 - main - INFO - [요청 시작] POST /api/ai/recipe | 클라이언트: 127.0.0.1 | ID: 2026-05-30T16:17:38.386648
2026-05-30 16:17:38,388 - main - INFO - AI 레시피 생성 요청: 재료=['오뚜기 크림스프(80g)']
2026-05-30 16:17:38,388 - services.ai_service - INFO - 레시피 생성 시작: 재료=['오뚜기 크림스프(80g)']
2026-05-30 16:17:38,388 - services.ai_service - INFO - Mock 레시피 데이터 반환
2026-05-30 16:17:38,389 - main - INFO - AI 레시피 생성 완료: 오뚜기 크림스프(80g) 활용 가성비 요리
2026-05-30 16:17:38,408 - main - INFO - AI 레시피 데이터베이스 저장 완료: recipe_id=6
2026-05-30 16:17:38,409 - database - ERROR - 데이터베이스 세션 중 오류 발생: 3 validation errors:
  {'type': 'dict_type', 'loc': ('response', 'instructions', 'dict[any,any]'), 'msg': 'Input should be a valid dictionary', 'input': ['재료를 깨끗이 씻어 준비합니다.', '팬에 기름을 두르고 마늘을 볶습니다.', '오뚜기 크림스프(80g)를 넣고 중불에서 5분간 볶습니다.', '소금으로 간을 맞추고 참기름을 넣어 완성합니다.']}
  {'type': 'string_type', 'loc': ('response', 'instructions', 'str'), 'msg': 'Input should be a valid string', 'input': ['재료를 깨끗이 씻어 준비합니다.', '팬에 기름을 두르고 마늘을 볶습니다.', '오뚜기 크림스프(80g)를 넣고 중불에서 5분간 볶습니다.', '소금으로 간을 맞추고 참기름을 넣어 완성합니다.']}
  {'type': 'string_type', 'loc': ('response', 'created_at'), 'msg': 'Input should be a valid string', 'input': datetime.datetime(2026, 5, 30, 7, 17, 38, 393498)}

  File "C:\dev\GitHub\eco-price-ai\backend\main.py", line 172, in create_ai_recipe
    POST /api/ai/recipe
Traceback (most recent call last):
  File "C:\dev\GitHub\eco-price-ai\backend\database.py", line 53, in get_db
    yield db
  File "C:\dev\GitHub\eco-price-ai\backend\venv\Lib\site-packages\fastapi\concurrency.py", line 29, in contextmanager_in_threadpool
    yield await run_in_threadpool(cm.__enter__)
  File "C:\dev\GitHub\eco-price-ai\backend\venv\Lib\site-packages\fastapi\routing.py", line 120, in app
    response = await f(request)
               ^^^^^^^^^^^^^^^^
  File "C:\dev\GitHub\eco-price-ai\backend\venv\Lib\site-packages\fastapi\routing.py", line 695, in app
    content = await serialize_response(
              ^^^^^^^^^^^^^^^^^^^^^^^^^
  File "C:\dev\GitHub\eco-price-ai\backend\venv\Lib\site-packages\fastapi\routing.py", line 300, in serialize_response
    raise ResponseValidationError(
fastapi.exceptions.ResponseValidationError: 3 validation errors:
  {'type': 'dict_type', 'loc': ('response', 'instructions', 'dict[any,any]'), 'msg': 'Input should be a valid dictionary', 'input': ['재료를 깨끗이 씻어 준비합니다.', '팬에 기름을 두르고 마늘을 볶습니다.', '오뚜기 크림스프(80g)를 넣고 중불에서 5분간 볶습니다.', '소금으로 간을 맞추고 참기름을 넣어 완성합니다.']}
  {'type': 'string_type', 'loc': ('response', 'instructions', 'str'), 'msg': 'Input should be a valid string', 'input': ['재료를 깨끗이 씻어 준비합니다.', '팬에 기름을 두르고 마늘을 볶습니다.', '오뚜기 크림스프(80g)를 넣고 중불에서 5분간 볶습니다.', '소금으로 간을 맞추고 참기름을 넣어 완성합니다.']}
  {'type': 'string_type', 'loc': ('response', 'created_at'), 'msg': 'Input should be a valid string', 'input': datetime.datetime(2026, 5, 30, 7, 17, 38, 393498)}

  File "C:\dev\GitHub\eco-price-ai\backend\main.py", line 172, in create_ai_recipe
    POST /api/ai/recipe
2026-05-30 16:17:38,422 - main - ERROR - [요청 에러] POST /api/ai/recipe | 에러: 3 validation errors:
  {'type': 'dict_type', 'loc': ('response', 'instructions', 'dict[any,any]'), 'msg': 'Input should be a valid dictionary', 'input': ['재료를 깨끗이 씻어 준비합니다.', '팬에 기름을 두르고 마늘을 볶습니다.', '오뚜기 크림스프(80g)를 넣고 중불에서 5분간 볶습니다.', '소금으로 간을 맞추고 참기름을 넣어 완성합니다.']}
  {'type': 'string_type', 'loc': ('response', 'instructions', 'str'), 'msg': 'Input should be a valid string', 'input': ['재료를 깨끗이 씻어 준비합니다.', '팬에 기름을 두르고 마늘을 볶습니다.', '오뚜기 크림스프(80g)를 넣고 중불에서 5분간 볶습니다.', '소금으로 간을 맞추고 참기름을 넣어 완성합니다.']}
  {'type': 'string_type', 'loc': ('response', 'created_at'), 'msg': 'Input should be a valid string', 'input': datetime.datetime(2026, 5, 30, 7, 17, 38, 393498)}

  File "C:\dev\GitHub\eco-price-ai\backend\main.py", line 172, in create_ai_recipe
    POST /api/ai/recipe | ID: 2026-05-30T16:17:38.386648
Traceback (most recent call last):
  File "C:\dev\GitHub\eco-price-ai\backend\main.py", line 61, in log_requests
    response = await call_next(request)
               ^^^^^^^^^^^^^^^^^^^^^^^^
  File "C:\dev\GitHub\eco-price-ai\backend\venv\Lib\site-packages\starlette\middleware\base.py", line 168, in call_next
    raise app_exc from app_exc.__cause__ or app_exc.__context__
  File "C:\dev\GitHub\eco-price-ai\backend\venv\Lib\site-packages\starlette\middleware\base.py", line 144, in coro
    await self.app(scope, receive_or_disconnect, send_no_error)
  File "C:\dev\GitHub\eco-price-ai\backend\venv\Lib\site-packages\starlette\middleware\cors.py", line 96, in __call__
    await self.simple_response(scope, receive, send, request_headers=headers)
  File "C:\dev\GitHub\eco-price-ai\backend\venv\Lib\site-packages\starlette\middleware\cors.py", line 154, in simple_response
    await self.app(scope, receive, send)
  File "C:\dev\GitHub\eco-price-ai\backend\venv\Lib\site-packages\starlette\middleware\exceptions.py", line 63, in __call__
    await wrap_app_handling_exceptions(self.app, conn)(scope, receive, send)
  File "C:\dev\GitHub\eco-price-ai\backend\venv\Lib\site-packages\starlette\_exception_handler.py", line 53, in wrapped_app
    raise exc
  File "C:\dev\GitHub\eco-price-ai\backend\venv\Lib\site-packages\starlette\_exception_handler.py", line 42, in wrapped_app
    await app(scope, receive, sender)
  File "C:\dev\GitHub\eco-price-ai\backend\venv\Lib\site-packages\fastapi\middleware\asyncexitstack.py", line 18, in __call__
    await self.app(scope, receive, send)
  File "C:\dev\GitHub\eco-price-ai\backend\venv\Lib\site-packages\starlette\routing.py", line 660, in __call__
    await self.middleware_stack(scope, receive, send)
  File "C:\dev\GitHub\eco-price-ai\backend\venv\Lib\site-packages\starlette\routing.py", line 680, in app
    await route.handle(scope, receive, send)
  File "C:\dev\GitHub\eco-price-ai\backend\venv\Lib\site-packages\starlette\routing.py", line 276, in handle
    await self.app(scope, receive, send)
  File "C:\dev\GitHub\eco-price-ai\backend\venv\Lib\site-packages\fastapi\routing.py", line 134, in app
    await wrap_app_handling_exceptions(app, request)(scope, receive, send)
  File "C:\dev\GitHub\eco-price-ai\backend\venv\Lib\site-packages\starlette\_exception_handler.py", line 53, in wrapped_app
    raise exc
  File "C:\dev\GitHub\eco-price-ai\backend\venv\Lib\site-packages\starlette\_exception_handler.py", line 42, in wrapped_app
    await app(scope, receive, sender)
  File "C:\dev\GitHub\eco-price-ai\backend\venv\Lib\site-packages\fastapi\routing.py", line 120, in app
    response = await f(request)
               ^^^^^^^^^^^^^^^^
  File "C:\dev\GitHub\eco-price-ai\backend\venv\Lib\site-packages\fastapi\routing.py", line 695, in app
    content = await serialize_response(
              ^^^^^^^^^^^^^^^^^^^^^^^^^
  File "C:\dev\GitHub\eco-price-ai\backend\venv\Lib\site-packages\fastapi\routing.py", line 300, in serialize_response
    raise ResponseValidationError(
fastapi.exceptions.ResponseValidationError: 3 validation errors:
  {'type': 'dict_type', 'loc': ('response', 'instructions', 'dict[any,any]'), 'msg': 'Input should be a valid dictionary', 'input': ['재료를 깨끗이 씻어 준비합니다.', '팬에 기름을 두르고 마늘을 볶습니다.', '오뚜기 크림스프(80g)를 넣고 중불에서 5분간 볶습니다.', '소금으로 간을 맞추고 참기름을 넣어 완성합니다.']}
  {'type': 'string_type', 'loc': ('response', 'instructions', 'str'), 'msg': 'Input should be a valid string', 'input': ['재료를 깨끗이 씻어 준비합니다.', '팬에 기름을 두르고 마늘을 볶습니다.', '오뚜기 크림스프(80g)를 넣고 중불에서 5분간 볶습니다.', '소금으로 간을 맞추고 참기름을 넣어 완성합니다.']}
  {'type': 'string_type', 'loc': ('response', 'created_at'), 'msg': 'Input should be a valid string', 'input': datetime.datetime(2026, 5, 30, 7, 17, 38, 393498)}

  File "C:\dev\GitHub\eco-price-ai\backend\main.py", line 172, in create_ai_recipe
    POST /api/ai/recipe
2026-05-30 16:17:42,233 - main - INFO - [요청 시작] POST /api/ai/recipe | 클라이언트: 127.0.0.1 | ID: 2026-05-30T16:17:42.233266
2026-05-30 16:17:42,234 - main - INFO - AI 레시피 생성 요청: 재료=['오뚜기 크림스프(80g)', '서울우유 흰우유(1L)']
2026-05-30 16:17:42,234 - services.ai_service - INFO - 레시피 생성 시작: 재료=['오뚜기 크림스프(80g)', '서울우유 흰우유(1L)']
2026-05-30 16:17:42,234 - services.ai_service - INFO - Mock 레시피 데이터 반환
2026-05-30 16:17:42,234 - main - INFO - AI 레시피 생성 완료: 오뚜기 크림스프(80g) 활용 가성비 요리
2026-05-30 16:17:42,245 - main - INFO - AI 레시피 데이터베이스 저장 완료: recipe_id=7
2026-05-30 16:17:42,246 - database - ERROR - 데이터베이스 세션 중 오류 발생: 3 validation errors:
  {'type': 'dict_type', 'loc': ('response', 'instructions', 'dict[any,any]'), 'msg': 'Input should be a valid dictionary', 'input': ['재료를 깨끗이 씻어 준비합니다.', '팬에 기름을 두르고 마늘을 볶습니다.', '오뚜기 크림스프(80g), 서울우유 흰우유(1L)를 넣고 중불에서 5분간 볶습니다.', '소금으로 간을 맞추고 참기름을 넣어 완성합니다.']}
  {'type': 'string_type', 'loc': ('response', 'instructions', 'str'), 'msg': 'Input should be a valid string', 'input': ['재료를 깨끗이 씻어 준비합니다.', '팬에 기름을 두르고 마늘을 볶습니다.', '오뚜기 크림스프(80g), 서울우유 흰우유(1L)를 넣고 중불에서 5분간 볶습니다.', '소금으로 간을 맞추고 참기름을 넣어 완성합니다.']}
  {'type': 'string_type', 'loc': ('response', 'created_at'), 'msg': 'Input should be a valid string', 'input': datetime.datetime(2026, 5, 30, 7, 17, 42, 237449)}

  File "C:\dev\GitHub\eco-price-ai\backend\main.py", line 172, in create_ai_recipe
    POST /api/ai/recipe
Traceback (most recent call last):
  File "C:\dev\GitHub\eco-price-ai\backend\database.py", line 53, in get_db
    yield db
  File "C:\dev\GitHub\eco-price-ai\backend\venv\Lib\site-packages\fastapi\concurrency.py", line 29, in contextmanager_in_threadpool
    yield await run_in_threadpool(cm.__enter__)
  File "C:\dev\GitHub\eco-price-ai\backend\venv\Lib\site-packages\fastapi\routing.py", line 120, in app
    response = await f(request)
               ^^^^^^^^^^^^^^^^
  File "C:\dev\GitHub\eco-price-ai\backend\venv\Lib\site-packages\fastapi\routing.py", line 695, in app
    content = await serialize_response(
              ^^^^^^^^^^^^^^^^^^^^^^^^^
  File "C:\dev\GitHub\eco-price-ai\backend\venv\Lib\site-packages\fastapi\routing.py", line 300, in serialize_response
    raise ResponseValidationError(
fastapi.exceptions.ResponseValidationError: 3 validation errors:
  {'type': 'dict_type', 'loc': ('response', 'instructions', 'dict[any,any]'), 'msg': 'Input should be a valid dictionary', 'input': ['재료를 깨끗이 씻어 준비합니다.', '팬에 기름을 두르고 마늘을 볶습니다.', '오뚜기 크림스프(80g), 서울우유 흰우유(1L)를 넣고 중불에서 5분간 볶습니다.', '소금으로 간을 맞추고 참기름을 넣어 완성합니다.']}
  {'type': 'string_type', 'loc': ('response', 'instructions', 'str'), 'msg': 'Input should be a valid string', 'input': ['재료를 깨끗이 씻어 준비합니다.', '팬에 기름을 두르고 마늘을 볶습니다.', '오뚜기 크림스프(80g), 서울우유 흰우유(1L)를 넣고 중불에서 5분간 볶습니다.', '소금으로 간을 맞추고 참기름을 넣어 완성합니다.']}
  {'type': 'string_type', 'loc': ('response', 'created_at'), 'msg': 'Input should be a valid string', 'input': datetime.datetime(2026, 5, 30, 7, 17, 42, 237449)}

  File "C:\dev\GitHub\eco-price-ai\backend\main.py", line 172, in create_ai_recipe
    POST /api/ai/recipe
2026-05-30 16:17:42,247 - main - ERROR - [요청 에러] POST /api/ai/recipe | 에러: 3 validation errors:
  {'type': 'dict_type', 'loc': ('response', 'instructions', 'dict[any,any]'), 'msg': 'Input should be a valid dictionary', 'input': ['재료를 깨끗이 씻어 준비합니다.', '팬에 기름을 두르고 마늘을 볶습니다.', '오뚜기 크림스프(80g), 서울우유 흰우유(1L)를 넣고 중불에서 5분간 볶습니다.', '소금으로 간을 맞추고 참기름을 넣어 완성합니다.']}
  {'type': 'string_type', 'loc': ('response', 'instructions', 'str'), 'msg': 'Input should be a valid string', 'input': ['재료를 깨끗이 씻어 준비합니다.', '팬에 기름을 두르고 마늘을 볶습니다.', '오뚜기 크림스프(80g), 서울우유 흰우유(1L)를 넣고 중불에서 5분간 볶습니다.', '소금으로 간을 맞추고 참기름을 넣어 완성합니다.']}
  {'type': 'string_type', 'loc': ('response', 'created_at'), 'msg': 'Input should be a valid string', 'input': datetime.datetime(2026, 5, 30, 7, 17, 42, 237449)}

  File "C:\dev\GitHub\eco-price-ai\backend\main.py", line 172, in create_ai_recipe
    POST /api/ai/recipe | ID: 2026-05-30T16:17:42.233266
Traceback (most recent call last):
  File "C:\dev\GitHub\eco-price-ai\backend\main.py", line 61, in log_requests
    response = await call_next(request)
               ^^^^^^^^^^^^^^^^^^^^^^^^
  File "C:\dev\GitHub\eco-price-ai\backend\venv\Lib\site-packages\starlette\middleware\base.py", line 168, in call_next
    raise app_exc from app_exc.__cause__ or app_exc.__context__
  File "C:\dev\GitHub\eco-price-ai\backend\venv\Lib\site-packages\starlette\middleware\base.py", line 144, in coro
    await self.app(scope, receive_or_disconnect, send_no_error)
  File "C:\dev\GitHub\eco-price-ai\backend\venv\Lib\site-packages\starlette\middleware\cors.py", line 96, in __call__
    await self.simple_response(scope, receive, send, request_headers=headers)
  File "C:\dev\GitHub\eco-price-ai\backend\venv\Lib\site-packages\starlette\middleware\cors.py", line 154, in simple_response
    await self.app(scope, receive, send)
  File "C:\dev\GitHub\eco-price-ai\backend\venv\Lib\site-packages\starlette\middleware\exceptions.py", line 63, in __call__
    await wrap_app_handling_exceptions(self.app, conn)(scope, receive, send)
  File "C:\dev\GitHub\eco-price-ai\backend\venv\Lib\site-packages\starlette\_exception_handler.py", line 53, in wrapped_app
    raise exc
  File "C:\dev\GitHub\eco-price-ai\backend\venv\Lib\site-packages\starlette\_exception_handler.py", line 42, in wrapped_app
    await app(scope, receive, sender)
  File "C:\dev\GitHub\eco-price-ai\backend\venv\Lib\site-packages\fastapi\middleware\asyncexitstack.py", line 18, in __call__
    await self.app(scope, receive, send)
  File "C:\dev\GitHub\eco-price-ai\backend\venv\Lib\site-packages\starlette\routing.py", line 660, in __call__
    await self.middleware_stack(scope, receive, send)
  File "C:\dev\GitHub\eco-price-ai\backend\venv\Lib\site-packages\starlette\routing.py", line 680, in app
    await route.handle(scope, receive, send)
  File "C:\dev\GitHub\eco-price-ai\backend\venv\Lib\site-packages\starlette\routing.py", line 276, in handle
    await self.app(scope, receive, send)
  File "C:\dev\GitHub\eco-price-ai\backend\venv\Lib\site-packages\fastapi\routing.py", line 134, in app
    await wrap_app_handling_exceptions(app, request)(scope, receive, send)
  File "C:\dev\GitHub\eco-price-ai\backend\venv\Lib\site-packages\starlette\_exception_handler.py", line 53, in wrapped_app
    raise exc
  File "C:\dev\GitHub\eco-price-ai\backend\venv\Lib\site-packages\starlette\_exception_handler.py", line 42, in wrapped_app
    await app(scope, receive, sender)
  File "C:\dev\GitHub\eco-price-ai\backend\venv\Lib\site-packages\fastapi\routing.py", line 120, in app
    response = await f(request)
               ^^^^^^^^^^^^^^^^
  File "C:\dev\GitHub\eco-price-ai\backend\venv\Lib\site-packages\fastapi\routing.py", line 695, in app
    content = await serialize_response(
              ^^^^^^^^^^^^^^^^^^^^^^^^^
  File "C:\dev\GitHub\eco-price-ai\backend\venv\Lib\site-packages\fastapi\routing.py", line 300, in serialize_response
    raise ResponseValidationError(
fastapi.exceptions.ResponseValidationError: 3 validation errors:
  {'type': 'dict_type', 'loc': ('response', 'instructions', 'dict[any,any]'), 'msg': 'Input should be a valid dictionary', 'input': ['재료를 깨끗이 씻어 준비합니다.', '팬에 기름을 두르고 마늘을 볶습니다.', '오뚜기 크림스프(80g), 서울우유 흰우유(1L)를 넣고 중불에서 5분간 볶습니다.', '소금으로 간을 맞추고 참기름을 넣어 완성합니다.']}
  {'type': 'string_type', 'loc': ('response', 'instructions', 'str'), 'msg': 'Input should be a valid string', 'input': ['재료를 깨끗이 씻어 준비합니다.', '팬에 기름을 두르고 마늘을 볶습니다.', '오뚜기 크림스프(80g), 서울우유 흰우유(1L)를 넣고 중불에서 5분간 볶습니다.', '소금으로 간을 맞추고 참기름을 넣어 완성합니다.']}
  {'type': 'string_type', 'loc': ('response', 'created_at'), 'msg': 'Input should be a valid string', 'input': datetime.datetime(2026, 5, 30, 7, 17, 42, 237449)}

  File "C:\dev\GitHub\eco-price-ai\backend\main.py", line 172, in create_ai_recipe
    POST /api/ai/recipe
2026-05-30 17:28:23,851 - main - INFO - FastAPI 애플리케이션 시작
2026-05-30 17:29:28,588 - main - INFO - [요청 시작] GET /items | 클라이언트: 127.0.0.1 | ID: 2026-05-30T17:29:28.588627
2026-05-30 17:29:28,592 - main - INFO - 마켓 가격 조회 요청: 검색어='None'
2026-05-30 17:29:28,601 - main - INFO - 마켓 가격 조회 완료: 50개 항목 반환 (DB 500개 중 비식품 제외, 최대 50개 제한)
2026-05-30 17:29:28,602 - main - INFO - [요청 완료] GET /items | 상태코드: 200 | ID: 2026-05-30T17:29:28.588627
2026-05-30 17:29:28,604 - main - INFO - [요청 시작] GET /items | 클라이언트: 127.0.0.1 | ID: 2026-05-30T17:29:28.604799
2026-05-30 17:29:28,604 - main - INFO - 마켓 가격 조회 요청: 검색어='None'
2026-05-30 17:29:28,613 - main - INFO - 마켓 가격 조회 완료: 50개 항목 반환 (DB 500개 중 비식품 제외, 최대 50개 제한)
2026-05-30 17:29:28,614 - main - INFO - [요청 완료] GET /items | 상태코드: 200 | ID: 2026-05-30T17:29:28.604799
2026-05-30 17:31:14,955 - main - INFO - [요청 시작] OPTIONS /api/ai/recipe | 클라이언트: 127.0.0.1 | ID: 2026-05-30T17:31:14.955603
2026-05-30 17:31:14,956 - main - INFO - [요청 완료] OPTIONS /api/ai/recipe | 상태코드: 200 | ID: 2026-05-30T17:31:14.955603
2026-05-30 17:31:14,957 - main - INFO - [요청 시작] POST /api/ai/recipe | 클라이언트: 127.0.0.1 | ID: 2026-05-30T17:31:14.957931
2026-05-30 17:31:14,960 - main - INFO - AI 레시피 생성 요청: 재료=['오뚜기 크림스프(80g)', '서울우유 흰우유(1L)']
2026-05-30 17:31:14,960 - services.ai_service - INFO - 레시피 생성 시작: 재료=['오뚜기 크림스프(80g)', '서울우유 흰우유(1L)']
2026-05-30 17:31:14,960 - google_genai.models - INFO - AFC is enabled with max remote calls: 10.
2026-05-30 17:31:15,386 - httpx - INFO - HTTP Request: POST https://generativelanguage.googleapis.com/v1beta/models/gemini-2.0-flash:generateContent "HTTP/1.1 404 Not Found"
2026-05-30 17:31:15,387 - main - ERROR - AI 레시피 생성 중 심각한 오류 발생: 404 NOT_FOUND. {'error': {'code': 404, 'message': 'This model models/gemini-2.0-flash is no longer available to new users. Please update your code to use a newer model for the latest features and improvements.', 'status': 'NOT_FOUND'}}
Traceback (most recent call last):
  File "C:\dev\GitHub\eco-price-ai\backend\main.py", line 189, in create_ai_recipe
    recipe_data = generate_recipe(request.ingredients)
                  ^^^^^^^^^^^^^^^^^^^^^^^^^^^^^^^^^^^^
  File "C:\dev\GitHub\eco-price-ai\backend\services\ai_service.py", line 72, in generate_recipe
    response = _genai_client.models.generate_content(
               ^^^^^^^^^^^^^^^^^^^^^^^^^^^^^^^^^^^^^^
  File "C:\Users\heee1\AppData\Local\Programs\Python\Python312\Lib\site-packages\google\genai\models.py", line 6405, in generate_content
    response = self._generate_content(
               ^^^^^^^^^^^^^^^^^^^^^^^
  File "C:\Users\heee1\AppData\Local\Programs\Python\Python312\Lib\site-packages\google\genai\models.py", line 4841, in _generate_content
    response = self._api_client.request(
               ^^^^^^^^^^^^^^^^^^^^^^^^^
  File "C:\Users\heee1\AppData\Local\Programs\Python\Python312\Lib\site-packages\google\genai\_api_client.py", line 1611, in request
    response = self._request(http_request, http_options, stream=False)
               ^^^^^^^^^^^^^^^^^^^^^^^^^^^^^^^^^^^^^^^^^^^^^^^^^^^^^^^
  File "C:\Users\heee1\AppData\Local\Programs\Python\Python312\Lib\site-packages\google\genai\_api_client.py", line 1404, in _request
    return self._retry(self._request_once, http_request, stream)  # type: ignore[no-any-return]
           ^^^^^^^^^^^^^^^^^^^^^^^^^^^^^^^^^^^^^^^^^^^^^^^^^^^^^
  File "C:\Users\heee1\AppData\Local\Programs\Python\Python312\Lib\site-packages\tenacity\__init__.py", line 470, in __call__
    do = self.iter(retry_state=retry_state)
         ^^^^^^^^^^^^^^^^^^^^^^^^^^^^^^^^^^
  File "C:\Users\heee1\AppData\Local\Programs\Python\Python312\Lib\site-packages\tenacity\__init__.py", line 371, in iter
    result = action(retry_state)
             ^^^^^^^^^^^^^^^^^^^
  File "C:\Users\heee1\AppData\Local\Programs\Python\Python312\Lib\site-packages\tenacity\__init__.py", line 413, in exc_check
    raise retry_exc.reraise()
          ^^^^^^^^^^^^^^^^^^^
  File "C:\Users\heee1\AppData\Local\Programs\Python\Python312\Lib\site-packages\tenacity\__init__.py", line 184, in reraise
    raise self.last_attempt.result()
          ^^^^^^^^^^^^^^^^^^^^^^^^^^
  File "C:\Users\heee1\AppData\Local\Programs\Python\Python312\Lib\concurrent\futures\_base.py", line 449, in result
    return self.__get_result()
           ^^^^^^^^^^^^^^^^^^^
  File "C:\Users\heee1\AppData\Local\Programs\Python\Python312\Lib\concurrent\futures\_base.py", line 401, in __get_result
    raise self._exception
  File "C:\Users\heee1\AppData\Local\Programs\Python\Python312\Lib\site-packages\tenacity\__init__.py", line 473, in __call__
    result = fn(*args, **kwargs)
             ^^^^^^^^^^^^^^^^^^^
  File "C:\Users\heee1\AppData\Local\Programs\Python\Python312\Lib\site-packages\google\genai\_api_client.py", line 1381, in _request_once
    errors.APIError.raise_for_response(response)
  File "C:\Users\heee1\AppData\Local\Programs\Python\Python312\Lib\site-packages\google\genai\errors.py", line 155, in raise_for_response
    cls.raise_error(response.status_code, response_json, response)
  File "C:\Users\heee1\AppData\Local\Programs\Python\Python312\Lib\site-packages\google\genai\errors.py", line 184, in raise_error
    raise ClientError(status_code, response_json, response)
google.genai.errors.ClientError: 404 NOT_FOUND. {'error': {'code': 404, 'message': 'This model models/gemini-2.0-flash is no longer available to new users. Please update your code to use a newer model for the latest features and improvements.', 'status': 'NOT_FOUND'}}
2026-05-30 17:31:15,415 - database - ERROR - 데이터베이스 세션 중 오류 발생: 500: 레시피 생성 오류: 404 NOT_FOUND. {'error': {'code': 404, 'message': 'This model models/gemini-2.0-flash is no longer available to new users. Please update your code to use a newer model for the latest features and improvements.', 'status': 'NOT_FOUND'}}
Traceback (most recent call last):
  File "C:\dev\GitHub\eco-price-ai\backend\main.py", line 189, in create_ai_recipe
    recipe_data = generate_recipe(request.ingredients)
                  ^^^^^^^^^^^^^^^^^^^^^^^^^^^^^^^^^^^^
  File "C:\dev\GitHub\eco-price-ai\backend\services\ai_service.py", line 72, in generate_recipe
    response = _genai_client.models.generate_content(
               ^^^^^^^^^^^^^^^^^^^^^^^^^^^^^^^^^^^^^^
  File "C:\Users\heee1\AppData\Local\Programs\Python\Python312\Lib\site-packages\google\genai\models.py", line 6405, in generate_content
    response = self._generate_content(
               ^^^^^^^^^^^^^^^^^^^^^^^
  File "C:\Users\heee1\AppData\Local\Programs\Python\Python312\Lib\site-packages\google\genai\models.py", line 4841, in _generate_content
    response = self._api_client.request(
               ^^^^^^^^^^^^^^^^^^^^^^^^^
  File "C:\Users\heee1\AppData\Local\Programs\Python\Python312\Lib\site-packages\google\genai\_api_client.py", line 1611, in request
    response = self._request(http_request, http_options, stream=False)
               ^^^^^^^^^^^^^^^^^^^^^^^^^^^^^^^^^^^^^^^^^^^^^^^^^^^^^^^
  File "C:\Users\heee1\AppData\Local\Programs\Python\Python312\Lib\site-packages\google\genai\_api_client.py", line 1404, in _request
    return self._retry(self._request_once, http_request, stream)  # type: ignore[no-any-return]
           ^^^^^^^^^^^^^^^^^^^^^^^^^^^^^^^^^^^^^^^^^^^^^^^^^^^^^
  File "C:\Users\heee1\AppData\Local\Programs\Python\Python312\Lib\site-packages\tenacity\__init__.py", line 470, in __call__
    do = self.iter(retry_state=retry_state)
         ^^^^^^^^^^^^^^^^^^^^^^^^^^^^^^^^^^
  File "C:\Users\heee1\AppData\Local\Programs\Python\Python312\Lib\site-packages\tenacity\__init__.py", line 371, in iter
    result = action(retry_state)
             ^^^^^^^^^^^^^^^^^^^
  File "C:\Users\heee1\AppData\Local\Programs\Python\Python312\Lib\site-packages\tenacity\__init__.py", line 413, in exc_check
    raise retry_exc.reraise()
          ^^^^^^^^^^^^^^^^^^^
  File "C:\Users\heee1\AppData\Local\Programs\Python\Python312\Lib\site-packages\tenacity\__init__.py", line 184, in reraise
    raise self.last_attempt.result()
          ^^^^^^^^^^^^^^^^^^^^^^^^^^
  File "C:\Users\heee1\AppData\Local\Programs\Python\Python312\Lib\concurrent\futures\_base.py", line 449, in result
    return self.__get_result()
           ^^^^^^^^^^^^^^^^^^^
  File "C:\Users\heee1\AppData\Local\Programs\Python\Python312\Lib\concurrent\futures\_base.py", line 401, in __get_result
    raise self._exception
  File "C:\Users\heee1\AppData\Local\Programs\Python\Python312\Lib\site-packages\tenacity\__init__.py", line 473, in __call__
    result = fn(*args, **kwargs)
             ^^^^^^^^^^^^^^^^^^^
  File "C:\Users\heee1\AppData\Local\Programs\Python\Python312\Lib\site-packages\google\genai\_api_client.py", line 1381, in _request_once
    errors.APIError.raise_for_response(response)
  File "C:\Users\heee1\AppData\Local\Programs\Python\Python312\Lib\site-packages\google\genai\errors.py", line 155, in raise_for_response
    cls.raise_error(response.status_code, response_json, response)
  File "C:\Users\heee1\AppData\Local\Programs\Python\Python312\Lib\site-packages\google\genai\errors.py", line 184, in raise_error
    raise ClientError(status_code, response_json, response)
google.genai.errors.ClientError: 404 NOT_FOUND. {'error': {'code': 404, 'message': 'This model models/gemini-2.0-flash is no longer available to new users. Please update your code to use a newer model for the latest features and improvements.', 'status': 'NOT_FOUND'}}

During handling of the above exception, another exception occurred:

Traceback (most recent call last):
  File "C:\dev\GitHub\eco-price-ai\backend\database.py", line 53, in get_db
    yield db
  File "C:\Users\heee1\AppData\Local\Programs\Python\Python312\Lib\site-packages\fastapi\concurrency.py", line 29, in contextmanager_in_threadpool
    yield await run_in_threadpool(cm.__enter__)
  File "C:\Users\heee1\AppData\Local\Programs\Python\Python312\Lib\site-packages\fastapi\routing.py", line 120, in app
    response = await f(request)
               ^^^^^^^^^^^^^^^^
  File "C:\Users\heee1\AppData\Local\Programs\Python\Python312\Lib\site-packages\fastapi\routing.py", line 674, in app
    raw_response = await run_endpoint_function(
                   ^^^^^^^^^^^^^^^^^^^^^^^^^^^^
  File "C:\Users\heee1\AppData\Local\Programs\Python\Python312\Lib\site-packages\fastapi\routing.py", line 330, in run_endpoint_function
    return await run_in_threadpool(dependant.call, **values)
           ^^^^^^^^^^^^^^^^^^^^^^^^^^^^^^^^^^^^^^^^^^^^^^^^^
  File "C:\Users\heee1\AppData\Local\Programs\Python\Python312\Lib\site-packages\starlette\concurrency.py", line 32, in run_in_threadpool
    return await anyio.to_thread.run_sync(func)
           ^^^^^^^^^^^^^^^^^^^^^^^^^^^^^^^^^^^^
  File "C:\Users\heee1\AppData\Local\Programs\Python\Python312\Lib\site-packages\anyio\to_thread.py", line 63, in run_sync
    return await get_async_backend().run_sync_in_worker_thread(
           ^^^^^^^^^^^^^^^^^^^^^^^^^^^^^^^^^^^^^^^^^^^^^^^^^^^^
  File "C:\Users\heee1\AppData\Local\Programs\Python\Python312\Lib\site-packages\anyio\_backends\_asyncio.py", line 2518, in run_sync_in_worker_thread
    return await future
           ^^^^^^^^^^^^
  File "C:\Users\heee1\AppData\Local\Programs\Python\Python312\Lib\site-packages\anyio\_backends\_asyncio.py", line 1002, in run
    result = context.run(func, *args)
             ^^^^^^^^^^^^^^^^^^^^^^^^
  File "C:\dev\GitHub\eco-price-ai\backend\main.py", line 221, in create_ai_recipe
    raise HTTPException(status_code=500, detail=f"레시피 생성 오류: {str(e)}")
fastapi.exceptions.HTTPException: 500: 레시피 생성 오류: 404 NOT_FOUND. {'error': {'code': 404, 'message': 'This model models/gemini-2.0-flash is no longer available to new users. Please update your code to use a newer model for the latest features and improvements.', 'status': 'NOT_FOUND'}}
2026-05-30 17:31:15,443 - main - INFO - [요청 완료] POST /api/ai/recipe | 상태코드: 500 | ID: 2026-05-30T17:31:14.957931
2026-05-30 17:31:41,367 - main - INFO - [요청 시작] POST /api/ai/recipe | 클라이언트: 127.0.0.1 | ID: 2026-05-30T17:31:41.367272
2026-05-30 17:31:41,368 - main - INFO - AI 레시피 생성 요청: 재료=['오뚜기 크림스프(80g)', '서울우유 흰우유(1L)']
2026-05-30 17:31:41,368 - services.ai_service - INFO - 레시피 생성 시작: 재료=['오뚜기 크림스프(80g)', '서울우유 흰우유(1L)']
2026-05-30 17:31:41,368 - google_genai.models - INFO - AFC is enabled with max remote calls: 10.
2026-05-30 17:31:41,780 - httpx - INFO - HTTP Request: POST https://generativelanguage.googleapis.com/v1beta/models/gemini-2.0-flash:generateContent "HTTP/1.1 404 Not Found"
2026-05-30 17:31:41,780 - main - ERROR - AI 레시피 생성 중 심각한 오류 발생: 404 NOT_FOUND. {'error': {'code': 404, 'message': 'This model models/gemini-2.0-flash is no longer available to new users. Please update your code to use a newer model for the latest features and improvements.', 'status': 'NOT_FOUND'}}
Traceback (most recent call last):
  File "C:\dev\GitHub\eco-price-ai\backend\main.py", line 189, in create_ai_recipe
    recipe_data = generate_recipe(request.ingredients)
                  ^^^^^^^^^^^^^^^^^^^^^^^^^^^^^^^^^^^^
  File "C:\dev\GitHub\eco-price-ai\backend\services\ai_service.py", line 72, in generate_recipe
    response = _genai_client.models.generate_content(
               ^^^^^^^^^^^^^^^^^^^^^^^^^^^^^^^^^^^^^^
  File "C:\Users\heee1\AppData\Local\Programs\Python\Python312\Lib\site-packages\google\genai\models.py", line 6405, in generate_content
    response = self._generate_content(
               ^^^^^^^^^^^^^^^^^^^^^^^
  File "C:\Users\heee1\AppData\Local\Programs\Python\Python312\Lib\site-packages\google\genai\models.py", line 4841, in _generate_content
    response = self._api_client.request(
               ^^^^^^^^^^^^^^^^^^^^^^^^^
  File "C:\Users\heee1\AppData\Local\Programs\Python\Python312\Lib\site-packages\google\genai\_api_client.py", line 1611, in request
    response = self._request(http_request, http_options, stream=False)
               ^^^^^^^^^^^^^^^^^^^^^^^^^^^^^^^^^^^^^^^^^^^^^^^^^^^^^^^
  File "C:\Users\heee1\AppData\Local\Programs\Python\Python312\Lib\site-packages\google\genai\_api_client.py", line 1404, in _request
    return self._retry(self._request_once, http_request, stream)  # type: ignore[no-any-return]
           ^^^^^^^^^^^^^^^^^^^^^^^^^^^^^^^^^^^^^^^^^^^^^^^^^^^^^
  File "C:\Users\heee1\AppData\Local\Programs\Python\Python312\Lib\site-packages\tenacity\__init__.py", line 470, in __call__
    do = self.iter(retry_state=retry_state)
         ^^^^^^^^^^^^^^^^^^^^^^^^^^^^^^^^^^
  File "C:\Users\heee1\AppData\Local\Programs\Python\Python312\Lib\site-packages\tenacity\__init__.py", line 371, in iter
    result = action(retry_state)
             ^^^^^^^^^^^^^^^^^^^
  File "C:\Users\heee1\AppData\Local\Programs\Python\Python312\Lib\site-packages\tenacity\__init__.py", line 413, in exc_check
    raise retry_exc.reraise()
          ^^^^^^^^^^^^^^^^^^^
  File "C:\Users\heee1\AppData\Local\Programs\Python\Python312\Lib\site-packages\tenacity\__init__.py", line 184, in reraise
    raise self.last_attempt.result()
          ^^^^^^^^^^^^^^^^^^^^^^^^^^
  File "C:\Users\heee1\AppData\Local\Programs\Python\Python312\Lib\concurrent\futures\_base.py", line 449, in result
    return self.__get_result()
           ^^^^^^^^^^^^^^^^^^^
  File "C:\Users\heee1\AppData\Local\Programs\Python\Python312\Lib\concurrent\futures\_base.py", line 401, in __get_result
    raise self._exception
  File "C:\Users\heee1\AppData\Local\Programs\Python\Python312\Lib\site-packages\tenacity\__init__.py", line 473, in __call__
    result = fn(*args, **kwargs)
             ^^^^^^^^^^^^^^^^^^^
  File "C:\Users\heee1\AppData\Local\Programs\Python\Python312\Lib\site-packages\google\genai\_api_client.py", line 1381, in _request_once
    errors.APIError.raise_for_response(response)
  File "C:\Users\heee1\AppData\Local\Programs\Python\Python312\Lib\site-packages\google\genai\errors.py", line 155, in raise_for_response
    cls.raise_error(response.status_code, response_json, response)
  File "C:\Users\heee1\AppData\Local\Programs\Python\Python312\Lib\site-packages\google\genai\errors.py", line 184, in raise_error
    raise ClientError(status_code, response_json, response)
google.genai.errors.ClientError: 404 NOT_FOUND. {'error': {'code': 404, 'message': 'This model models/gemini-2.0-flash is no longer available to new users. Please update your code to use a newer model for the latest features and improvements.', 'status': 'NOT_FOUND'}}
2026-05-30 17:31:41,788 - database - ERROR - 데이터베이스 세션 중 오류 발생: 500: 레시피 생성 오류: 404 NOT_FOUND. {'error': {'code': 404, 'message': 'This model models/gemini-2.0-flash is no longer available to new users. Please update your code to use a newer model for the latest features and improvements.', 'status': 'NOT_FOUND'}}
Traceback (most recent call last):
  File "C:\dev\GitHub\eco-price-ai\backend\main.py", line 189, in create_ai_recipe
    recipe_data = generate_recipe(request.ingredients)
                  ^^^^^^^^^^^^^^^^^^^^^^^^^^^^^^^^^^^^
  File "C:\dev\GitHub\eco-price-ai\backend\services\ai_service.py", line 72, in generate_recipe
    response = _genai_client.models.generate_content(
               ^^^^^^^^^^^^^^^^^^^^^^^^^^^^^^^^^^^^^^
  File "C:\Users\heee1\AppData\Local\Programs\Python\Python312\Lib\site-packages\google\genai\models.py", line 6405, in generate_content
    response = self._generate_content(
               ^^^^^^^^^^^^^^^^^^^^^^^
  File "C:\Users\heee1\AppData\Local\Programs\Python\Python312\Lib\site-packages\google\genai\models.py", line 4841, in _generate_content
    response = self._api_client.request(
               ^^^^^^^^^^^^^^^^^^^^^^^^^
  File "C:\Users\heee1\AppData\Local\Programs\Python\Python312\Lib\site-packages\google\genai\_api_client.py", line 1611, in request
    response = self._request(http_request, http_options, stream=False)
               ^^^^^^^^^^^^^^^^^^^^^^^^^^^^^^^^^^^^^^^^^^^^^^^^^^^^^^^
  File "C:\Users\heee1\AppData\Local\Programs\Python\Python312\Lib\site-packages\google\genai\_api_client.py", line 1404, in _request
    return self._retry(self._request_once, http_request, stream)  # type: ignore[no-any-return]
           ^^^^^^^^^^^^^^^^^^^^^^^^^^^^^^^^^^^^^^^^^^^^^^^^^^^^^
  File "C:\Users\heee1\AppData\Local\Programs\Python\Python312\Lib\site-packages\tenacity\__init__.py", line 470, in __call__
    do = self.iter(retry_state=retry_state)
         ^^^^^^^^^^^^^^^^^^^^^^^^^^^^^^^^^^
  File "C:\Users\heee1\AppData\Local\Programs\Python\Python312\Lib\site-packages\tenacity\__init__.py", line 371, in iter
    result = action(retry_state)
             ^^^^^^^^^^^^^^^^^^^
  File "C:\Users\heee1\AppData\Local\Programs\Python\Python312\Lib\site-packages\tenacity\__init__.py", line 413, in exc_check
    raise retry_exc.reraise()
          ^^^^^^^^^^^^^^^^^^^
  File "C:\Users\heee1\AppData\Local\Programs\Python\Python312\Lib\site-packages\tenacity\__init__.py", line 184, in reraise
    raise self.last_attempt.result()
          ^^^^^^^^^^^^^^^^^^^^^^^^^^
  File "C:\Users\heee1\AppData\Local\Programs\Python\Python312\Lib\concurrent\futures\_base.py", line 449, in result
    return self.__get_result()
           ^^^^^^^^^^^^^^^^^^^
  File "C:\Users\heee1\AppData\Local\Programs\Python\Python312\Lib\concurrent\futures\_base.py", line 401, in __get_result
    raise self._exception
  File "C:\Users\heee1\AppData\Local\Programs\Python\Python312\Lib\site-packages\tenacity\__init__.py", line 473, in __call__
    result = fn(*args, **kwargs)
             ^^^^^^^^^^^^^^^^^^^
  File "C:\Users\heee1\AppData\Local\Programs\Python\Python312\Lib\site-packages\google\genai\_api_client.py", line 1381, in _request_once
    errors.APIError.raise_for_response(response)
  File "C:\Users\heee1\AppData\Local\Programs\Python\Python312\Lib\site-packages\google\genai\errors.py", line 155, in raise_for_response
    cls.raise_error(response.status_code, response_json, response)
  File "C:\Users\heee1\AppData\Local\Programs\Python\Python312\Lib\site-packages\google\genai\errors.py", line 184, in raise_error
    raise ClientError(status_code, response_json, response)
google.genai.errors.ClientError: 404 NOT_FOUND. {'error': {'code': 404, 'message': 'This model models/gemini-2.0-flash is no longer available to new users. Please update your code to use a newer model for the latest features and improvements.', 'status': 'NOT_FOUND'}}

During handling of the above exception, another exception occurred:

Traceback (most recent call last):
  File "C:\dev\GitHub\eco-price-ai\backend\database.py", line 53, in get_db
    yield db
  File "C:\Users\heee1\AppData\Local\Programs\Python\Python312\Lib\site-packages\fastapi\concurrency.py", line 29, in contextmanager_in_threadpool
    yield await run_in_threadpool(cm.__enter__)
  File "C:\Users\heee1\AppData\Local\Programs\Python\Python312\Lib\site-packages\fastapi\routing.py", line 120, in app
    response = await f(request)
               ^^^^^^^^^^^^^^^^
  File "C:\Users\heee1\AppData\Local\Programs\Python\Python312\Lib\site-packages\fastapi\routing.py", line 674, in app
    raw_response = await run_endpoint_function(
                   ^^^^^^^^^^^^^^^^^^^^^^^^^^^^
  File "C:\Users\heee1\AppData\Local\Programs\Python\Python312\Lib\site-packages\fastapi\routing.py", line 330, in run_endpoint_function
    return await run_in_threadpool(dependant.call, **values)
           ^^^^^^^^^^^^^^^^^^^^^^^^^^^^^^^^^^^^^^^^^^^^^^^^^
  File "C:\Users\heee1\AppData\Local\Programs\Python\Python312\Lib\site-packages\starlette\concurrency.py", line 32, in run_in_threadpool
    return await anyio.to_thread.run_sync(func)
           ^^^^^^^^^^^^^^^^^^^^^^^^^^^^^^^^^^^^
  File "C:\Users\heee1\AppData\Local\Programs\Python\Python312\Lib\site-packages\anyio\to_thread.py", line 63, in run_sync
    return await get_async_backend().run_sync_in_worker_thread(
           ^^^^^^^^^^^^^^^^^^^^^^^^^^^^^^^^^^^^^^^^^^^^^^^^^^^^
  File "C:\Users\heee1\AppData\Local\Programs\Python\Python312\Lib\site-packages\anyio\_backends\_asyncio.py", line 2518, in run_sync_in_worker_thread
    return await future
           ^^^^^^^^^^^^
  File "C:\Users\heee1\AppData\Local\Programs\Python\Python312\Lib\site-packages\anyio\_backends\_asyncio.py", line 1002, in run
    result = context.run(func, *args)
             ^^^^^^^^^^^^^^^^^^^^^^^^
  File "C:\dev\GitHub\eco-price-ai\backend\main.py", line 221, in create_ai_recipe
    raise HTTPException(status_code=500, detail=f"레시피 생성 오류: {str(e)}")
fastapi.exceptions.HTTPException: 500: 레시피 생성 오류: 404 NOT_FOUND. {'error': {'code': 404, 'message': 'This model models/gemini-2.0-flash is no longer available to new users. Please update your code to use a newer model for the latest features and improvements.', 'status': 'NOT_FOUND'}}
2026-05-30 17:31:41,790 - main - INFO - [요청 완료] POST /api/ai/recipe | 상태코드: 500 | ID: 2026-05-30T17:31:41.367272
2026-05-30 20:54:46,522 - main - INFO - FastAPI 애플리케이션 시작
2026-05-30 20:54:48,090 - main - INFO - FastAPI 애플리케이션 시작
2026-05-30 20:55:09,891 - main - INFO - [요청 시작] GET /api/storage/사과 | 클라이언트: 127.0.0.1 | ID: 2026-05-30T20:55:09.891732
2026-05-30 20:55:09,895 - main - INFO - 보관 가이드 조회 요청: item_name=사과
2026-05-30 20:55:09,903 - main - INFO - 새로운 보관 가이드 생성 시작: item_name=사과
2026-05-30 20:55:09,927 - services.ai_service - INFO - [generate_storage_guide] Gemini API 호출 시작 (model=gemini-2.0-flash)
2026-05-30 20:55:09,928 - google_genai.models - INFO - AFC is enabled with max remote calls: 10.
2026-05-30 20:55:10,384 - httpx - INFO - HTTP Request: POST https://generativelanguage.googleapis.com/v1beta/models/gemini-2.0-flash:generateContent "HTTP/1.1 404 Not Found"
2026-05-30 20:55:10,387 - services.ai_service - ERROR - [generate_storage_guide] Gemini API 호출 실패! 에러 타입: ClientError | 메시지: 404 NOT_FOUND. {'error': {'code': 404, 'message': 'This model models/gemini-2.0-flash is no longer available to new users. Please update your code to use a newer model for the latest features and improvements.', 'status': 'NOT_FOUND'}}
Traceback (most recent call last):
  File "C:\dev\GitHub\eco-price-ai\backend\services\ai_service.py", line 134, in generate_storage_guide
    response = _genai_client.models.generate_content(
               ^^^^^^^^^^^^^^^^^^^^^^^^^^^^^^^^^^^^^^
  File "C:\dev\GitHub\eco-price-ai\backend\venv\Lib\site-packages\google\genai\models.py", line 6454, in generate_content
    response = self._generate_content(
               ^^^^^^^^^^^^^^^^^^^^^^^
  File "C:\dev\GitHub\eco-price-ai\backend\venv\Lib\site-packages\google\genai\models.py", line 4890, in _generate_content
    response = self._api_client.request(
               ^^^^^^^^^^^^^^^^^^^^^^^^^
  File "C:\dev\GitHub\eco-price-ai\backend\venv\Lib\site-packages\google\genai\_api_client.py", line 1611, in request
    response = self._request(http_request, http_options, stream=False)
               ^^^^^^^^^^^^^^^^^^^^^^^^^^^^^^^^^^^^^^^^^^^^^^^^^^^^^^^
  File "C:\dev\GitHub\eco-price-ai\backend\venv\Lib\site-packages\google\genai\_api_client.py", line 1404, in _request
    return self._retry(self._request_once, http_request, stream)  # type: ignore[no-any-return]
           ^^^^^^^^^^^^^^^^^^^^^^^^^^^^^^^^^^^^^^^^^^^^^^^^^^^^^
  File "C:\dev\GitHub\eco-price-ai\backend\venv\Lib\site-packages\tenacity\__init__.py", line 470, in __call__
    do = self.iter(retry_state=retry_state)
         ^^^^^^^^^^^^^^^^^^^^^^^^^^^^^^^^^^
  File "C:\dev\GitHub\eco-price-ai\backend\venv\Lib\site-packages\tenacity\__init__.py", line 371, in iter
    result = action(retry_state)
             ^^^^^^^^^^^^^^^^^^^
  File "C:\dev\GitHub\eco-price-ai\backend\venv\Lib\site-packages\tenacity\__init__.py", line 413, in exc_check
    raise retry_exc.reraise()
          ^^^^^^^^^^^^^^^^^^^
  File "C:\dev\GitHub\eco-price-ai\backend\venv\Lib\site-packages\tenacity\__init__.py", line 184, in reraise
    raise self.last_attempt.result()
          ^^^^^^^^^^^^^^^^^^^^^^^^^^
  File "C:\Users\heee1\AppData\Local\Programs\Python\Python312\Lib\concurrent\futures\_base.py", line 449, in result
    return self.__get_result()
           ^^^^^^^^^^^^^^^^^^^
  File "C:\Users\heee1\AppData\Local\Programs\Python\Python312\Lib\concurrent\futures\_base.py", line 401, in __get_result
    raise self._exception
  File "C:\dev\GitHub\eco-price-ai\backend\venv\Lib\site-packages\tenacity\__init__.py", line 473, in __call__
    result = fn(*args, **kwargs)
             ^^^^^^^^^^^^^^^^^^^
  File "C:\dev\GitHub\eco-price-ai\backend\venv\Lib\site-packages\google\genai\_api_client.py", line 1381, in _request_once
    errors.APIError.raise_for_response(response)
  File "C:\dev\GitHub\eco-price-ai\backend\venv\Lib\site-packages\google\genai\errors.py", line 155, in raise_for_response
    cls.raise_error(response.status_code, response_json, response)
  File "C:\dev\GitHub\eco-price-ai\backend\venv\Lib\site-packages\google\genai\errors.py", line 184, in raise_error
    raise ClientError(status_code, response_json, response)
google.genai.errors.ClientError: 404 NOT_FOUND. {'error': {'code': 404, 'message': 'This model models/gemini-2.0-flash is no longer available to new users. Please update your code to use a newer model for the latest features and improvements.', 'status': 'NOT_FOUND'}}
2026-05-30 20:55:10,395 - main - ERROR - 보관 가이드 생성 중 심각한 오류 발생: item_name=사과, 에러=Gemini API 호출 에러: 404 NOT_FOUND. {'error': {'code': 404, 'message': 'This model models/gemini-2.0-flash is no longer available to new users. Please update your code to use a newer model for the latest features and improvements.', 'status': 'NOT_FOUND'}}
Traceback (most recent call last):
  File "C:\dev\GitHub\eco-price-ai\backend\services\ai_service.py", line 134, in generate_storage_guide
    response = _genai_client.models.generate_content(
               ^^^^^^^^^^^^^^^^^^^^^^^^^^^^^^^^^^^^^^
  File "C:\dev\GitHub\eco-price-ai\backend\venv\Lib\site-packages\google\genai\models.py", line 6454, in generate_content
    response = self._generate_content(
               ^^^^^^^^^^^^^^^^^^^^^^^
  File "C:\dev\GitHub\eco-price-ai\backend\venv\Lib\site-packages\google\genai\models.py", line 4890, in _generate_content
    response = self._api_client.request(
               ^^^^^^^^^^^^^^^^^^^^^^^^^
  File "C:\dev\GitHub\eco-price-ai\backend\venv\Lib\site-packages\google\genai\_api_client.py", line 1611, in request
    response = self._request(http_request, http_options, stream=False)
               ^^^^^^^^^^^^^^^^^^^^^^^^^^^^^^^^^^^^^^^^^^^^^^^^^^^^^^^
  File "C:\dev\GitHub\eco-price-ai\backend\venv\Lib\site-packages\google\genai\_api_client.py", line 1404, in _request
    return self._retry(self._request_once, http_request, stream)  # type: ignore[no-any-return]
           ^^^^^^^^^^^^^^^^^^^^^^^^^^^^^^^^^^^^^^^^^^^^^^^^^^^^^
  File "C:\dev\GitHub\eco-price-ai\backend\venv\Lib\site-packages\tenacity\__init__.py", line 470, in __call__
    do = self.iter(retry_state=retry_state)
         ^^^^^^^^^^^^^^^^^^^^^^^^^^^^^^^^^^
  File "C:\dev\GitHub\eco-price-ai\backend\venv\Lib\site-packages\tenacity\__init__.py", line 371, in iter
    result = action(retry_state)
             ^^^^^^^^^^^^^^^^^^^
  File "C:\dev\GitHub\eco-price-ai\backend\venv\Lib\site-packages\tenacity\__init__.py", line 413, in exc_check
    raise retry_exc.reraise()
          ^^^^^^^^^^^^^^^^^^^
  File "C:\dev\GitHub\eco-price-ai\backend\venv\Lib\site-packages\tenacity\__init__.py", line 184, in reraise
    raise self.last_attempt.result()
          ^^^^^^^^^^^^^^^^^^^^^^^^^^
  File "C:\Users\heee1\AppData\Local\Programs\Python\Python312\Lib\concurrent\futures\_base.py", line 449, in result
    return self.__get_result()
           ^^^^^^^^^^^^^^^^^^^
  File "C:\Users\heee1\AppData\Local\Programs\Python\Python312\Lib\concurrent\futures\_base.py", line 401, in __get_result
    raise self._exception
  File "C:\dev\GitHub\eco-price-ai\backend\venv\Lib\site-packages\tenacity\__init__.py", line 473, in __call__
    result = fn(*args, **kwargs)
             ^^^^^^^^^^^^^^^^^^^
  File "C:\dev\GitHub\eco-price-ai\backend\venv\Lib\site-packages\google\genai\_api_client.py", line 1381, in _request_once
    errors.APIError.raise_for_response(response)
  File "C:\dev\GitHub\eco-price-ai\backend\venv\Lib\site-packages\google\genai\errors.py", line 155, in raise_for_response
    cls.raise_error(response.status_code, response_json, response)
  File "C:\dev\GitHub\eco-price-ai\backend\venv\Lib\site-packages\google\genai\errors.py", line 184, in raise_error
    raise ClientError(status_code, response_json, response)
google.genai.errors.ClientError: 404 NOT_FOUND. {'error': {'code': 404, 'message': 'This model models/gemini-2.0-flash is no longer available to new users. Please update your code to use a newer model for the latest features and improvements.', 'status': 'NOT_FOUND'}}

During handling of the above exception, another exception occurred:

Traceback (most recent call last):
  File "C:\dev\GitHub\eco-price-ai\backend\main.py", line 254, in get_storage_guide
    storage_data = generate_storage_guide(item_name)
                   ^^^^^^^^^^^^^^^^^^^^^^^^^^^^^^^^^
  File "C:\dev\GitHub\eco-price-ai\backend\services\ai_service.py", line 147, in generate_storage_guide
    raise Exception(f"Gemini API 호출 에러: {e}")
Exception: Gemini API 호출 에러: 404 NOT_FOUND. {'error': {'code': 404, 'message': 'This model models/gemini-2.0-flash is no longer available to new users. Please update your code to use a newer model for the latest features and improvements.', 'status': 'NOT_FOUND'}}
2026-05-30 20:55:10,397 - database - ERROR - 데이터베이스 세션 중 오류 발생: 500: 보관 가이드 생성 오류: Gemini API 호출 에러: 404 NOT_FOUND. {'error': {'code': 404, 'message': 'This model models/gemini-2.0-flash is no longer available to new users. Please update your code to use a newer model for the latest features and improvements.', 'status': 'NOT_FOUND'}}
Traceback (most recent call last):
  File "C:\dev\GitHub\eco-price-ai\backend\services\ai_service.py", line 134, in generate_storage_guide
    response = _genai_client.models.generate_content(
               ^^^^^^^^^^^^^^^^^^^^^^^^^^^^^^^^^^^^^^
  File "C:\dev\GitHub\eco-price-ai\backend\venv\Lib\site-packages\google\genai\models.py", line 6454, in generate_content
    response = self._generate_content(
               ^^^^^^^^^^^^^^^^^^^^^^^
  File "C:\dev\GitHub\eco-price-ai\backend\venv\Lib\site-packages\google\genai\models.py", line 4890, in _generate_content
    response = self._api_client.request(
               ^^^^^^^^^^^^^^^^^^^^^^^^^
  File "C:\dev\GitHub\eco-price-ai\backend\venv\Lib\site-packages\google\genai\_api_client.py", line 1611, in request
    response = self._request(http_request, http_options, stream=False)
               ^^^^^^^^^^^^^^^^^^^^^^^^^^^^^^^^^^^^^^^^^^^^^^^^^^^^^^^
  File "C:\dev\GitHub\eco-price-ai\backend\venv\Lib\site-packages\google\genai\_api_client.py", line 1404, in _request
    return self._retry(self._request_once, http_request, stream)  # type: ignore[no-any-return]
           ^^^^^^^^^^^^^^^^^^^^^^^^^^^^^^^^^^^^^^^^^^^^^^^^^^^^^
  File "C:\dev\GitHub\eco-price-ai\backend\venv\Lib\site-packages\tenacity\__init__.py", line 470, in __call__
    do = self.iter(retry_state=retry_state)
         ^^^^^^^^^^^^^^^^^^^^^^^^^^^^^^^^^^
  File "C:\dev\GitHub\eco-price-ai\backend\venv\Lib\site-packages\tenacity\__init__.py", line 371, in iter
    result = action(retry_state)
             ^^^^^^^^^^^^^^^^^^^
  File "C:\dev\GitHub\eco-price-ai\backend\venv\Lib\site-packages\tenacity\__init__.py", line 413, in exc_check
    raise retry_exc.reraise()
          ^^^^^^^^^^^^^^^^^^^
  File "C:\dev\GitHub\eco-price-ai\backend\venv\Lib\site-packages\tenacity\__init__.py", line 184, in reraise
    raise self.last_attempt.result()
          ^^^^^^^^^^^^^^^^^^^^^^^^^^
  File "C:\Users\heee1\AppData\Local\Programs\Python\Python312\Lib\concurrent\futures\_base.py", line 449, in result
    return self.__get_result()
           ^^^^^^^^^^^^^^^^^^^
  File "C:\Users\heee1\AppData\Local\Programs\Python\Python312\Lib\concurrent\futures\_base.py", line 401, in __get_result
    raise self._exception
  File "C:\dev\GitHub\eco-price-ai\backend\venv\Lib\site-packages\tenacity\__init__.py", line 473, in __call__
    result = fn(*args, **kwargs)
             ^^^^^^^^^^^^^^^^^^^
  File "C:\dev\GitHub\eco-price-ai\backend\venv\Lib\site-packages\google\genai\_api_client.py", line 1381, in _request_once
    errors.APIError.raise_for_response(response)
  File "C:\dev\GitHub\eco-price-ai\backend\venv\Lib\site-packages\google\genai\errors.py", line 155, in raise_for_response
    cls.raise_error(response.status_code, response_json, response)
  File "C:\dev\GitHub\eco-price-ai\backend\venv\Lib\site-packages\google\genai\errors.py", line 184, in raise_error
    raise ClientError(status_code, response_json, response)
google.genai.errors.ClientError: 404 NOT_FOUND. {'error': {'code': 404, 'message': 'This model models/gemini-2.0-flash is no longer available to new users. Please update your code to use a newer model for the latest features and improvements.', 'status': 'NOT_FOUND'}}

During handling of the above exception, another exception occurred:

Traceback (most recent call last):
  File "C:\dev\GitHub\eco-price-ai\backend\main.py", line 254, in get_storage_guide
    storage_data = generate_storage_guide(item_name)
                   ^^^^^^^^^^^^^^^^^^^^^^^^^^^^^^^^^
  File "C:\dev\GitHub\eco-price-ai\backend\services\ai_service.py", line 147, in generate_storage_guide
    raise Exception(f"Gemini API 호출 에러: {e}")
Exception: Gemini API 호출 에러: 404 NOT_FOUND. {'error': {'code': 404, 'message': 'This model models/gemini-2.0-flash is no longer available to new users. Please update your code to use a newer model for the latest features and improvements.', 'status': 'NOT_FOUND'}}

During handling of the above exception, another exception occurred:

Traceback (most recent call last):
  File "C:\dev\GitHub\eco-price-ai\backend\database.py", line 53, in get_db
    yield db
  File "C:\dev\GitHub\eco-price-ai\backend\venv\Lib\site-packages\fastapi\concurrency.py", line 29, in contextmanager_in_threadpool
    yield await run_in_threadpool(cm.__enter__)
  File "C:\dev\GitHub\eco-price-ai\backend\venv\Lib\site-packages\fastapi\routing.py", line 120, in app
    response = await f(request)
               ^^^^^^^^^^^^^^^^
  File "C:\dev\GitHub\eco-price-ai\backend\venv\Lib\site-packages\fastapi\routing.py", line 674, in app
    raw_response = await run_endpoint_function(
                   ^^^^^^^^^^^^^^^^^^^^^^^^^^^^
  File "C:\dev\GitHub\eco-price-ai\backend\venv\Lib\site-packages\fastapi\routing.py", line 330, in run_endpoint_function
    return await run_in_threadpool(dependant.call, **values)
           ^^^^^^^^^^^^^^^^^^^^^^^^^^^^^^^^^^^^^^^^^^^^^^^^^
  File "C:\dev\GitHub\eco-price-ai\backend\venv\Lib\site-packages\starlette\concurrency.py", line 32, in run_in_threadpool
    return await anyio.to_thread.run_sync(func)
           ^^^^^^^^^^^^^^^^^^^^^^^^^^^^^^^^^^^^
  File "C:\dev\GitHub\eco-price-ai\backend\venv\Lib\site-packages\anyio\to_thread.py", line 63, in run_sync
    return await get_async_backend().run_sync_in_worker_thread(
           ^^^^^^^^^^^^^^^^^^^^^^^^^^^^^^^^^^^^^^^^^^^^^^^^^^^^
  File "C:\dev\GitHub\eco-price-ai\backend\venv\Lib\site-packages\anyio\_backends\_asyncio.py", line 2518, in run_sync_in_worker_thread
    return await future
           ^^^^^^^^^^^^
  File "C:\dev\GitHub\eco-price-ai\backend\venv\Lib\site-packages\anyio\_backends\_asyncio.py", line 1002, in run
    result = context.run(func, *args)
             ^^^^^^^^^^^^^^^^^^^^^^^^
  File "C:\dev\GitHub\eco-price-ai\backend\main.py", line 279, in get_storage_guide
    raise HTTPException(status_code=500, detail=f"보관 가이드 생성 오류: {str(e)}")
fastapi.exceptions.HTTPException: 500: 보관 가이드 생성 오류: Gemini API 호출 에러: 404 NOT_FOUND. {'error': {'code': 404, 'message': 'This model models/gemini-2.0-flash is no longer available to new users. Please update your code to use a newer model for the latest features and improvements.', 'status': 'NOT_FOUND'}}
2026-05-30 20:55:10,401 - main - INFO - [요청 완료] GET /api/storage/사과 | 상태코드: 500 | ID: 2026-05-30T20:55:09.891732
2026-05-31 09:37:25,535 - main - INFO - FastAPI 애플리케이션 시작
2026-05-31 09:37:27,114 - main - INFO - FastAPI 애플리케이션 시작
2026-05-31 09:37:37,838 - main - INFO - [요청 시작] GET /api/storage/양파 | 클라이언트: 127.0.0.1 | ID: 2026-05-31T09:37:37.838318
2026-05-31 09:37:37,841 - main - INFO - 보관 가이드 조회 요청: item_name=양파
2026-05-31 09:37:37,845 - main - INFO - 새로운 보관 가이드 생성 시작: item_name=양파
2026-05-31 09:37:37,875 - services.ai_service - INFO - [generate_storage_guide] Gemini API 호출 시작 (model=gemini-1.5-flash)
2026-05-31 09:37:37,875 - google_genai.models - INFO - AFC is enabled with max remote calls: 10.
2026-05-31 09:37:38,125 - httpx - INFO - HTTP Request: POST https://generativelanguage.googleapis.com/v1beta/models/gemini-1.5-flash:generateContent "HTTP/1.1 404 Not Found"
2026-05-31 09:37:38,127 - services.ai_service - ERROR - [generate_storage_guide] Gemini API 호출 실패! 에러 타입: ClientError | 메시지: 404 NOT_FOUND. {'error': {'code': 404, 'message': 'models/gemini-1.5-flash is not found for API version v1beta, or is not supported for generateContent. Call ModelService.ListModels to see the list of available models and their supported methods.', 'status': 'NOT_FOUND'}}
Traceback (most recent call last):
  File "C:\dev\GitHub\eco-price-ai\backend\services\ai_service.py", line 134, in generate_storage_guide
    response = _genai_client.models.generate_content(
               ^^^^^^^^^^^^^^^^^^^^^^^^^^^^^^^^^^^^^^
  File "C:\dev\GitHub\eco-price-ai\backend\venv\Lib\site-packages\google\genai\models.py", line 6454, in generate_content
    response = self._generate_content(
               ^^^^^^^^^^^^^^^^^^^^^^^
  File "C:\dev\GitHub\eco-price-ai\backend\venv\Lib\site-packages\google\genai\models.py", line 4890, in _generate_content
    response = self._api_client.request(
               ^^^^^^^^^^^^^^^^^^^^^^^^^
  File "C:\dev\GitHub\eco-price-ai\backend\venv\Lib\site-packages\google\genai\_api_client.py", line 1611, in request
    response = self._request(http_request, http_options, stream=False)
               ^^^^^^^^^^^^^^^^^^^^^^^^^^^^^^^^^^^^^^^^^^^^^^^^^^^^^^^
  File "C:\dev\GitHub\eco-price-ai\backend\venv\Lib\site-packages\google\genai\_api_client.py", line 1404, in _request
    return self._retry(self._request_once, http_request, stream)  # type: ignore[no-any-return]
           ^^^^^^^^^^^^^^^^^^^^^^^^^^^^^^^^^^^^^^^^^^^^^^^^^^^^^
  File "C:\dev\GitHub\eco-price-ai\backend\venv\Lib\site-packages\tenacity\__init__.py", line 470, in __call__
    do = self.iter(retry_state=retry_state)
         ^^^^^^^^^^^^^^^^^^^^^^^^^^^^^^^^^^
  File "C:\dev\GitHub\eco-price-ai\backend\venv\Lib\site-packages\tenacity\__init__.py", line 371, in iter
    result = action(retry_state)
             ^^^^^^^^^^^^^^^^^^^
  File "C:\dev\GitHub\eco-price-ai\backend\venv\Lib\site-packages\tenacity\__init__.py", line 413, in exc_check
    raise retry_exc.reraise()
          ^^^^^^^^^^^^^^^^^^^
  File "C:\dev\GitHub\eco-price-ai\backend\venv\Lib\site-packages\tenacity\__init__.py", line 184, in reraise
    raise self.last_attempt.result()
          ^^^^^^^^^^^^^^^^^^^^^^^^^^
  File "C:\Users\heee1\AppData\Local\Programs\Python\Python312\Lib\concurrent\futures\_base.py", line 449, in result
    return self.__get_result()
           ^^^^^^^^^^^^^^^^^^^
  File "C:\Users\heee1\AppData\Local\Programs\Python\Python312\Lib\concurrent\futures\_base.py", line 401, in __get_result
    raise self._exception
  File "C:\dev\GitHub\eco-price-ai\backend\venv\Lib\site-packages\tenacity\__init__.py", line 473, in __call__
    result = fn(*args, **kwargs)
             ^^^^^^^^^^^^^^^^^^^
  File "C:\dev\GitHub\eco-price-ai\backend\venv\Lib\site-packages\google\genai\_api_client.py", line 1381, in _request_once
    errors.APIError.raise_for_response(response)
  File "C:\dev\GitHub\eco-price-ai\backend\venv\Lib\site-packages\google\genai\errors.py", line 155, in raise_for_response
    cls.raise_error(response.status_code, response_json, response)
  File "C:\dev\GitHub\eco-price-ai\backend\venv\Lib\site-packages\google\genai\errors.py", line 184, in raise_error
    raise ClientError(status_code, response_json, response)
google.genai.errors.ClientError: 404 NOT_FOUND. {'error': {'code': 404, 'message': 'models/gemini-1.5-flash is not found for API version v1beta, or is not supported for generateContent. Call ModelService.ListModels to see the list of available models and their supported methods.', 'status': 'NOT_FOUND'}}
2026-05-31 09:37:38,186 - main - ERROR - 보관 가이드 생성 중 심각한 오류 발생: item_name=양파, 에러=Gemini API 호출 에러: 404 NOT_FOUND. {'error': {'code': 404, 'message': 'models/gemini-1.5-flash is not found for API version v1beta, or is not supported for generateContent. Call ModelService.ListModels to see the list of available models and their supported methods.', 'status': 'NOT_FOUND'}}
Traceback (most recent call last):
  File "C:\dev\GitHub\eco-price-ai\backend\services\ai_service.py", line 134, in generate_storage_guide
    response = _genai_client.models.generate_content(
               ^^^^^^^^^^^^^^^^^^^^^^^^^^^^^^^^^^^^^^
  File "C:\dev\GitHub\eco-price-ai\backend\venv\Lib\site-packages\google\genai\models.py", line 6454, in generate_content
    response = self._generate_content(
               ^^^^^^^^^^^^^^^^^^^^^^^
  File "C:\dev\GitHub\eco-price-ai\backend\venv\Lib\site-packages\google\genai\models.py", line 4890, in _generate_content
    response = self._api_client.request(
               ^^^^^^^^^^^^^^^^^^^^^^^^^
  File "C:\dev\GitHub\eco-price-ai\backend\venv\Lib\site-packages\google\genai\_api_client.py", line 1611, in request
    response = self._request(http_request, http_options, stream=False)
               ^^^^^^^^^^^^^^^^^^^^^^^^^^^^^^^^^^^^^^^^^^^^^^^^^^^^^^^
  File "C:\dev\GitHub\eco-price-ai\backend\venv\Lib\site-packages\google\genai\_api_client.py", line 1404, in _request
    return self._retry(self._request_once, http_request, stream)  # type: ignore[no-any-return]
           ^^^^^^^^^^^^^^^^^^^^^^^^^^^^^^^^^^^^^^^^^^^^^^^^^^^^^
  File "C:\dev\GitHub\eco-price-ai\backend\venv\Lib\site-packages\tenacity\__init__.py", line 470, in __call__
    do = self.iter(retry_state=retry_state)
         ^^^^^^^^^^^^^^^^^^^^^^^^^^^^^^^^^^
  File "C:\dev\GitHub\eco-price-ai\backend\venv\Lib\site-packages\tenacity\__init__.py", line 371, in iter
    result = action(retry_state)
             ^^^^^^^^^^^^^^^^^^^
  File "C:\dev\GitHub\eco-price-ai\backend\venv\Lib\site-packages\tenacity\__init__.py", line 413, in exc_check
    raise retry_exc.reraise()
          ^^^^^^^^^^^^^^^^^^^
  File "C:\dev\GitHub\eco-price-ai\backend\venv\Lib\site-packages\tenacity\__init__.py", line 184, in reraise
    raise self.last_attempt.result()
          ^^^^^^^^^^^^^^^^^^^^^^^^^^
  File "C:\Users\heee1\AppData\Local\Programs\Python\Python312\Lib\concurrent\futures\_base.py", line 449, in result
    return self.__get_result()
           ^^^^^^^^^^^^^^^^^^^
  File "C:\Users\heee1\AppData\Local\Programs\Python\Python312\Lib\concurrent\futures\_base.py", line 401, in __get_result
    raise self._exception
  File "C:\dev\GitHub\eco-price-ai\backend\venv\Lib\site-packages\tenacity\__init__.py", line 473, in __call__
    result = fn(*args, **kwargs)
             ^^^^^^^^^^^^^^^^^^^
  File "C:\dev\GitHub\eco-price-ai\backend\venv\Lib\site-packages\google\genai\_api_client.py", line 1381, in _request_once
    errors.APIError.raise_for_response(response)
  File "C:\dev\GitHub\eco-price-ai\backend\venv\Lib\site-packages\google\genai\errors.py", line 155, in raise_for_response
    cls.raise_error(response.status_code, response_json, response)
  File "C:\dev\GitHub\eco-price-ai\backend\venv\Lib\site-packages\google\genai\errors.py", line 184, in raise_error
    raise ClientError(status_code, response_json, response)
google.genai.errors.ClientError: 404 NOT_FOUND. {'error': {'code': 404, 'message': 'models/gemini-1.5-flash is not found for API version v1beta, or is not supported for generateContent. Call ModelService.ListModels to see the list of available models and their supported methods.', 'status': 'NOT_FOUND'}}

During handling of the above exception, another exception occurred:

Traceback (most recent call last):
  File "C:\dev\GitHub\eco-price-ai\backend\main.py", line 254, in get_storage_guide
    storage_data = generate_storage_guide(item_name)
                   ^^^^^^^^^^^^^^^^^^^^^^^^^^^^^^^^^
  File "C:\dev\GitHub\eco-price-ai\backend\services\ai_service.py", line 147, in generate_storage_guide
    raise Exception(f"Gemini API 호출 에러: {e}")
Exception: Gemini API 호출 에러: 404 NOT_FOUND. {'error': {'code': 404, 'message': 'models/gemini-1.5-flash is not found for API version v1beta, or is not supported for generateContent. Call ModelService.ListModels to see the list of available models and their supported methods.', 'status': 'NOT_FOUND'}}
2026-05-31 09:37:38,187 - database - ERROR - 데이터베이스 세션 중 오류 발생: 500: 보관 가이드 생성 오류: Gemini API 호출 에러: 404 NOT_FOUND. {'error': {'code': 404, 'message': 'models/gemini-1.5-flash is not found for API version v1beta, or is not supported for generateContent. Call ModelService.ListModels to see the list of available models and their supported methods.', 'status': 'NOT_FOUND'}}
Traceback (most recent call last):
  File "C:\dev\GitHub\eco-price-ai\backend\services\ai_service.py", line 134, in generate_storage_guide
    response = _genai_client.models.generate_content(
               ^^^^^^^^^^^^^^^^^^^^^^^^^^^^^^^^^^^^^^
  File "C:\dev\GitHub\eco-price-ai\backend\venv\Lib\site-packages\google\genai\models.py", line 6454, in generate_content
    response = self._generate_content(
               ^^^^^^^^^^^^^^^^^^^^^^^
  File "C:\dev\GitHub\eco-price-ai\backend\venv\Lib\site-packages\google\genai\models.py", line 4890, in _generate_content
    response = self._api_client.request(
               ^^^^^^^^^^^^^^^^^^^^^^^^^
  File "C:\dev\GitHub\eco-price-ai\backend\venv\Lib\site-packages\google\genai\_api_client.py", line 1611, in request
    response = self._request(http_request, http_options, stream=False)
               ^^^^^^^^^^^^^^^^^^^^^^^^^^^^^^^^^^^^^^^^^^^^^^^^^^^^^^^
  File "C:\dev\GitHub\eco-price-ai\backend\venv\Lib\site-packages\google\genai\_api_client.py", line 1404, in _request
    return self._retry(self._request_once, http_request, stream)  # type: ignore[no-any-return]
           ^^^^^^^^^^^^^^^^^^^^^^^^^^^^^^^^^^^^^^^^^^^^^^^^^^^^^
  File "C:\dev\GitHub\eco-price-ai\backend\venv\Lib\site-packages\tenacity\__init__.py", line 470, in __call__
    do = self.iter(retry_state=retry_state)
         ^^^^^^^^^^^^^^^^^^^^^^^^^^^^^^^^^^
  File "C:\dev\GitHub\eco-price-ai\backend\venv\Lib\site-packages\tenacity\__init__.py", line 371, in iter
    result = action(retry_state)
             ^^^^^^^^^^^^^^^^^^^
  File "C:\dev\GitHub\eco-price-ai\backend\venv\Lib\site-packages\tenacity\__init__.py", line 413, in exc_check
    raise retry_exc.reraise()
          ^^^^^^^^^^^^^^^^^^^
  File "C:\dev\GitHub\eco-price-ai\backend\venv\Lib\site-packages\tenacity\__init__.py", line 184, in reraise
    raise self.last_attempt.result()
          ^^^^^^^^^^^^^^^^^^^^^^^^^^
  File "C:\Users\heee1\AppData\Local\Programs\Python\Python312\Lib\concurrent\futures\_base.py", line 449, in result
    return self.__get_result()
           ^^^^^^^^^^^^^^^^^^^
  File "C:\Users\heee1\AppData\Local\Programs\Python\Python312\Lib\concurrent\futures\_base.py", line 401, in __get_result
    raise self._exception
  File "C:\dev\GitHub\eco-price-ai\backend\venv\Lib\site-packages\tenacity\__init__.py", line 473, in __call__
    result = fn(*args, **kwargs)
             ^^^^^^^^^^^^^^^^^^^
  File "C:\dev\GitHub\eco-price-ai\backend\venv\Lib\site-packages\google\genai\_api_client.py", line 1381, in _request_once
    errors.APIError.raise_for_response(response)
  File "C:\dev\GitHub\eco-price-ai\backend\venv\Lib\site-packages\google\genai\errors.py", line 155, in raise_for_response
    cls.raise_error(response.status_code, response_json, response)
  File "C:\dev\GitHub\eco-price-ai\backend\venv\Lib\site-packages\google\genai\errors.py", line 184, in raise_error
    raise ClientError(status_code, response_json, response)
google.genai.errors.ClientError: 404 NOT_FOUND. {'error': {'code': 404, 'message': 'models/gemini-1.5-flash is not found for API version v1beta, or is not supported for generateContent. Call ModelService.ListModels to see the list of available models and their supported methods.', 'status': 'NOT_FOUND'}}

During handling of the above exception, another exception occurred:

Traceback (most recent call last):
  File "C:\dev\GitHub\eco-price-ai\backend\main.py", line 254, in get_storage_guide
    storage_data = generate_storage_guide(item_name)
                   ^^^^^^^^^^^^^^^^^^^^^^^^^^^^^^^^^
  File "C:\dev\GitHub\eco-price-ai\backend\services\ai_service.py", line 147, in generate_storage_guide
    raise Exception(f"Gemini API 호출 에러: {e}")
Exception: Gemini API 호출 에러: 404 NOT_FOUND. {'error': {'code': 404, 'message': 'models/gemini-1.5-flash is not found for API version v1beta, or is not supported for generateContent. Call ModelService.ListModels to see the list of available models and their supported methods.', 'status': 'NOT_FOUND'}}

During handling of the above exception, another exception occurred:

Traceback (most recent call last):
  File "C:\dev\GitHub\eco-price-ai\backend\database.py", line 53, in get_db
    yield db
  File "C:\dev\GitHub\eco-price-ai\backend\venv\Lib\site-packages\fastapi\concurrency.py", line 29, in contextmanager_in_threadpool
    yield await run_in_threadpool(cm.__enter__)
  File "C:\dev\GitHub\eco-price-ai\backend\venv\Lib\site-packages\fastapi\routing.py", line 120, in app
    response = await f(request)
               ^^^^^^^^^^^^^^^^
  File "C:\dev\GitHub\eco-price-ai\backend\venv\Lib\site-packages\fastapi\routing.py", line 674, in app
    raw_response = await run_endpoint_function(
                   ^^^^^^^^^^^^^^^^^^^^^^^^^^^^
  File "C:\dev\GitHub\eco-price-ai\backend\venv\Lib\site-packages\fastapi\routing.py", line 330, in run_endpoint_function
    return await run_in_threadpool(dependant.call, **values)
           ^^^^^^^^^^^^^^^^^^^^^^^^^^^^^^^^^^^^^^^^^^^^^^^^^
  File "C:\dev\GitHub\eco-price-ai\backend\venv\Lib\site-packages\starlette\concurrency.py", line 32, in run_in_threadpool
    return await anyio.to_thread.run_sync(func)
           ^^^^^^^^^^^^^^^^^^^^^^^^^^^^^^^^^^^^
  File "C:\dev\GitHub\eco-price-ai\backend\venv\Lib\site-packages\anyio\to_thread.py", line 63, in run_sync
    return await get_async_backend().run_sync_in_worker_thread(
           ^^^^^^^^^^^^^^^^^^^^^^^^^^^^^^^^^^^^^^^^^^^^^^^^^^^^
  File "C:\dev\GitHub\eco-price-ai\backend\venv\Lib\site-packages\anyio\_backends\_asyncio.py", line 2518, in run_sync_in_worker_thread
    return await future
           ^^^^^^^^^^^^
  File "C:\dev\GitHub\eco-price-ai\backend\venv\Lib\site-packages\anyio\_backends\_asyncio.py", line 1002, in run
    result = context.run(func, *args)
             ^^^^^^^^^^^^^^^^^^^^^^^^
  File "C:\dev\GitHub\eco-price-ai\backend\main.py", line 279, in get_storage_guide
    raise HTTPException(status_code=500, detail=f"보관 가이드 생성 오류: {str(e)}")
fastapi.exceptions.HTTPException: 500: 보관 가이드 생성 오류: Gemini API 호출 에러: 404 NOT_FOUND. {'error': {'code': 404, 'message': 'models/gemini-1.5-flash is not found for API version v1beta, or is not supported for generateContent. Call ModelService.ListModels to see the list of available models and their supported methods.', 'status': 'NOT_FOUND'}}
2026-05-31 09:37:38,223 - main - INFO - [요청 완료] GET /api/storage/양파 | 상태코드: 500 | ID: 2026-05-31T09:37:37.838318
2026-05-31 12:06:03,341 - main - INFO - [요청 시작] GET /api/storage/양파 | 클라이언트: 127.0.0.1 | ID: 2026-05-31T12:06:03.341734
2026-05-31 12:06:03,343 - main - INFO - 보관 가이드 조회 요청: item_name=양파
2026-05-31 12:06:03,345 - main - INFO - 새로운 보관 가이드 생성 시작: item_name=양파
2026-05-31 12:06:03,346 - services.ai_service - INFO - [generate_storage_guide] Gemini API 호출 시작 (model=gemini-1.5-flash)
2026-05-31 12:06:03,346 - google_genai.models - INFO - AFC is enabled with max remote calls: 10.
2026-05-31 12:06:03,858 - httpx - INFO - HTTP Request: POST https://generativelanguage.googleapis.com/v1beta/models/gemini-1.5-flash:generateContent "HTTP/1.1 404 Not Found"
2026-05-31 12:06:03,859 - services.ai_service - ERROR - [generate_storage_guide] Gemini API 호출 실패! 에러 타입: ClientError | 메시지: 404 NOT_FOUND. {'error': {'code': 404, 'message': 'models/gemini-1.5-flash is not found for API version v1beta, or is not supported for generateContent. Call ModelService.ListModels to see the list of available models and their supported methods.', 'status': 'NOT_FOUND'}}
Traceback (most recent call last):
  File "C:\dev\GitHub\eco-price-ai\backend\services\ai_service.py", line 134, in generate_storage_guide
    response = _genai_client.models.generate_content(
               ^^^^^^^^^^^^^^^^^^^^^^^^^^^^^^^^^^^^^^
  File "C:\dev\GitHub\eco-price-ai\backend\venv\Lib\site-packages\google\genai\models.py", line 6454, in generate_content
    response = self._generate_content(
               ^^^^^^^^^^^^^^^^^^^^^^^
  File "C:\dev\GitHub\eco-price-ai\backend\venv\Lib\site-packages\google\genai\models.py", line 4890, in _generate_content
    response = self._api_client.request(
               ^^^^^^^^^^^^^^^^^^^^^^^^^
  File "C:\dev\GitHub\eco-price-ai\backend\venv\Lib\site-packages\google\genai\_api_client.py", line 1611, in request
    response = self._request(http_request, http_options, stream=False)
               ^^^^^^^^^^^^^^^^^^^^^^^^^^^^^^^^^^^^^^^^^^^^^^^^^^^^^^^
  File "C:\dev\GitHub\eco-price-ai\backend\venv\Lib\site-packages\google\genai\_api_client.py", line 1404, in _request
    return self._retry(self._request_once, http_request, stream)  # type: ignore[no-any-return]
           ^^^^^^^^^^^^^^^^^^^^^^^^^^^^^^^^^^^^^^^^^^^^^^^^^^^^^
  File "C:\dev\GitHub\eco-price-ai\backend\venv\Lib\site-packages\tenacity\__init__.py", line 470, in __call__
    do = self.iter(retry_state=retry_state)
         ^^^^^^^^^^^^^^^^^^^^^^^^^^^^^^^^^^
  File "C:\dev\GitHub\eco-price-ai\backend\venv\Lib\site-packages\tenacity\__init__.py", line 371, in iter
    result = action(retry_state)
             ^^^^^^^^^^^^^^^^^^^
  File "C:\dev\GitHub\eco-price-ai\backend\venv\Lib\site-packages\tenacity\__init__.py", line 413, in exc_check
    raise retry_exc.reraise()
          ^^^^^^^^^^^^^^^^^^^
  File "C:\dev\GitHub\eco-price-ai\backend\venv\Lib\site-packages\tenacity\__init__.py", line 184, in reraise
    raise self.last_attempt.result()
          ^^^^^^^^^^^^^^^^^^^^^^^^^^
  File "C:\Users\heee1\AppData\Local\Programs\Python\Python312\Lib\concurrent\futures\_base.py", line 449, in result
    return self.__get_result()
           ^^^^^^^^^^^^^^^^^^^
  File "C:\Users\heee1\AppData\Local\Programs\Python\Python312\Lib\concurrent\futures\_base.py", line 401, in __get_result
    raise self._exception
  File "C:\dev\GitHub\eco-price-ai\backend\venv\Lib\site-packages\tenacity\__init__.py", line 473, in __call__
    result = fn(*args, **kwargs)
             ^^^^^^^^^^^^^^^^^^^
  File "C:\dev\GitHub\eco-price-ai\backend\venv\Lib\site-packages\google\genai\_api_client.py", line 1381, in _request_once
    errors.APIError.raise_for_response(response)
  File "C:\dev\GitHub\eco-price-ai\backend\venv\Lib\site-packages\google\genai\errors.py", line 155, in raise_for_response
    cls.raise_error(response.status_code, response_json, response)
  File "C:\dev\GitHub\eco-price-ai\backend\venv\Lib\site-packages\google\genai\errors.py", line 184, in raise_error
    raise ClientError(status_code, response_json, response)
google.genai.errors.ClientError: 404 NOT_FOUND. {'error': {'code': 404, 'message': 'models/gemini-1.5-flash is not found for API version v1beta, or is not supported for generateContent. Call ModelService.ListModels to see the list of available models and their supported methods.', 'status': 'NOT_FOUND'}}
2026-05-31 12:06:03,860 - main - ERROR - 보관 가이드 생성 중 심각한 오류 발생: item_name=양파, 에러=Gemini API 호출 에러: 404 NOT_FOUND. {'error': {'code': 404, 'message': 'models/gemini-1.5-flash is not found for API version v1beta, or is not supported for generateContent. Call ModelService.ListModels to see the list of available models and their supported methods.', 'status': 'NOT_FOUND'}}
Traceback (most recent call last):
  File "C:\dev\GitHub\eco-price-ai\backend\services\ai_service.py", line 134, in generate_storage_guide
    response = _genai_client.models.generate_content(
               ^^^^^^^^^^^^^^^^^^^^^^^^^^^^^^^^^^^^^^
  File "C:\dev\GitHub\eco-price-ai\backend\venv\Lib\site-packages\google\genai\models.py", line 6454, in generate_content
    response = self._generate_content(
               ^^^^^^^^^^^^^^^^^^^^^^^
  File "C:\dev\GitHub\eco-price-ai\backend\venv\Lib\site-packages\google\genai\models.py", line 4890, in _generate_content
    response = self._api_client.request(
               ^^^^^^^^^^^^^^^^^^^^^^^^^
  File "C:\dev\GitHub\eco-price-ai\backend\venv\Lib\site-packages\google\genai\_api_client.py", line 1611, in request
    response = self._request(http_request, http_options, stream=False)
               ^^^^^^^^^^^^^^^^^^^^^^^^^^^^^^^^^^^^^^^^^^^^^^^^^^^^^^^
  File "C:\dev\GitHub\eco-price-ai\backend\venv\Lib\site-packages\google\genai\_api_client.py", line 1404, in _request
    return self._retry(self._request_once, http_request, stream)  # type: ignore[no-any-return]
           ^^^^^^^^^^^^^^^^^^^^^^^^^^^^^^^^^^^^^^^^^^^^^^^^^^^^^
  File "C:\dev\GitHub\eco-price-ai\backend\venv\Lib\site-packages\tenacity\__init__.py", line 470, in __call__
    do = self.iter(retry_state=retry_state)
         ^^^^^^^^^^^^^^^^^^^^^^^^^^^^^^^^^^
  File "C:\dev\GitHub\eco-price-ai\backend\venv\Lib\site-packages\tenacity\__init__.py", line 371, in iter
    result = action(retry_state)
             ^^^^^^^^^^^^^^^^^^^
  File "C:\dev\GitHub\eco-price-ai\backend\venv\Lib\site-packages\tenacity\__init__.py", line 413, in exc_check
    raise retry_exc.reraise()
          ^^^^^^^^^^^^^^^^^^^
  File "C:\dev\GitHub\eco-price-ai\backend\venv\Lib\site-packages\tenacity\__init__.py", line 184, in reraise
    raise self.last_attempt.result()
          ^^^^^^^^^^^^^^^^^^^^^^^^^^
  File "C:\Users\heee1\AppData\Local\Programs\Python\Python312\Lib\concurrent\futures\_base.py", line 449, in result
    return self.__get_result()
           ^^^^^^^^^^^^^^^^^^^
  File "C:\Users\heee1\AppData\Local\Programs\Python\Python312\Lib\concurrent\futures\_base.py", line 401, in __get_result
    raise self._exception
  File "C:\dev\GitHub\eco-price-ai\backend\venv\Lib\site-packages\tenacity\__init__.py", line 473, in __call__
    result = fn(*args, **kwargs)
             ^^^^^^^^^^^^^^^^^^^
  File "C:\dev\GitHub\eco-price-ai\backend\venv\Lib\site-packages\google\genai\_api_client.py", line 1381, in _request_once
    errors.APIError.raise_for_response(response)
  File "C:\dev\GitHub\eco-price-ai\backend\venv\Lib\site-packages\google\genai\errors.py", line 155, in raise_for_response
    cls.raise_error(response.status_code, response_json, response)
  File "C:\dev\GitHub\eco-price-ai\backend\venv\Lib\site-packages\google\genai\errors.py", line 184, in raise_error
    raise ClientError(status_code, response_json, response)
google.genai.errors.ClientError: 404 NOT_FOUND. {'error': {'code': 404, 'message': 'models/gemini-1.5-flash is not found for API version v1beta, or is not supported for generateContent. Call ModelService.ListModels to see the list of available models and their supported methods.', 'status': 'NOT_FOUND'}}

During handling of the above exception, another exception occurred:

Traceback (most recent call last):
  File "C:\dev\GitHub\eco-price-ai\backend\main.py", line 254, in get_storage_guide
    storage_data = generate_storage_guide(item_name)
                   ^^^^^^^^^^^^^^^^^^^^^^^^^^^^^^^^^
  File "C:\dev\GitHub\eco-price-ai\backend\services\ai_service.py", line 147, in generate_storage_guide
    raise Exception(f"Gemini API 호출 에러: {e}")
Exception: Gemini API 호출 에러: 404 NOT_FOUND. {'error': {'code': 404, 'message': 'models/gemini-1.5-flash is not found for API version v1beta, or is not supported for generateContent. Call ModelService.ListModels to see the list of available models and their supported methods.', 'status': 'NOT_FOUND'}}
2026-05-31 12:06:03,861 - database - ERROR - 데이터베이스 세션 중 오류 발생: 500: 보관 가이드 생성 오류: Gemini API 호출 에러: 404 NOT_FOUND. {'error': {'code': 404, 'message': 'models/gemini-1.5-flash is not found for API version v1beta, or is not supported for generateContent. Call ModelService.ListModels to see the list of available models and their supported methods.', 'status': 'NOT_FOUND'}}
Traceback (most recent call last):
  File "C:\dev\GitHub\eco-price-ai\backend\services\ai_service.py", line 134, in generate_storage_guide
    response = _genai_client.models.generate_content(
               ^^^^^^^^^^^^^^^^^^^^^^^^^^^^^^^^^^^^^^
  File "C:\dev\GitHub\eco-price-ai\backend\venv\Lib\site-packages\google\genai\models.py", line 6454, in generate_content
    response = self._generate_content(
               ^^^^^^^^^^^^^^^^^^^^^^^
  File "C:\dev\GitHub\eco-price-ai\backend\venv\Lib\site-packages\google\genai\models.py", line 4890, in _generate_content
    response = self._api_client.request(
               ^^^^^^^^^^^^^^^^^^^^^^^^^
  File "C:\dev\GitHub\eco-price-ai\backend\venv\Lib\site-packages\google\genai\_api_client.py", line 1611, in request
    response = self._request(http_request, http_options, stream=False)
               ^^^^^^^^^^^^^^^^^^^^^^^^^^^^^^^^^^^^^^^^^^^^^^^^^^^^^^^
  File "C:\dev\GitHub\eco-price-ai\backend\venv\Lib\site-packages\google\genai\_api_client.py", line 1404, in _request
    return self._retry(self._request_once, http_request, stream)  # type: ignore[no-any-return]
           ^^^^^^^^^^^^^^^^^^^^^^^^^^^^^^^^^^^^^^^^^^^^^^^^^^^^^
  File "C:\dev\GitHub\eco-price-ai\backend\venv\Lib\site-packages\tenacity\__init__.py", line 470, in __call__
    do = self.iter(retry_state=retry_state)
         ^^^^^^^^^^^^^^^^^^^^^^^^^^^^^^^^^^
  File "C:\dev\GitHub\eco-price-ai\backend\venv\Lib\site-packages\tenacity\__init__.py", line 371, in iter
    result = action(retry_state)
             ^^^^^^^^^^^^^^^^^^^
  File "C:\dev\GitHub\eco-price-ai\backend\venv\Lib\site-packages\tenacity\__init__.py", line 413, in exc_check
    raise retry_exc.reraise()
          ^^^^^^^^^^^^^^^^^^^
  File "C:\dev\GitHub\eco-price-ai\backend\venv\Lib\site-packages\tenacity\__init__.py", line 184, in reraise
    raise self.last_attempt.result()
          ^^^^^^^^^^^^^^^^^^^^^^^^^^
  File "C:\Users\heee1\AppData\Local\Programs\Python\Python312\Lib\concurrent\futures\_base.py", line 449, in result
    return self.__get_result()
           ^^^^^^^^^^^^^^^^^^^
  File "C:\Users\heee1\AppData\Local\Programs\Python\Python312\Lib\concurrent\futures\_base.py", line 401, in __get_result
    raise self._exception
  File "C:\dev\GitHub\eco-price-ai\backend\venv\Lib\site-packages\tenacity\__init__.py", line 473, in __call__
    result = fn(*args, **kwargs)
             ^^^^^^^^^^^^^^^^^^^
  File "C:\dev\GitHub\eco-price-ai\backend\venv\Lib\site-packages\google\genai\_api_client.py", line 1381, in _request_once
    errors.APIError.raise_for_response(response)
  File "C:\dev\GitHub\eco-price-ai\backend\venv\Lib\site-packages\google\genai\errors.py", line 155, in raise_for_response
    cls.raise_error(response.status_code, response_json, response)
  File "C:\dev\GitHub\eco-price-ai\backend\venv\Lib\site-packages\google\genai\errors.py", line 184, in raise_error
    raise ClientError(status_code, response_json, response)
google.genai.errors.ClientError: 404 NOT_FOUND. {'error': {'code': 404, 'message': 'models/gemini-1.5-flash is not found for API version v1beta, or is not supported for generateContent. Call ModelService.ListModels to see the list of available models and their supported methods.', 'status': 'NOT_FOUND'}}

During handling of the above exception, another exception occurred:

Traceback (most recent call last):
  File "C:\dev\GitHub\eco-price-ai\backend\main.py", line 254, in get_storage_guide
    storage_data = generate_storage_guide(item_name)
                   ^^^^^^^^^^^^^^^^^^^^^^^^^^^^^^^^^
  File "C:\dev\GitHub\eco-price-ai\backend\services\ai_service.py", line 147, in generate_storage_guide
    raise Exception(f"Gemini API 호출 에러: {e}")
Exception: Gemini API 호출 에러: 404 NOT_FOUND. {'error': {'code': 404, 'message': 'models/gemini-1.5-flash is not found for API version v1beta, or is not supported for generateContent. Call ModelService.ListModels to see the list of available models and their supported methods.', 'status': 'NOT_FOUND'}}

During handling of the above exception, another exception occurred:

Traceback (most recent call last):
  File "C:\dev\GitHub\eco-price-ai\backend\database.py", line 53, in get_db
    yield db
  File "C:\dev\GitHub\eco-price-ai\backend\venv\Lib\site-packages\fastapi\concurrency.py", line 29, in contextmanager_in_threadpool
    yield await run_in_threadpool(cm.__enter__)
  File "C:\dev\GitHub\eco-price-ai\backend\venv\Lib\site-packages\fastapi\routing.py", line 120, in app
    response = await f(request)
               ^^^^^^^^^^^^^^^^
  File "C:\dev\GitHub\eco-price-ai\backend\venv\Lib\site-packages\fastapi\routing.py", line 674, in app
    raw_response = await run_endpoint_function(
                   ^^^^^^^^^^^^^^^^^^^^^^^^^^^^
  File "C:\dev\GitHub\eco-price-ai\backend\venv\Lib\site-packages\fastapi\routing.py", line 330, in run_endpoint_function
    return await run_in_threadpool(dependant.call, **values)
           ^^^^^^^^^^^^^^^^^^^^^^^^^^^^^^^^^^^^^^^^^^^^^^^^^
  File "C:\dev\GitHub\eco-price-ai\backend\venv\Lib\site-packages\starlette\concurrency.py", line 32, in run_in_threadpool
    return await anyio.to_thread.run_sync(func)
           ^^^^^^^^^^^^^^^^^^^^^^^^^^^^^^^^^^^^
  File "C:\dev\GitHub\eco-price-ai\backend\venv\Lib\site-packages\anyio\to_thread.py", line 63, in run_sync
    return await get_async_backend().run_sync_in_worker_thread(
           ^^^^^^^^^^^^^^^^^^^^^^^^^^^^^^^^^^^^^^^^^^^^^^^^^^^^
  File "C:\dev\GitHub\eco-price-ai\backend\venv\Lib\site-packages\anyio\_backends\_asyncio.py", line 2518, in run_sync_in_worker_thread
    return await future
           ^^^^^^^^^^^^
  File "C:\dev\GitHub\eco-price-ai\backend\venv\Lib\site-packages\anyio\_backends\_asyncio.py", line 1002, in run
    result = context.run(func, *args)
             ^^^^^^^^^^^^^^^^^^^^^^^^
  File "C:\dev\GitHub\eco-price-ai\backend\main.py", line 279, in get_storage_guide
    raise HTTPException(status_code=500, detail=f"보관 가이드 생성 오류: {str(e)}")
fastapi.exceptions.HTTPException: 500: 보관 가이드 생성 오류: Gemini API 호출 에러: 404 NOT_FOUND. {'error': {'code': 404, 'message': 'models/gemini-1.5-flash is not found for API version v1beta, or is not supported for generateContent. Call ModelService.ListModels to see the list of available models and their supported methods.', 'status': 'NOT_FOUND'}}
2026-05-31 12:06:03,863 - main - INFO - [요청 완료] GET /api/storage/양파 | 상태코드: 500 | ID: 2026-05-31T12:06:03.341734
2026-05-31 12:22:40,169 - main - INFO - FastAPI 애플리케이션 시작
2026-05-31 12:22:41,657 - main - INFO - FastAPI 애플리케이션 시작
2026-05-31 12:23:02,216 - main - INFO - [요청 시작] GET /items | 클라이언트: 127.0.0.1 | ID: 2026-05-31T12:23:02.216943
2026-05-31 12:23:02,232 - main - INFO - 마켓 가격 조회 요청: 검색어='None'
2026-05-31 12:23:02,251 - main - INFO - 마켓 가격 조회 완료: 50개 항목 반환 (DB 500개 중 비식품 제외, 최대 50개 제한)
2026-05-31 12:23:02,254 - main - INFO - [요청 완료] GET /items | 상태코드: 200 | ID: 2026-05-31T12:23:02.216943
2026-05-31 12:23:02,256 - main - INFO - [요청 시작] GET /items | 클라이언트: 127.0.0.1 | ID: 2026-05-31T12:23:02.256653
2026-05-31 12:23:02,257 - main - INFO - 마켓 가격 조회 요청: 검색어='None'
2026-05-31 12:23:02,268 - main - INFO - 마켓 가격 조회 완료: 50개 항목 반환 (DB 500개 중 비식품 제외, 최대 50개 제한)
2026-05-31 12:23:02,271 - main - INFO - [요청 완료] GET /items | 상태코드: 200 | ID: 2026-05-31T12:23:02.256653
2026-05-31 12:23:04,890 - main - INFO - [요청 시작] GET /api/storage/서울우유 흰우유(1L) | 클라이언트: 127.0.0.1 | ID: 2026-05-31T12:23:04.890179
2026-05-31 12:23:04,896 - main - INFO - 보관 가이드 조회 요청: item_name=서울우유 흰우유(1L)
2026-05-31 12:23:04,900 - main - INFO - 새로운 보관 가이드 생성 시작: item_name=서울우유 흰우유(1L)
2026-05-31 12:23:04,940 - services.ai_service - INFO - [generate_storage_guide] Gemini API 호출 시작 (model=gemini-2.0-flash)
2026-05-31 12:23:04,941 - google_genai.models - INFO - AFC is enabled with max remote calls: 10.
2026-05-31 12:23:05,298 - httpx - INFO - HTTP Request: POST https://generativelanguage.googleapis.com/v1beta/models/gemini-2.0-flash:generateContent "HTTP/1.1 404 Not Found"
2026-05-31 12:23:05,299 - services.ai_service - ERROR - [generate_storage_guide] Gemini API 호출 실패! 에러 타입: ClientError | 메시지: 404 NOT_FOUND. {'error': {'code': 404, 'message': 'This model models/gemini-2.0-flash is no longer available to new users. Please update your code to use a newer model for the latest features and improvements.', 'status': 'NOT_FOUND'}}
Traceback (most recent call last):
  File "C:\dev\GitHub\eco-price-ai\backend\services\ai_service.py", line 134, in generate_storage_guide
    response = _genai_client.models.generate_content(
               ^^^^^^^^^^^^^^^^^^^^^^^^^^^^^^^^^^^^^^
  File "C:\dev\GitHub\eco-price-ai\backend\venv\Lib\site-packages\google\genai\models.py", line 6454, in generate_content
    response = self._generate_content(
               ^^^^^^^^^^^^^^^^^^^^^^^
  File "C:\dev\GitHub\eco-price-ai\backend\venv\Lib\site-packages\google\genai\models.py", line 4890, in _generate_content
    response = self._api_client.request(
               ^^^^^^^^^^^^^^^^^^^^^^^^^
  File "C:\dev\GitHub\eco-price-ai\backend\venv\Lib\site-packages\google\genai\_api_client.py", line 1611, in request
    response = self._request(http_request, http_options, stream=False)
               ^^^^^^^^^^^^^^^^^^^^^^^^^^^^^^^^^^^^^^^^^^^^^^^^^^^^^^^
  File "C:\dev\GitHub\eco-price-ai\backend\venv\Lib\site-packages\google\genai\_api_client.py", line 1404, in _request
    return self._retry(self._request_once, http_request, stream)  # type: ignore[no-any-return]
           ^^^^^^^^^^^^^^^^^^^^^^^^^^^^^^^^^^^^^^^^^^^^^^^^^^^^^
  File "C:\dev\GitHub\eco-price-ai\backend\venv\Lib\site-packages\tenacity\__init__.py", line 470, in __call__
    do = self.iter(retry_state=retry_state)
         ^^^^^^^^^^^^^^^^^^^^^^^^^^^^^^^^^^
  File "C:\dev\GitHub\eco-price-ai\backend\venv\Lib\site-packages\tenacity\__init__.py", line 371, in iter
    result = action(retry_state)
             ^^^^^^^^^^^^^^^^^^^
  File "C:\dev\GitHub\eco-price-ai\backend\venv\Lib\site-packages\tenacity\__init__.py", line 413, in exc_check
    raise retry_exc.reraise()
          ^^^^^^^^^^^^^^^^^^^
  File "C:\dev\GitHub\eco-price-ai\backend\venv\Lib\site-packages\tenacity\__init__.py", line 184, in reraise
    raise self.last_attempt.result()
          ^^^^^^^^^^^^^^^^^^^^^^^^^^
  File "C:\Users\heee1\AppData\Local\Programs\Python\Python312\Lib\concurrent\futures\_base.py", line 449, in result
    return self.__get_result()
           ^^^^^^^^^^^^^^^^^^^
  File "C:\Users\heee1\AppData\Local\Programs\Python\Python312\Lib\concurrent\futures\_base.py", line 401, in __get_result
    raise self._exception
  File "C:\dev\GitHub\eco-price-ai\backend\venv\Lib\site-packages\tenacity\__init__.py", line 473, in __call__
    result = fn(*args, **kwargs)
             ^^^^^^^^^^^^^^^^^^^
  File "C:\dev\GitHub\eco-price-ai\backend\venv\Lib\site-packages\google\genai\_api_client.py", line 1381, in _request_once
    errors.APIError.raise_for_response(response)
  File "C:\dev\GitHub\eco-price-ai\backend\venv\Lib\site-packages\google\genai\errors.py", line 155, in raise_for_response
    cls.raise_error(response.status_code, response_json, response)
  File "C:\dev\GitHub\eco-price-ai\backend\venv\Lib\site-packages\google\genai\errors.py", line 184, in raise_error
    raise ClientError(status_code, response_json, response)
google.genai.errors.ClientError: 404 NOT_FOUND. {'error': {'code': 404, 'message': 'This model models/gemini-2.0-flash is no longer available to new users. Please update your code to use a newer model for the latest features and improvements.', 'status': 'NOT_FOUND'}}
2026-05-31 12:23:05,407 - main - ERROR - 보관 가이드 생성 중 심각한 오류 발생: item_name=서울우유 흰우유(1L), 에러=Gemini API 호출 에러: 404 NOT_FOUND. {'error': {'code': 404, 'message': 'This model models/gemini-2.0-flash is no longer available to new users. Please update your code to use a newer model for the latest features and improvements.', 'status': 'NOT_FOUND'}}
Traceback (most recent call last):
  File "C:\dev\GitHub\eco-price-ai\backend\services\ai_service.py", line 134, in generate_storage_guide
    response = _genai_client.models.generate_content(
               ^^^^^^^^^^^^^^^^^^^^^^^^^^^^^^^^^^^^^^
  File "C:\dev\GitHub\eco-price-ai\backend\venv\Lib\site-packages\google\genai\models.py", line 6454, in generate_content
    response = self._generate_content(
               ^^^^^^^^^^^^^^^^^^^^^^^
  File "C:\dev\GitHub\eco-price-ai\backend\venv\Lib\site-packages\google\genai\models.py", line 4890, in _generate_content
    response = self._api_client.request(
               ^^^^^^^^^^^^^^^^^^^^^^^^^
  File "C:\dev\GitHub\eco-price-ai\backend\venv\Lib\site-packages\google\genai\_api_client.py", line 1611, in request
    response = self._request(http_request, http_options, stream=False)
               ^^^^^^^^^^^^^^^^^^^^^^^^^^^^^^^^^^^^^^^^^^^^^^^^^^^^^^^
  File "C:\dev\GitHub\eco-price-ai\backend\venv\Lib\site-packages\google\genai\_api_client.py", line 1404, in _request
    return self._retry(self._request_once, http_request, stream)  # type: ignore[no-any-return]
           ^^^^^^^^^^^^^^^^^^^^^^^^^^^^^^^^^^^^^^^^^^^^^^^^^^^^^
  File "C:\dev\GitHub\eco-price-ai\backend\venv\Lib\site-packages\tenacity\__init__.py", line 470, in __call__
    do = self.iter(retry_state=retry_state)
         ^^^^^^^^^^^^^^^^^^^^^^^^^^^^^^^^^^
  File "C:\dev\GitHub\eco-price-ai\backend\venv\Lib\site-packages\tenacity\__init__.py", line 371, in iter
    result = action(retry_state)
             ^^^^^^^^^^^^^^^^^^^
  File "C:\dev\GitHub\eco-price-ai\backend\venv\Lib\site-packages\tenacity\__init__.py", line 413, in exc_check
    raise retry_exc.reraise()
          ^^^^^^^^^^^^^^^^^^^
  File "C:\dev\GitHub\eco-price-ai\backend\venv\Lib\site-packages\tenacity\__init__.py", line 184, in reraise
    raise self.last_attempt.result()
          ^^^^^^^^^^^^^^^^^^^^^^^^^^
  File "C:\Users\heee1\AppData\Local\Programs\Python\Python312\Lib\concurrent\futures\_base.py", line 449, in result
    return self.__get_result()
           ^^^^^^^^^^^^^^^^^^^
  File "C:\Users\heee1\AppData\Local\Programs\Python\Python312\Lib\concurrent\futures\_base.py", line 401, in __get_result
    raise self._exception
  File "C:\dev\GitHub\eco-price-ai\backend\venv\Lib\site-packages\tenacity\__init__.py", line 473, in __call__
    result = fn(*args, **kwargs)
             ^^^^^^^^^^^^^^^^^^^
  File "C:\dev\GitHub\eco-price-ai\backend\venv\Lib\site-packages\google\genai\_api_client.py", line 1381, in _request_once
    errors.APIError.raise_for_response(response)
  File "C:\dev\GitHub\eco-price-ai\backend\venv\Lib\site-packages\google\genai\errors.py", line 155, in raise_for_response
    cls.raise_error(response.status_code, response_json, response)
  File "C:\dev\GitHub\eco-price-ai\backend\venv\Lib\site-packages\google\genai\errors.py", line 184, in raise_error
    raise ClientError(status_code, response_json, response)
google.genai.errors.ClientError: 404 NOT_FOUND. {'error': {'code': 404, 'message': 'This model models/gemini-2.0-flash is no longer available to new users. Please update your code to use a newer model for the latest features and improvements.', 'status': 'NOT_FOUND'}}

During handling of the above exception, another exception occurred:

Traceback (most recent call last):
  File "C:\dev\GitHub\eco-price-ai\backend\main.py", line 254, in get_storage_guide
    storage_data = generate_storage_guide(item_name)
                   ^^^^^^^^^^^^^^^^^^^^^^^^^^^^^^^^^
  File "C:\dev\GitHub\eco-price-ai\backend\services\ai_service.py", line 147, in generate_storage_guide
    raise Exception(f"Gemini API 호출 에러: {e}")
Exception: Gemini API 호출 에러: 404 NOT_FOUND. {'error': {'code': 404, 'message': 'This model models/gemini-2.0-flash is no longer available to new users. Please update your code to use a newer model for the latest features and improvements.', 'status': 'NOT_FOUND'}}
2026-05-31 12:23:05,409 - database - ERROR - 데이터베이스 세션 중 오류 발생: 500: 보관 가이드 생성 오류: Gemini API 호출 에러: 404 NOT_FOUND. {'error': {'code': 404, 'message': 'This model models/gemini-2.0-flash is no longer available to new users. Please update your code to use a newer model for the latest features and improvements.', 'status': 'NOT_FOUND'}}
Traceback (most recent call last):
  File "C:\dev\GitHub\eco-price-ai\backend\services\ai_service.py", line 134, in generate_storage_guide
    response = _genai_client.models.generate_content(
               ^^^^^^^^^^^^^^^^^^^^^^^^^^^^^^^^^^^^^^
  File "C:\dev\GitHub\eco-price-ai\backend\venv\Lib\site-packages\google\genai\models.py", line 6454, in generate_content
    response = self._generate_content(
               ^^^^^^^^^^^^^^^^^^^^^^^
  File "C:\dev\GitHub\eco-price-ai\backend\venv\Lib\site-packages\google\genai\models.py", line 4890, in _generate_content
    response = self._api_client.request(
               ^^^^^^^^^^^^^^^^^^^^^^^^^
  File "C:\dev\GitHub\eco-price-ai\backend\venv\Lib\site-packages\google\genai\_api_client.py", line 1611, in request
    response = self._request(http_request, http_options, stream=False)
               ^^^^^^^^^^^^^^^^^^^^^^^^^^^^^^^^^^^^^^^^^^^^^^^^^^^^^^^
  File "C:\dev\GitHub\eco-price-ai\backend\venv\Lib\site-packages\google\genai\_api_client.py", line 1404, in _request
    return self._retry(self._request_once, http_request, stream)  # type: ignore[no-any-return]
           ^^^^^^^^^^^^^^^^^^^^^^^^^^^^^^^^^^^^^^^^^^^^^^^^^^^^^
  File "C:\dev\GitHub\eco-price-ai\backend\venv\Lib\site-packages\tenacity\__init__.py", line 470, in __call__
    do = self.iter(retry_state=retry_state)
         ^^^^^^^^^^^^^^^^^^^^^^^^^^^^^^^^^^
  File "C:\dev\GitHub\eco-price-ai\backend\venv\Lib\site-packages\tenacity\__init__.py", line 371, in iter
    result = action(retry_state)
             ^^^^^^^^^^^^^^^^^^^
  File "C:\dev\GitHub\eco-price-ai\backend\venv\Lib\site-packages\tenacity\__init__.py", line 413, in exc_check
    raise retry_exc.reraise()
          ^^^^^^^^^^^^^^^^^^^
  File "C:\dev\GitHub\eco-price-ai\backend\venv\Lib\site-packages\tenacity\__init__.py", line 184, in reraise
    raise self.last_attempt.result()
          ^^^^^^^^^^^^^^^^^^^^^^^^^^
  File "C:\Users\heee1\AppData\Local\Programs\Python\Python312\Lib\concurrent\futures\_base.py", line 449, in result
    return self.__get_result()
           ^^^^^^^^^^^^^^^^^^^
  File "C:\Users\heee1\AppData\Local\Programs\Python\Python312\Lib\concurrent\futures\_base.py", line 401, in __get_result
    raise self._exception
  File "C:\dev\GitHub\eco-price-ai\backend\venv\Lib\site-packages\tenacity\__init__.py", line 473, in __call__
    result = fn(*args, **kwargs)
             ^^^^^^^^^^^^^^^^^^^
  File "C:\dev\GitHub\eco-price-ai\backend\venv\Lib\site-packages\google\genai\_api_client.py", line 1381, in _request_once
    errors.APIError.raise_for_response(response)
  File "C:\dev\GitHub\eco-price-ai\backend\venv\Lib\site-packages\google\genai\errors.py", line 155, in raise_for_response
    cls.raise_error(response.status_code, response_json, response)
  File "C:\dev\GitHub\eco-price-ai\backend\venv\Lib\site-packages\google\genai\errors.py", line 184, in raise_error
    raise ClientError(status_code, response_json, response)
google.genai.errors.ClientError: 404 NOT_FOUND. {'error': {'code': 404, 'message': 'This model models/gemini-2.0-flash is no longer available to new users. Please update your code to use a newer model for the latest features and improvements.', 'status': 'NOT_FOUND'}}

During handling of the above exception, another exception occurred:

Traceback (most recent call last):
  File "C:\dev\GitHub\eco-price-ai\backend\main.py", line 254, in get_storage_guide
    storage_data = generate_storage_guide(item_name)
                   ^^^^^^^^^^^^^^^^^^^^^^^^^^^^^^^^^
  File "C:\dev\GitHub\eco-price-ai\backend\services\ai_service.py", line 147, in generate_storage_guide
    raise Exception(f"Gemini API 호출 에러: {e}")
Exception: Gemini API 호출 에러: 404 NOT_FOUND. {'error': {'code': 404, 'message': 'This model models/gemini-2.0-flash is no longer available to new users. Please update your code to use a newer model for the latest features and improvements.', 'status': 'NOT_FOUND'}}

During handling of the above exception, another exception occurred:

Traceback (most recent call last):
  File "C:\dev\GitHub\eco-price-ai\backend\database.py", line 53, in get_db
    yield db
  File "C:\dev\GitHub\eco-price-ai\backend\venv\Lib\site-packages\fastapi\concurrency.py", line 29, in contextmanager_in_threadpool
    yield await run_in_threadpool(cm.__enter__)
  File "C:\dev\GitHub\eco-price-ai\backend\venv\Lib\site-packages\fastapi\routing.py", line 120, in app
    response = await f(request)
               ^^^^^^^^^^^^^^^^
  File "C:\dev\GitHub\eco-price-ai\backend\venv\Lib\site-packages\fastapi\routing.py", line 674, in app
    raw_response = await run_endpoint_function(
                   ^^^^^^^^^^^^^^^^^^^^^^^^^^^^
  File "C:\dev\GitHub\eco-price-ai\backend\venv\Lib\site-packages\fastapi\routing.py", line 330, in run_endpoint_function
    return await run_in_threadpool(dependant.call, **values)
           ^^^^^^^^^^^^^^^^^^^^^^^^^^^^^^^^^^^^^^^^^^^^^^^^^
  File "C:\dev\GitHub\eco-price-ai\backend\venv\Lib\site-packages\starlette\concurrency.py", line 32, in run_in_threadpool
    return await anyio.to_thread.run_sync(func)
           ^^^^^^^^^^^^^^^^^^^^^^^^^^^^^^^^^^^^
  File "C:\dev\GitHub\eco-price-ai\backend\venv\Lib\site-packages\anyio\to_thread.py", line 63, in run_sync
    return await get_async_backend().run_sync_in_worker_thread(
           ^^^^^^^^^^^^^^^^^^^^^^^^^^^^^^^^^^^^^^^^^^^^^^^^^^^^
  File "C:\dev\GitHub\eco-price-ai\backend\venv\Lib\site-packages\anyio\_backends\_asyncio.py", line 2518, in run_sync_in_worker_thread
    return await future
           ^^^^^^^^^^^^
  File "C:\dev\GitHub\eco-price-ai\backend\venv\Lib\site-packages\anyio\_backends\_asyncio.py", line 1002, in run
    result = context.run(func, *args)
             ^^^^^^^^^^^^^^^^^^^^^^^^
  File "C:\dev\GitHub\eco-price-ai\backend\main.py", line 279, in get_storage_guide
    raise HTTPException(status_code=500, detail=f"보관 가이드 생성 오류: {str(e)}")
fastapi.exceptions.HTTPException: 500: 보관 가이드 생성 오류: Gemini API 호출 에러: 404 NOT_FOUND. {'error': {'code': 404, 'message': 'This model models/gemini-2.0-flash is no longer available to new users. Please update your code to use a newer model for the latest features and improvements.', 'status': 'NOT_FOUND'}}
2026-05-31 12:23:05,482 - main - INFO - [요청 완료] GET /api/storage/서울우유 흰우유(1L) | 상태코드: 500 | ID: 2026-05-31T12:23:04.890179
2026-05-31 12:23:09,001 - main - INFO - [요청 시작] OPTIONS /api/ai/recipe | 클라이언트: 127.0.0.1 | ID: 2026-05-31T12:23:09.001464
2026-05-31 12:23:09,001 - main - INFO - [요청 완료] OPTIONS /api/ai/recipe | 상태코드: 200 | ID: 2026-05-31T12:23:09.001464
2026-05-31 12:23:09,008 - main - INFO - [요청 시작] POST /api/ai/recipe | 클라이언트: 127.0.0.1 | ID: 2026-05-31T12:23:09.008675
2026-05-31 12:23:09,011 - main - INFO - AI 레시피 생성 요청: 재료=['오뚜기 크림스프(80g)', '서울우유 흰우유(1L)']
2026-05-31 12:23:09,011 - services.ai_service - INFO - [generate_recipe] Gemini API 호출 시작 (model=gemini-2.0-flash)
2026-05-31 12:23:09,011 - google_genai.models - INFO - AFC is enabled with max remote calls: 10.
2026-05-31 12:23:09,326 - httpx - INFO - HTTP Request: POST https://generativelanguage.googleapis.com/v1beta/models/gemini-2.0-flash:generateContent "HTTP/1.1 404 Not Found"
2026-05-31 12:23:09,331 - services.ai_service - ERROR - [generate_recipe] Gemini API 호출 실패! 에러 타입: ClientError | 메시지: 404 NOT_FOUND. {'error': {'code': 404, 'message': 'This model models/gemini-2.0-flash is no longer available to new users. Please update your code to use a newer model for the latest features and improvements.', 'status': 'NOT_FOUND'}}
Traceback (most recent call last):
  File "C:\dev\GitHub\eco-price-ai\backend\services\ai_service.py", line 78, in generate_recipe
    response = _genai_client.models.generate_content(
               ^^^^^^^^^^^^^^^^^^^^^^^^^^^^^^^^^^^^^^
  File "C:\dev\GitHub\eco-price-ai\backend\venv\Lib\site-packages\google\genai\models.py", line 6454, in generate_content
    response = self._generate_content(
               ^^^^^^^^^^^^^^^^^^^^^^^
  File "C:\dev\GitHub\eco-price-ai\backend\venv\Lib\site-packages\google\genai\models.py", line 4890, in _generate_content
    response = self._api_client.request(
               ^^^^^^^^^^^^^^^^^^^^^^^^^
  File "C:\dev\GitHub\eco-price-ai\backend\venv\Lib\site-packages\google\genai\_api_client.py", line 1611, in request
    response = self._request(http_request, http_options, stream=False)
               ^^^^^^^^^^^^^^^^^^^^^^^^^^^^^^^^^^^^^^^^^^^^^^^^^^^^^^^
  File "C:\dev\GitHub\eco-price-ai\backend\venv\Lib\site-packages\google\genai\_api_client.py", line 1404, in _request
    return self._retry(self._request_once, http_request, stream)  # type: ignore[no-any-return]
           ^^^^^^^^^^^^^^^^^^^^^^^^^^^^^^^^^^^^^^^^^^^^^^^^^^^^^
  File "C:\dev\GitHub\eco-price-ai\backend\venv\Lib\site-packages\tenacity\__init__.py", line 470, in __call__
    do = self.iter(retry_state=retry_state)
         ^^^^^^^^^^^^^^^^^^^^^^^^^^^^^^^^^^
  File "C:\dev\GitHub\eco-price-ai\backend\venv\Lib\site-packages\tenacity\__init__.py", line 371, in iter
    result = action(retry_state)
             ^^^^^^^^^^^^^^^^^^^
  File "C:\dev\GitHub\eco-price-ai\backend\venv\Lib\site-packages\tenacity\__init__.py", line 413, in exc_check
    raise retry_exc.reraise()
          ^^^^^^^^^^^^^^^^^^^
  File "C:\dev\GitHub\eco-price-ai\backend\venv\Lib\site-packages\tenacity\__init__.py", line 184, in reraise
    raise self.last_attempt.result()
          ^^^^^^^^^^^^^^^^^^^^^^^^^^
  File "C:\Users\heee1\AppData\Local\Programs\Python\Python312\Lib\concurrent\futures\_base.py", line 449, in result
    return self.__get_result()
           ^^^^^^^^^^^^^^^^^^^
  File "C:\Users\heee1\AppData\Local\Programs\Python\Python312\Lib\concurrent\futures\_base.py", line 401, in __get_result
    raise self._exception
  File "C:\dev\GitHub\eco-price-ai\backend\venv\Lib\site-packages\tenacity\__init__.py", line 473, in __call__
    result = fn(*args, **kwargs)
             ^^^^^^^^^^^^^^^^^^^
  File "C:\dev\GitHub\eco-price-ai\backend\venv\Lib\site-packages\google\genai\_api_client.py", line 1381, in _request_once
    errors.APIError.raise_for_response(response)
  File "C:\dev\GitHub\eco-price-ai\backend\venv\Lib\site-packages\google\genai\errors.py", line 155, in raise_for_response
    cls.raise_error(response.status_code, response_json, response)
  File "C:\dev\GitHub\eco-price-ai\backend\venv\Lib\site-packages\google\genai\errors.py", line 184, in raise_error
    raise ClientError(status_code, response_json, response)
google.genai.errors.ClientError: 404 NOT_FOUND. {'error': {'code': 404, 'message': 'This model models/gemini-2.0-flash is no longer available to new users. Please update your code to use a newer model for the latest features and improvements.', 'status': 'NOT_FOUND'}}
2026-05-31 12:23:09,332 - main - ERROR - AI 레시피 생성 중 심각한 오류 발생: Gemini API 호출 에러: 404 NOT_FOUND. {'error': {'code': 404, 'message': 'This model models/gemini-2.0-flash is no longer available to new users. Please update your code to use a newer model for the latest features and improvements.', 'status': 'NOT_FOUND'}}
Traceback (most recent call last):
  File "C:\dev\GitHub\eco-price-ai\backend\services\ai_service.py", line 78, in generate_recipe
    response = _genai_client.models.generate_content(
               ^^^^^^^^^^^^^^^^^^^^^^^^^^^^^^^^^^^^^^
  File "C:\dev\GitHub\eco-price-ai\backend\venv\Lib\site-packages\google\genai\models.py", line 6454, in generate_content
    response = self._generate_content(
               ^^^^^^^^^^^^^^^^^^^^^^^
  File "C:\dev\GitHub\eco-price-ai\backend\venv\Lib\site-packages\google\genai\models.py", line 4890, in _generate_content
    response = self._api_client.request(
               ^^^^^^^^^^^^^^^^^^^^^^^^^
  File "C:\dev\GitHub\eco-price-ai\backend\venv\Lib\site-packages\google\genai\_api_client.py", line 1611, in request
    response = self._request(http_request, http_options, stream=False)
               ^^^^^^^^^^^^^^^^^^^^^^^^^^^^^^^^^^^^^^^^^^^^^^^^^^^^^^^
  File "C:\dev\GitHub\eco-price-ai\backend\venv\Lib\site-packages\google\genai\_api_client.py", line 1404, in _request
    return self._retry(self._request_once, http_request, stream)  # type: ignore[no-any-return]
           ^^^^^^^^^^^^^^^^^^^^^^^^^^^^^^^^^^^^^^^^^^^^^^^^^^^^^
  File "C:\dev\GitHub\eco-price-ai\backend\venv\Lib\site-packages\tenacity\__init__.py", line 470, in __call__
    do = self.iter(retry_state=retry_state)
         ^^^^^^^^^^^^^^^^^^^^^^^^^^^^^^^^^^
  File "C:\dev\GitHub\eco-price-ai\backend\venv\Lib\site-packages\tenacity\__init__.py", line 371, in iter
    result = action(retry_state)
             ^^^^^^^^^^^^^^^^^^^
  File "C:\dev\GitHub\eco-price-ai\backend\venv\Lib\site-packages\tenacity\__init__.py", line 413, in exc_check
    raise retry_exc.reraise()
          ^^^^^^^^^^^^^^^^^^^
  File "C:\dev\GitHub\eco-price-ai\backend\venv\Lib\site-packages\tenacity\__init__.py", line 184, in reraise
    raise self.last_attempt.result()
          ^^^^^^^^^^^^^^^^^^^^^^^^^^
  File "C:\Users\heee1\AppData\Local\Programs\Python\Python312\Lib\concurrent\futures\_base.py", line 449, in result
    return self.__get_result()
           ^^^^^^^^^^^^^^^^^^^
  File "C:\Users\heee1\AppData\Local\Programs\Python\Python312\Lib\concurrent\futures\_base.py", line 401, in __get_result
    raise self._exception
  File "C:\dev\GitHub\eco-price-ai\backend\venv\Lib\site-packages\tenacity\__init__.py", line 473, in __call__
    result = fn(*args, **kwargs)
             ^^^^^^^^^^^^^^^^^^^
  File "C:\dev\GitHub\eco-price-ai\backend\venv\Lib\site-packages\google\genai\_api_client.py", line 1381, in _request_once
    errors.APIError.raise_for_response(response)
  File "C:\dev\GitHub\eco-price-ai\backend\venv\Lib\site-packages\google\genai\errors.py", line 155, in raise_for_response
    cls.raise_error(response.status_code, response_json, response)
  File "C:\dev\GitHub\eco-price-ai\backend\venv\Lib\site-packages\google\genai\errors.py", line 184, in raise_error
    raise ClientError(status_code, response_json, response)
google.genai.errors.ClientError: 404 NOT_FOUND. {'error': {'code': 404, 'message': 'This model models/gemini-2.0-flash is no longer available to new users. Please update your code to use a newer model for the latest features and improvements.', 'status': 'NOT_FOUND'}}

During handling of the above exception, another exception occurred:

Traceback (most recent call last):
  File "C:\dev\GitHub\eco-price-ai\backend\main.py", line 189, in create_ai_recipe
    recipe_data = generate_recipe(request.ingredients)
                  ^^^^^^^^^^^^^^^^^^^^^^^^^^^^^^^^^^^^
  File "C:\dev\GitHub\eco-price-ai\backend\services\ai_service.py", line 91, in generate_recipe
    raise Exception(f"Gemini API 호출 에러: {e}")
Exception: Gemini API 호출 에러: 404 NOT_FOUND. {'error': {'code': 404, 'message': 'This model models/gemini-2.0-flash is no longer available to new users. Please update your code to use a newer model for the latest features and improvements.', 'status': 'NOT_FOUND'}}
2026-05-31 12:23:09,333 - database - ERROR - 데이터베이스 세션 중 오류 발생: 500: 레시피 생성 오류: Gemini API 호출 에러: 404 NOT_FOUND. {'error': {'code': 404, 'message': 'This model models/gemini-2.0-flash is no longer available to new users. Please update your code to use a newer model for the latest features and improvements.', 'status': 'NOT_FOUND'}}
Traceback (most recent call last):
  File "C:\dev\GitHub\eco-price-ai\backend\services\ai_service.py", line 78, in generate_recipe
    response = _genai_client.models.generate_content(
               ^^^^^^^^^^^^^^^^^^^^^^^^^^^^^^^^^^^^^^
  File "C:\dev\GitHub\eco-price-ai\backend\venv\Lib\site-packages\google\genai\models.py", line 6454, in generate_content
    response = self._generate_content(
               ^^^^^^^^^^^^^^^^^^^^^^^
  File "C:\dev\GitHub\eco-price-ai\backend\venv\Lib\site-packages\google\genai\models.py", line 4890, in _generate_content
    response = self._api_client.request(
               ^^^^^^^^^^^^^^^^^^^^^^^^^
  File "C:\dev\GitHub\eco-price-ai\backend\venv\Lib\site-packages\google\genai\_api_client.py", line 1611, in request
    response = self._request(http_request, http_options, stream=False)
               ^^^^^^^^^^^^^^^^^^^^^^^^^^^^^^^^^^^^^^^^^^^^^^^^^^^^^^^
  File "C:\dev\GitHub\eco-price-ai\backend\venv\Lib\site-packages\google\genai\_api_client.py", line 1404, in _request
    return self._retry(self._request_once, http_request, stream)  # type: ignore[no-any-return]
           ^^^^^^^^^^^^^^^^^^^^^^^^^^^^^^^^^^^^^^^^^^^^^^^^^^^^^
  File "C:\dev\GitHub\eco-price-ai\backend\venv\Lib\site-packages\tenacity\__init__.py", line 470, in __call__
    do = self.iter(retry_state=retry_state)
         ^^^^^^^^^^^^^^^^^^^^^^^^^^^^^^^^^^
  File "C:\dev\GitHub\eco-price-ai\backend\venv\Lib\site-packages\tenacity\__init__.py", line 371, in iter
    result = action(retry_state)
             ^^^^^^^^^^^^^^^^^^^
  File "C:\dev\GitHub\eco-price-ai\backend\venv\Lib\site-packages\tenacity\__init__.py", line 413, in exc_check
    raise retry_exc.reraise()
          ^^^^^^^^^^^^^^^^^^^
  File "C:\dev\GitHub\eco-price-ai\backend\venv\Lib\site-packages\tenacity\__init__.py", line 184, in reraise
    raise self.last_attempt.result()
          ^^^^^^^^^^^^^^^^^^^^^^^^^^
  File "C:\Users\heee1\AppData\Local\Programs\Python\Python312\Lib\concurrent\futures\_base.py", line 449, in result
    return self.__get_result()
           ^^^^^^^^^^^^^^^^^^^
  File "C:\Users\heee1\AppData\Local\Programs\Python\Python312\Lib\concurrent\futures\_base.py", line 401, in __get_result
    raise self._exception
  File "C:\dev\GitHub\eco-price-ai\backend\venv\Lib\site-packages\tenacity\__init__.py", line 473, in __call__
    result = fn(*args, **kwargs)
             ^^^^^^^^^^^^^^^^^^^
  File "C:\dev\GitHub\eco-price-ai\backend\venv\Lib\site-packages\google\genai\_api_client.py", line 1381, in _request_once
    errors.APIError.raise_for_response(response)
  File "C:\dev\GitHub\eco-price-ai\backend\venv\Lib\site-packages\google\genai\errors.py", line 155, in raise_for_response
    cls.raise_error(response.status_code, response_json, response)
  File "C:\dev\GitHub\eco-price-ai\backend\venv\Lib\site-packages\google\genai\errors.py", line 184, in raise_error
    raise ClientError(status_code, response_json, response)
google.genai.errors.ClientError: 404 NOT_FOUND. {'error': {'code': 404, 'message': 'This model models/gemini-2.0-flash is no longer available to new users. Please update your code to use a newer model for the latest features and improvements.', 'status': 'NOT_FOUND'}}

During handling of the above exception, another exception occurred:

Traceback (most recent call last):
  File "C:\dev\GitHub\eco-price-ai\backend\main.py", line 189, in create_ai_recipe
    recipe_data = generate_recipe(request.ingredients)
                  ^^^^^^^^^^^^^^^^^^^^^^^^^^^^^^^^^^^^
  File "C:\dev\GitHub\eco-price-ai\backend\services\ai_service.py", line 91, in generate_recipe
    raise Exception(f"Gemini API 호출 에러: {e}")
Exception: Gemini API 호출 에러: 404 NOT_FOUND. {'error': {'code': 404, 'message': 'This model models/gemini-2.0-flash is no longer available to new users. Please update your code to use a newer model for the latest features and improvements.', 'status': 'NOT_FOUND'}}

During handling of the above exception, another exception occurred:

Traceback (most recent call last):
  File "C:\dev\GitHub\eco-price-ai\backend\database.py", line 53, in get_db
    yield db
  File "C:\dev\GitHub\eco-price-ai\backend\venv\Lib\site-packages\fastapi\concurrency.py", line 29, in contextmanager_in_threadpool
    yield await run_in_threadpool(cm.__enter__)
  File "C:\dev\GitHub\eco-price-ai\backend\venv\Lib\site-packages\fastapi\routing.py", line 120, in app
    response = await f(request)
               ^^^^^^^^^^^^^^^^
  File "C:\dev\GitHub\eco-price-ai\backend\venv\Lib\site-packages\fastapi\routing.py", line 674, in app
    raw_response = await run_endpoint_function(
                   ^^^^^^^^^^^^^^^^^^^^^^^^^^^^
  File "C:\dev\GitHub\eco-price-ai\backend\venv\Lib\site-packages\fastapi\routing.py", line 330, in run_endpoint_function
    return await run_in_threadpool(dependant.call, **values)
           ^^^^^^^^^^^^^^^^^^^^^^^^^^^^^^^^^^^^^^^^^^^^^^^^^
  File "C:\dev\GitHub\eco-price-ai\backend\venv\Lib\site-packages\starlette\concurrency.py", line 32, in run_in_threadpool
    return await anyio.to_thread.run_sync(func)
           ^^^^^^^^^^^^^^^^^^^^^^^^^^^^^^^^^^^^
  File "C:\dev\GitHub\eco-price-ai\backend\venv\Lib\site-packages\anyio\to_thread.py", line 63, in run_sync
    return await get_async_backend().run_sync_in_worker_thread(
           ^^^^^^^^^^^^^^^^^^^^^^^^^^^^^^^^^^^^^^^^^^^^^^^^^^^^
  File "C:\dev\GitHub\eco-price-ai\backend\venv\Lib\site-packages\anyio\_backends\_asyncio.py", line 2518, in run_sync_in_worker_thread
    return await future
           ^^^^^^^^^^^^
  File "C:\dev\GitHub\eco-price-ai\backend\venv\Lib\site-packages\anyio\_backends\_asyncio.py", line 1002, in run
    result = context.run(func, *args)
             ^^^^^^^^^^^^^^^^^^^^^^^^
  File "C:\dev\GitHub\eco-price-ai\backend\main.py", line 221, in create_ai_recipe
    raise HTTPException(status_code=500, detail=f"레시피 생성 오류: {str(e)}")
fastapi.exceptions.HTTPException: 500: 레시피 생성 오류: Gemini API 호출 에러: 404 NOT_FOUND. {'error': {'code': 404, 'message': 'This model models/gemini-2.0-flash is no longer available to new users. Please update your code to use a newer model for the latest features and improvements.', 'status': 'NOT_FOUND'}}
2026-05-31 12:23:09,335 - main - INFO - [요청 완료] POST /api/ai/recipe | 상태코드: 500 | ID: 2026-05-31T12:23:09.008675
2026-05-31 12:33:08,303 - main - INFO - FastAPI 애플리케이션 시작
2026-05-31 12:34:16,335 - main - INFO - FastAPI 애플리케이션 시작
2026-05-31 12:34:25,781 - main - INFO - [요청 시작] GET /items | 클라이언트: 127.0.0.1 | ID: 2026-05-31T12:34:25.781072
2026-05-31 12:34:25,781 - main - INFO - 마켓 가격 조회 요청: 검색어='None'
2026-05-31 12:34:25,799 - main - INFO - 마켓 가격 조회 완료: 50개 항목 반환 (DB 500개 중 비식품 제외, 최대 50개 제한)
2026-05-31 12:34:25,802 - main - INFO - [요청 완료] GET /items | 상태코드: 200 | ID: 2026-05-31T12:34:25.781072
2026-05-31 12:34:25,805 - main - INFO - [요청 시작] GET /items | 클라이언트: 127.0.0.1 | ID: 2026-05-31T12:34:25.805619
2026-05-31 12:34:25,806 - main - INFO - 마켓 가격 조회 요청: 검색어='None'
2026-05-31 12:34:25,816 - main - INFO - 마켓 가격 조회 완료: 50개 항목 반환 (DB 500개 중 비식품 제외, 최대 50개 제한)
2026-05-31 12:34:25,816 - main - INFO - [요청 완료] GET /items | 상태코드: 200 | ID: 2026-05-31T12:34:25.805619
2026-05-31 12:34:27,497 - main - INFO - [요청 시작] GET /api/storage/오뚜기 크림스프(80g) | 클라이언트: 127.0.0.1 | ID: 2026-05-31T12:34:27.497226
2026-05-31 12:34:27,506 - main - INFO - 보관 가이드 조회 요청: item_name=오뚜기 크림스프(80g)
2026-05-31 12:34:27,514 - main - INFO - 기존 보관 가이드 발견: guide_id=1
2026-05-31 12:34:27,516 - main - INFO - [요청 완료] GET /api/storage/오뚜기 크림스프(80g) | 상태코드: 200 | ID: 2026-05-31T12:34:27.497226
2026-05-31 12:34:29,438 - main - INFO - [요청 시작] GET /api/storage/오뚜기 크림스프(80g) | 클라이언트: 127.0.0.1 | ID: 2026-05-31T12:34:29.438933
2026-05-31 12:34:29,438 - main - INFO - 보관 가이드 조회 요청: item_name=오뚜기 크림스프(80g)
2026-05-31 12:34:29,444 - main - INFO - 기존 보관 가이드 발견: guide_id=1
2026-05-31 12:34:29,444 - main - INFO - [요청 완료] GET /api/storage/오뚜기 크림스프(80g) | 상태코드: 200 | ID: 2026-05-31T12:34:29.438933
2026-05-31 12:34:33,115 - main - INFO - [요청 시작] OPTIONS /api/ai/recipe | 클라이언트: 127.0.0.1 | ID: 2026-05-31T12:34:33.115909
2026-05-31 12:34:33,121 - main - INFO - [요청 완료] OPTIONS /api/ai/recipe | 상태코드: 200 | ID: 2026-05-31T12:34:33.115909
2026-05-31 12:34:33,123 - main - INFO - [요청 시작] POST /api/ai/recipe | 클라이언트: 127.0.0.1 | ID: 2026-05-31T12:34:33.123099
2026-05-31 12:34:33,126 - main - INFO - AI 레시피 생성 요청: 재료=['오뚜기 크림스프(80g)', '서울우유 흰우유(1L)']
2026-05-31 12:34:33,139 - services.ai_service - INFO - [generate_recipe] Gemini API 호출 시작 (model=gemini-1.5-flash)
2026-05-31 12:34:33,139 - google_genai.models - INFO - AFC is enabled with max remote calls: 10.
2026-05-31 12:34:33,426 - httpx - INFO - HTTP Request: POST https://generativelanguage.googleapis.com/v1beta/models/gemini-1.5-flash:generateContent "HTTP/1.1 404 Not Found"
2026-05-31 12:34:33,426 - services.ai_service - ERROR - [generate_recipe] Gemini API 호출 실패! 에러 타입: ClientError | 메시지: 404 NOT_FOUND. {'error': {'code': 404, 'message': 'models/gemini-1.5-flash is not found for API version v1beta, or is not supported for generateContent. Call ModelService.ListModels to see the list of available models and their supported methods.', 'status': 'NOT_FOUND'}}
Traceback (most recent call last):
  File "C:\dev\GitHub\eco-price-ai\backend\services\ai_service.py", line 79, in generate_recipe
    response = _genai_client.models.generate_content(
               ^^^^^^^^^^^^^^^^^^^^^^^^^^^^^^^^^^^^^^
  File "C:\Users\heee1\AppData\Local\Programs\Python\Python312\Lib\site-packages\google\genai\models.py", line 6405, in generate_content
    response = self._generate_content(
               ^^^^^^^^^^^^^^^^^^^^^^^
  File "C:\Users\heee1\AppData\Local\Programs\Python\Python312\Lib\site-packages\google\genai\models.py", line 4841, in _generate_content
    response = self._api_client.request(
               ^^^^^^^^^^^^^^^^^^^^^^^^^
  File "C:\Users\heee1\AppData\Local\Programs\Python\Python312\Lib\site-packages\google\genai\_api_client.py", line 1611, in request
    response = self._request(http_request, http_options, stream=False)
               ^^^^^^^^^^^^^^^^^^^^^^^^^^^^^^^^^^^^^^^^^^^^^^^^^^^^^^^
  File "C:\Users\heee1\AppData\Local\Programs\Python\Python312\Lib\site-packages\google\genai\_api_client.py", line 1404, in _request
    return self._retry(self._request_once, http_request, stream)  # type: ignore[no-any-return]
           ^^^^^^^^^^^^^^^^^^^^^^^^^^^^^^^^^^^^^^^^^^^^^^^^^^^^^
  File "C:\Users\heee1\AppData\Local\Programs\Python\Python312\Lib\site-packages\tenacity\__init__.py", line 470, in __call__
    do = self.iter(retry_state=retry_state)
         ^^^^^^^^^^^^^^^^^^^^^^^^^^^^^^^^^^
  File "C:\Users\heee1\AppData\Local\Programs\Python\Python312\Lib\site-packages\tenacity\__init__.py", line 371, in iter
    result = action(retry_state)
             ^^^^^^^^^^^^^^^^^^^
  File "C:\Users\heee1\AppData\Local\Programs\Python\Python312\Lib\site-packages\tenacity\__init__.py", line 413, in exc_check
    raise retry_exc.reraise()
          ^^^^^^^^^^^^^^^^^^^
  File "C:\Users\heee1\AppData\Local\Programs\Python\Python312\Lib\site-packages\tenacity\__init__.py", line 184, in reraise
    raise self.last_attempt.result()
          ^^^^^^^^^^^^^^^^^^^^^^^^^^
  File "C:\Users\heee1\AppData\Local\Programs\Python\Python312\Lib\concurrent\futures\_base.py", line 449, in result
    return self.__get_result()
           ^^^^^^^^^^^^^^^^^^^
  File "C:\Users\heee1\AppData\Local\Programs\Python\Python312\Lib\concurrent\futures\_base.py", line 401, in __get_result
    raise self._exception
  File "C:\Users\heee1\AppData\Local\Programs\Python\Python312\Lib\site-packages\tenacity\__init__.py", line 473, in __call__
    result = fn(*args, **kwargs)
             ^^^^^^^^^^^^^^^^^^^
  File "C:\Users\heee1\AppData\Local\Programs\Python\Python312\Lib\site-packages\google\genai\_api_client.py", line 1381, in _request_once
    errors.APIError.raise_for_response(response)
  File "C:\Users\heee1\AppData\Local\Programs\Python\Python312\Lib\site-packages\google\genai\errors.py", line 155, in raise_for_response
    cls.raise_error(response.status_code, response_json, response)
  File "C:\Users\heee1\AppData\Local\Programs\Python\Python312\Lib\site-packages\google\genai\errors.py", line 184, in raise_error
    raise ClientError(status_code, response_json, response)
google.genai.errors.ClientError: 404 NOT_FOUND. {'error': {'code': 404, 'message': 'models/gemini-1.5-flash is not found for API version v1beta, or is not supported for generateContent. Call ModelService.ListModels to see the list of available models and their supported methods.', 'status': 'NOT_FOUND'}}
2026-05-31 12:34:33,462 - main - ERROR - AI 레시피 생성 중 심각한 오류 발생: Gemini API 호출 에러: 404 NOT_FOUND. {'error': {'code': 404, 'message': 'models/gemini-1.5-flash is not found for API version v1beta, or is not supported for generateContent. Call ModelService.ListModels to see the list of available models and their supported methods.', 'status': 'NOT_FOUND'}}
Traceback (most recent call last):
  File "C:\dev\GitHub\eco-price-ai\backend\services\ai_service.py", line 79, in generate_recipe
    response = _genai_client.models.generate_content(
               ^^^^^^^^^^^^^^^^^^^^^^^^^^^^^^^^^^^^^^
  File "C:\Users\heee1\AppData\Local\Programs\Python\Python312\Lib\site-packages\google\genai\models.py", line 6405, in generate_content
    response = self._generate_content(
               ^^^^^^^^^^^^^^^^^^^^^^^
  File "C:\Users\heee1\AppData\Local\Programs\Python\Python312\Lib\site-packages\google\genai\models.py", line 4841, in _generate_content
    response = self._api_client.request(
               ^^^^^^^^^^^^^^^^^^^^^^^^^
  File "C:\Users\heee1\AppData\Local\Programs\Python\Python312\Lib\site-packages\google\genai\_api_client.py", line 1611, in request
    response = self._request(http_request, http_options, stream=False)
               ^^^^^^^^^^^^^^^^^^^^^^^^^^^^^^^^^^^^^^^^^^^^^^^^^^^^^^^
  File "C:\Users\heee1\AppData\Local\Programs\Python\Python312\Lib\site-packages\google\genai\_api_client.py", line 1404, in _request
    return self._retry(self._request_once, http_request, stream)  # type: ignore[no-any-return]
           ^^^^^^^^^^^^^^^^^^^^^^^^^^^^^^^^^^^^^^^^^^^^^^^^^^^^^
  File "C:\Users\heee1\AppData\Local\Programs\Python\Python312\Lib\site-packages\tenacity\__init__.py", line 470, in __call__
    do = self.iter(retry_state=retry_state)
         ^^^^^^^^^^^^^^^^^^^^^^^^^^^^^^^^^^
  File "C:\Users\heee1\AppData\Local\Programs\Python\Python312\Lib\site-packages\tenacity\__init__.py", line 371, in iter
    result = action(retry_state)
             ^^^^^^^^^^^^^^^^^^^
  File "C:\Users\heee1\AppData\Local\Programs\Python\Python312\Lib\site-packages\tenacity\__init__.py", line 413, in exc_check
    raise retry_exc.reraise()
          ^^^^^^^^^^^^^^^^^^^
  File "C:\Users\heee1\AppData\Local\Programs\Python\Python312\Lib\site-packages\tenacity\__init__.py", line 184, in reraise
    raise self.last_attempt.result()
          ^^^^^^^^^^^^^^^^^^^^^^^^^^
  File "C:\Users\heee1\AppData\Local\Programs\Python\Python312\Lib\concurrent\futures\_base.py", line 449, in result
    return self.__get_result()
           ^^^^^^^^^^^^^^^^^^^
  File "C:\Users\heee1\AppData\Local\Programs\Python\Python312\Lib\concurrent\futures\_base.py", line 401, in __get_result
    raise self._exception
  File "C:\Users\heee1\AppData\Local\Programs\Python\Python312\Lib\site-packages\tenacity\__init__.py", line 473, in __call__
    result = fn(*args, **kwargs)
             ^^^^^^^^^^^^^^^^^^^
  File "C:\Users\heee1\AppData\Local\Programs\Python\Python312\Lib\site-packages\google\genai\_api_client.py", line 1381, in _request_once
    errors.APIError.raise_for_response(response)
  File "C:\Users\heee1\AppData\Local\Programs\Python\Python312\Lib\site-packages\google\genai\errors.py", line 155, in raise_for_response
    cls.raise_error(response.status_code, response_json, response)
  File "C:\Users\heee1\AppData\Local\Programs\Python\Python312\Lib\site-packages\google\genai\errors.py", line 184, in raise_error
    raise ClientError(status_code, response_json, response)
google.genai.errors.ClientError: 404 NOT_FOUND. {'error': {'code': 404, 'message': 'models/gemini-1.5-flash is not found for API version v1beta, or is not supported for generateContent. Call ModelService.ListModels to see the list of available models and their supported methods.', 'status': 'NOT_FOUND'}}

During handling of the above exception, another exception occurred:

Traceback (most recent call last):
  File "C:\dev\GitHub\eco-price-ai\backend\main.py", line 189, in create_ai_recipe
    recipe_data = generate_recipe(request.ingredients)
                  ^^^^^^^^^^^^^^^^^^^^^^^^^^^^^^^^^^^^
  File "C:\dev\GitHub\eco-price-ai\backend\services\ai_service.py", line 92, in generate_recipe
    raise Exception(f"Gemini API 호출 에러: {e}")
Exception: Gemini API 호출 에러: 404 NOT_FOUND. {'error': {'code': 404, 'message': 'models/gemini-1.5-flash is not found for API version v1beta, or is not supported for generateContent. Call ModelService.ListModels to see the list of available models and their supported methods.', 'status': 'NOT_FOUND'}}
2026-05-31 12:34:33,462 - database - ERROR - 데이터베이스 세션 중 오류 발생: 500: 레시피 생성 오류: Gemini API 호출 에러: 404 NOT_FOUND. {'error': {'code': 404, 'message': 'models/gemini-1.5-flash is not found for API version v1beta, or is not supported for generateContent. Call ModelService.ListModels to see the list of available models and their supported methods.', 'status': 'NOT_FOUND'}}
Traceback (most recent call last):
  File "C:\dev\GitHub\eco-price-ai\backend\services\ai_service.py", line 79, in generate_recipe
    response = _genai_client.models.generate_content(
               ^^^^^^^^^^^^^^^^^^^^^^^^^^^^^^^^^^^^^^
  File "C:\Users\heee1\AppData\Local\Programs\Python\Python312\Lib\site-packages\google\genai\models.py", line 6405, in generate_content
    response = self._generate_content(
               ^^^^^^^^^^^^^^^^^^^^^^^
  File "C:\Users\heee1\AppData\Local\Programs\Python\Python312\Lib\site-packages\google\genai\models.py", line 4841, in _generate_content
    response = self._api_client.request(
               ^^^^^^^^^^^^^^^^^^^^^^^^^
  File "C:\Users\heee1\AppData\Local\Programs\Python\Python312\Lib\site-packages\google\genai\_api_client.py", line 1611, in request
    response = self._request(http_request, http_options, stream=False)
               ^^^^^^^^^^^^^^^^^^^^^^^^^^^^^^^^^^^^^^^^^^^^^^^^^^^^^^^
  File "C:\Users\heee1\AppData\Local\Programs\Python\Python312\Lib\site-packages\google\genai\_api_client.py", line 1404, in _request
    return self._retry(self._request_once, http_request, stream)  # type: ignore[no-any-return]
           ^^^^^^^^^^^^^^^^^^^^^^^^^^^^^^^^^^^^^^^^^^^^^^^^^^^^^
  File "C:\Users\heee1\AppData\Local\Programs\Python\Python312\Lib\site-packages\tenacity\__init__.py", line 470, in __call__
    do = self.iter(retry_state=retry_state)
         ^^^^^^^^^^^^^^^^^^^^^^^^^^^^^^^^^^
  File "C:\Users\heee1\AppData\Local\Programs\Python\Python312\Lib\site-packages\tenacity\__init__.py", line 371, in iter
    result = action(retry_state)
             ^^^^^^^^^^^^^^^^^^^
  File "C:\Users\heee1\AppData\Local\Programs\Python\Python312\Lib\site-packages\tenacity\__init__.py", line 413, in exc_check
    raise retry_exc.reraise()
          ^^^^^^^^^^^^^^^^^^^
  File "C:\Users\heee1\AppData\Local\Programs\Python\Python312\Lib\site-packages\tenacity\__init__.py", line 184, in reraise
    raise self.last_attempt.result()
          ^^^^^^^^^^^^^^^^^^^^^^^^^^
  File "C:\Users\heee1\AppData\Local\Programs\Python\Python312\Lib\concurrent\futures\_base.py", line 449, in result
    return self.__get_result()
           ^^^^^^^^^^^^^^^^^^^
  File "C:\Users\heee1\AppData\Local\Programs\Python\Python312\Lib\concurrent\futures\_base.py", line 401, in __get_result
    raise self._exception
  File "C:\Users\heee1\AppData\Local\Programs\Python\Python312\Lib\site-packages\tenacity\__init__.py", line 473, in __call__
    result = fn(*args, **kwargs)
             ^^^^^^^^^^^^^^^^^^^
  File "C:\Users\heee1\AppData\Local\Programs\Python\Python312\Lib\site-packages\google\genai\_api_client.py", line 1381, in _request_once
    errors.APIError.raise_for_response(response)
  File "C:\Users\heee1\AppData\Local\Programs\Python\Python312\Lib\site-packages\google\genai\errors.py", line 155, in raise_for_response
    cls.raise_error(response.status_code, response_json, response)
  File "C:\Users\heee1\AppData\Local\Programs\Python\Python312\Lib\site-packages\google\genai\errors.py", line 184, in raise_error
    raise ClientError(status_code, response_json, response)
google.genai.errors.ClientError: 404 NOT_FOUND. {'error': {'code': 404, 'message': 'models/gemini-1.5-flash is not found for API version v1beta, or is not supported for generateContent. Call ModelService.ListModels to see the list of available models and their supported methods.', 'status': 'NOT_FOUND'}}

During handling of the above exception, another exception occurred:

Traceback (most recent call last):
  File "C:\dev\GitHub\eco-price-ai\backend\main.py", line 189, in create_ai_recipe
    recipe_data = generate_recipe(request.ingredients)
                  ^^^^^^^^^^^^^^^^^^^^^^^^^^^^^^^^^^^^
  File "C:\dev\GitHub\eco-price-ai\backend\services\ai_service.py", line 92, in generate_recipe
    raise Exception(f"Gemini API 호출 에러: {e}")
Exception: Gemini API 호출 에러: 404 NOT_FOUND. {'error': {'code': 404, 'message': 'models/gemini-1.5-flash is not found for API version v1beta, or is not supported for generateContent. Call ModelService.ListModels to see the list of available models and their supported methods.', 'status': 'NOT_FOUND'}}

During handling of the above exception, another exception occurred:

Traceback (most recent call last):
  File "C:\dev\GitHub\eco-price-ai\backend\database.py", line 53, in get_db
    yield db
  File "C:\Users\heee1\AppData\Local\Programs\Python\Python312\Lib\site-packages\fastapi\concurrency.py", line 29, in contextmanager_in_threadpool
    yield await run_in_threadpool(cm.__enter__)
  File "C:\Users\heee1\AppData\Local\Programs\Python\Python312\Lib\site-packages\fastapi\routing.py", line 120, in app
    response = await f(request)
               ^^^^^^^^^^^^^^^^
  File "C:\Users\heee1\AppData\Local\Programs\Python\Python312\Lib\site-packages\fastapi\routing.py", line 674, in app
    raw_response = await run_endpoint_function(
                   ^^^^^^^^^^^^^^^^^^^^^^^^^^^^
  File "C:\Users\heee1\AppData\Local\Programs\Python\Python312\Lib\site-packages\fastapi\routing.py", line 330, in run_endpoint_function
    return await run_in_threadpool(dependant.call, **values)
           ^^^^^^^^^^^^^^^^^^^^^^^^^^^^^^^^^^^^^^^^^^^^^^^^^
  File "C:\Users\heee1\AppData\Local\Programs\Python\Python312\Lib\site-packages\starlette\concurrency.py", line 32, in run_in_threadpool
    return await anyio.to_thread.run_sync(func)
           ^^^^^^^^^^^^^^^^^^^^^^^^^^^^^^^^^^^^
  File "C:\Users\heee1\AppData\Local\Programs\Python\Python312\Lib\site-packages\anyio\to_thread.py", line 63, in run_sync
    return await get_async_backend().run_sync_in_worker_thread(
           ^^^^^^^^^^^^^^^^^^^^^^^^^^^^^^^^^^^^^^^^^^^^^^^^^^^^
  File "C:\Users\heee1\AppData\Local\Programs\Python\Python312\Lib\site-packages\anyio\_backends\_asyncio.py", line 2518, in run_sync_in_worker_thread
    return await future
           ^^^^^^^^^^^^
  File "C:\Users\heee1\AppData\Local\Programs\Python\Python312\Lib\site-packages\anyio\_backends\_asyncio.py", line 1002, in run
    result = context.run(func, *args)
             ^^^^^^^^^^^^^^^^^^^^^^^^
  File "C:\dev\GitHub\eco-price-ai\backend\main.py", line 221, in create_ai_recipe
    raise HTTPException(status_code=500, detail=f"레시피 생성 오류: {str(e)}")
fastapi.exceptions.HTTPException: 500: 레시피 생성 오류: Gemini API 호출 에러: 404 NOT_FOUND. {'error': {'code': 404, 'message': 'models/gemini-1.5-flash is not found for API version v1beta, or is not supported for generateContent. Call ModelService.ListModels to see the list of available models and their supported methods.', 'status': 'NOT_FOUND'}}
2026-05-31 12:34:33,488 - main - INFO - [요청 완료] POST /api/ai/recipe | 상태코드: 500 | ID: 2026-05-31T12:34:33.123099
2026-05-31 12:34:40,607 - main - INFO - [요청 시작] POST /api/ai/recipe | 클라이언트: 127.0.0.1 | ID: 2026-05-31T12:34:40.607469
2026-05-31 12:34:40,607 - main - INFO - AI 레시피 생성 요청: 재료=['오뚜기 크림스프(80g)', '서울우유 흰우유(1L)']
2026-05-31 12:34:40,607 - services.ai_service - INFO - [generate_recipe] Gemini API 호출 시작 (model=gemini-1.5-flash)
2026-05-31 12:34:40,607 - google_genai.models - INFO - AFC is enabled with max remote calls: 10.
2026-05-31 12:34:40,831 - httpx - INFO - HTTP Request: POST https://generativelanguage.googleapis.com/v1beta/models/gemini-1.5-flash:generateContent "HTTP/1.1 404 Not Found"
2026-05-31 12:34:40,831 - services.ai_service - ERROR - [generate_recipe] Gemini API 호출 실패! 에러 타입: ClientError | 메시지: 404 NOT_FOUND. {'error': {'code': 404, 'message': 'models/gemini-1.5-flash is not found for API version v1beta, or is not supported for generateContent. Call ModelService.ListModels to see the list of available models and their supported methods.', 'status': 'NOT_FOUND'}}
Traceback (most recent call last):
  File "C:\dev\GitHub\eco-price-ai\backend\services\ai_service.py", line 79, in generate_recipe
    response = _genai_client.models.generate_content(
               ^^^^^^^^^^^^^^^^^^^^^^^^^^^^^^^^^^^^^^
  File "C:\Users\heee1\AppData\Local\Programs\Python\Python312\Lib\site-packages\google\genai\models.py", line 6405, in generate_content
    response = self._generate_content(
               ^^^^^^^^^^^^^^^^^^^^^^^
  File "C:\Users\heee1\AppData\Local\Programs\Python\Python312\Lib\site-packages\google\genai\models.py", line 4841, in _generate_content
    response = self._api_client.request(
               ^^^^^^^^^^^^^^^^^^^^^^^^^
  File "C:\Users\heee1\AppData\Local\Programs\Python\Python312\Lib\site-packages\google\genai\_api_client.py", line 1611, in request
    response = self._request(http_request, http_options, stream=False)
               ^^^^^^^^^^^^^^^^^^^^^^^^^^^^^^^^^^^^^^^^^^^^^^^^^^^^^^^
  File "C:\Users\heee1\AppData\Local\Programs\Python\Python312\Lib\site-packages\google\genai\_api_client.py", line 1404, in _request
    return self._retry(self._request_once, http_request, stream)  # type: ignore[no-any-return]
           ^^^^^^^^^^^^^^^^^^^^^^^^^^^^^^^^^^^^^^^^^^^^^^^^^^^^^
  File "C:\Users\heee1\AppData\Local\Programs\Python\Python312\Lib\site-packages\tenacity\__init__.py", line 470, in __call__
    do = self.iter(retry_state=retry_state)
         ^^^^^^^^^^^^^^^^^^^^^^^^^^^^^^^^^^
  File "C:\Users\heee1\AppData\Local\Programs\Python\Python312\Lib\site-packages\tenacity\__init__.py", line 371, in iter
    result = action(retry_state)
             ^^^^^^^^^^^^^^^^^^^
  File "C:\Users\heee1\AppData\Local\Programs\Python\Python312\Lib\site-packages\tenacity\__init__.py", line 413, in exc_check
    raise retry_exc.reraise()
          ^^^^^^^^^^^^^^^^^^^
  File "C:\Users\heee1\AppData\Local\Programs\Python\Python312\Lib\site-packages\tenacity\__init__.py", line 184, in reraise
    raise self.last_attempt.result()
          ^^^^^^^^^^^^^^^^^^^^^^^^^^
  File "C:\Users\heee1\AppData\Local\Programs\Python\Python312\Lib\concurrent\futures\_base.py", line 449, in result
    return self.__get_result()
           ^^^^^^^^^^^^^^^^^^^
  File "C:\Users\heee1\AppData\Local\Programs\Python\Python312\Lib\concurrent\futures\_base.py", line 401, in __get_result
    raise self._exception
  File "C:\Users\heee1\AppData\Local\Programs\Python\Python312\Lib\site-packages\tenacity\__init__.py", line 473, in __call__
    result = fn(*args, **kwargs)
             ^^^^^^^^^^^^^^^^^^^
  File "C:\Users\heee1\AppData\Local\Programs\Python\Python312\Lib\site-packages\google\genai\_api_client.py", line 1381, in _request_once
    errors.APIError.raise_for_response(response)
  File "C:\Users\heee1\AppData\Local\Programs\Python\Python312\Lib\site-packages\google\genai\errors.py", line 155, in raise_for_response
    cls.raise_error(response.status_code, response_json, response)
  File "C:\Users\heee1\AppData\Local\Programs\Python\Python312\Lib\site-packages\google\genai\errors.py", line 184, in raise_error
    raise ClientError(status_code, response_json, response)
google.genai.errors.ClientError: 404 NOT_FOUND. {'error': {'code': 404, 'message': 'models/gemini-1.5-flash is not found for API version v1beta, or is not supported for generateContent. Call ModelService.ListModels to see the list of available models and their supported methods.', 'status': 'NOT_FOUND'}}
2026-05-31 12:34:40,831 - main - ERROR - AI 레시피 생성 중 심각한 오류 발생: Gemini API 호출 에러: 404 NOT_FOUND. {'error': {'code': 404, 'message': 'models/gemini-1.5-flash is not found for API version v1beta, or is not supported for generateContent. Call ModelService.ListModels to see the list of available models and their supported methods.', 'status': 'NOT_FOUND'}}
Traceback (most recent call last):
  File "C:\dev\GitHub\eco-price-ai\backend\services\ai_service.py", line 79, in generate_recipe
    response = _genai_client.models.generate_content(
               ^^^^^^^^^^^^^^^^^^^^^^^^^^^^^^^^^^^^^^
  File "C:\Users\heee1\AppData\Local\Programs\Python\Python312\Lib\site-packages\google\genai\models.py", line 6405, in generate_content
    response = self._generate_content(
               ^^^^^^^^^^^^^^^^^^^^^^^
  File "C:\Users\heee1\AppData\Local\Programs\Python\Python312\Lib\site-packages\google\genai\models.py", line 4841, in _generate_content
    response = self._api_client.request(
               ^^^^^^^^^^^^^^^^^^^^^^^^^
  File "C:\Users\heee1\AppData\Local\Programs\Python\Python312\Lib\site-packages\google\genai\_api_client.py", line 1611, in request
    response = self._request(http_request, http_options, stream=False)
               ^^^^^^^^^^^^^^^^^^^^^^^^^^^^^^^^^^^^^^^^^^^^^^^^^^^^^^^
  File "C:\Users\heee1\AppData\Local\Programs\Python\Python312\Lib\site-packages\google\genai\_api_client.py", line 1404, in _request
    return self._retry(self._request_once, http_request, stream)  # type: ignore[no-any-return]
           ^^^^^^^^^^^^^^^^^^^^^^^^^^^^^^^^^^^^^^^^^^^^^^^^^^^^^
  File "C:\Users\heee1\AppData\Local\Programs\Python\Python312\Lib\site-packages\tenacity\__init__.py", line 470, in __call__
    do = self.iter(retry_state=retry_state)
         ^^^^^^^^^^^^^^^^^^^^^^^^^^^^^^^^^^
  File "C:\Users\heee1\AppData\Local\Programs\Python\Python312\Lib\site-packages\tenacity\__init__.py", line 371, in iter
    result = action(retry_state)
             ^^^^^^^^^^^^^^^^^^^
  File "C:\Users\heee1\AppData\Local\Programs\Python\Python312\Lib\site-packages\tenacity\__init__.py", line 413, in exc_check
    raise retry_exc.reraise()
          ^^^^^^^^^^^^^^^^^^^
  File "C:\Users\heee1\AppData\Local\Programs\Python\Python312\Lib\site-packages\tenacity\__init__.py", line 184, in reraise
    raise self.last_attempt.result()
          ^^^^^^^^^^^^^^^^^^^^^^^^^^
  File "C:\Users\heee1\AppData\Local\Programs\Python\Python312\Lib\concurrent\futures\_base.py", line 449, in result
    return self.__get_result()
           ^^^^^^^^^^^^^^^^^^^
  File "C:\Users\heee1\AppData\Local\Programs\Python\Python312\Lib\concurrent\futures\_base.py", line 401, in __get_result
    raise self._exception
  File "C:\Users\heee1\AppData\Local\Programs\Python\Python312\Lib\site-packages\tenacity\__init__.py", line 473, in __call__
    result = fn(*args, **kwargs)
             ^^^^^^^^^^^^^^^^^^^
  File "C:\Users\heee1\AppData\Local\Programs\Python\Python312\Lib\site-packages\google\genai\_api_client.py", line 1381, in _request_once
    errors.APIError.raise_for_response(response)
  File "C:\Users\heee1\AppData\Local\Programs\Python\Python312\Lib\site-packages\google\genai\errors.py", line 155, in raise_for_response
    cls.raise_error(response.status_code, response_json, response)
  File "C:\Users\heee1\AppData\Local\Programs\Python\Python312\Lib\site-packages\google\genai\errors.py", line 184, in raise_error
    raise ClientError(status_code, response_json, response)
google.genai.errors.ClientError: 404 NOT_FOUND. {'error': {'code': 404, 'message': 'models/gemini-1.5-flash is not found for API version v1beta, or is not supported for generateContent. Call ModelService.ListModels to see the list of available models and their supported methods.', 'status': 'NOT_FOUND'}}

During handling of the above exception, another exception occurred:

Traceback (most recent call last):
  File "C:\dev\GitHub\eco-price-ai\backend\main.py", line 189, in create_ai_recipe
    recipe_data = generate_recipe(request.ingredients)
                  ^^^^^^^^^^^^^^^^^^^^^^^^^^^^^^^^^^^^
  File "C:\dev\GitHub\eco-price-ai\backend\services\ai_service.py", line 92, in generate_recipe
    raise Exception(f"Gemini API 호출 에러: {e}")
Exception: Gemini API 호출 에러: 404 NOT_FOUND. {'error': {'code': 404, 'message': 'models/gemini-1.5-flash is not found for API version v1beta, or is not supported for generateContent. Call ModelService.ListModels to see the list of available models and their supported methods.', 'status': 'NOT_FOUND'}}
2026-05-31 12:34:40,831 - database - ERROR - 데이터베이스 세션 중 오류 발생: 500: 레시피 생성 오류: Gemini API 호출 에러: 404 NOT_FOUND. {'error': {'code': 404, 'message': 'models/gemini-1.5-flash is not found for API version v1beta, or is not supported for generateContent. Call ModelService.ListModels to see the list of available models and their supported methods.', 'status': 'NOT_FOUND'}}
Traceback (most recent call last):
  File "C:\dev\GitHub\eco-price-ai\backend\services\ai_service.py", line 79, in generate_recipe
    response = _genai_client.models.generate_content(
               ^^^^^^^^^^^^^^^^^^^^^^^^^^^^^^^^^^^^^^
  File "C:\Users\heee1\AppData\Local\Programs\Python\Python312\Lib\site-packages\google\genai\models.py", line 6405, in generate_content
    response = self._generate_content(
               ^^^^^^^^^^^^^^^^^^^^^^^
  File "C:\Users\heee1\AppData\Local\Programs\Python\Python312\Lib\site-packages\google\genai\models.py", line 4841, in _generate_content
    response = self._api_client.request(
               ^^^^^^^^^^^^^^^^^^^^^^^^^
  File "C:\Users\heee1\AppData\Local\Programs\Python\Python312\Lib\site-packages\google\genai\_api_client.py", line 1611, in request
    response = self._request(http_request, http_options, stream=False)
               ^^^^^^^^^^^^^^^^^^^^^^^^^^^^^^^^^^^^^^^^^^^^^^^^^^^^^^^
  File "C:\Users\heee1\AppData\Local\Programs\Python\Python312\Lib\site-packages\google\genai\_api_client.py", line 1404, in _request
    return self._retry(self._request_once, http_request, stream)  # type: ignore[no-any-return]
           ^^^^^^^^^^^^^^^^^^^^^^^^^^^^^^^^^^^^^^^^^^^^^^^^^^^^^
  File "C:\Users\heee1\AppData\Local\Programs\Python\Python312\Lib\site-packages\tenacity\__init__.py", line 470, in __call__
    do = self.iter(retry_state=retry_state)
         ^^^^^^^^^^^^^^^^^^^^^^^^^^^^^^^^^^
  File "C:\Users\heee1\AppData\Local\Programs\Python\Python312\Lib\site-packages\tenacity\__init__.py", line 371, in iter
    result = action(retry_state)
             ^^^^^^^^^^^^^^^^^^^
  File "C:\Users\heee1\AppData\Local\Programs\Python\Python312\Lib\site-packages\tenacity\__init__.py", line 413, in exc_check
    raise retry_exc.reraise()
          ^^^^^^^^^^^^^^^^^^^
  File "C:\Users\heee1\AppData\Local\Programs\Python\Python312\Lib\site-packages\tenacity\__init__.py", line 184, in reraise
    raise self.last_attempt.result()
          ^^^^^^^^^^^^^^^^^^^^^^^^^^
  File "C:\Users\heee1\AppData\Local\Programs\Python\Python312\Lib\concurrent\futures\_base.py", line 449, in result
    return self.__get_result()
           ^^^^^^^^^^^^^^^^^^^
  File "C:\Users\heee1\AppData\Local\Programs\Python\Python312\Lib\concurrent\futures\_base.py", line 401, in __get_result
    raise self._exception
  File "C:\Users\heee1\AppData\Local\Programs\Python\Python312\Lib\site-packages\tenacity\__init__.py", line 473, in __call__
    result = fn(*args, **kwargs)
             ^^^^^^^^^^^^^^^^^^^
  File "C:\Users\heee1\AppData\Local\Programs\Python\Python312\Lib\site-packages\google\genai\_api_client.py", line 1381, in _request_once
    errors.APIError.raise_for_response(response)
  File "C:\Users\heee1\AppData\Local\Programs\Python\Python312\Lib\site-packages\google\genai\errors.py", line 155, in raise_for_response
    cls.raise_error(response.status_code, response_json, response)
  File "C:\Users\heee1\AppData\Local\Programs\Python\Python312\Lib\site-packages\google\genai\errors.py", line 184, in raise_error
    raise ClientError(status_code, response_json, response)
google.genai.errors.ClientError: 404 NOT_FOUND. {'error': {'code': 404, 'message': 'models/gemini-1.5-flash is not found for API version v1beta, or is not supported for generateContent. Call ModelService.ListModels to see the list of available models and their supported methods.', 'status': 'NOT_FOUND'}}

During handling of the above exception, another exception occurred:

Traceback (most recent call last):
  File "C:\dev\GitHub\eco-price-ai\backend\main.py", line 189, in create_ai_recipe
    recipe_data = generate_recipe(request.ingredients)
                  ^^^^^^^^^^^^^^^^^^^^^^^^^^^^^^^^^^^^
  File "C:\dev\GitHub\eco-price-ai\backend\services\ai_service.py", line 92, in generate_recipe
    raise Exception(f"Gemini API 호출 에러: {e}")
Exception: Gemini API 호출 에러: 404 NOT_FOUND. {'error': {'code': 404, 'message': 'models/gemini-1.5-flash is not found for API version v1beta, or is not supported for generateContent. Call ModelService.ListModels to see the list of available models and their supported methods.', 'status': 'NOT_FOUND'}}

During handling of the above exception, another exception occurred:

Traceback (most recent call last):
  File "C:\dev\GitHub\eco-price-ai\backend\database.py", line 53, in get_db
    yield db
  File "C:\Users\heee1\AppData\Local\Programs\Python\Python312\Lib\site-packages\fastapi\concurrency.py", line 29, in contextmanager_in_threadpool
    yield await run_in_threadpool(cm.__enter__)
  File "C:\Users\heee1\AppData\Local\Programs\Python\Python312\Lib\site-packages\fastapi\routing.py", line 120, in app
    response = await f(request)
               ^^^^^^^^^^^^^^^^
  File "C:\Users\heee1\AppData\Local\Programs\Python\Python312\Lib\site-packages\fastapi\routing.py", line 674, in app
    raw_response = await run_endpoint_function(
                   ^^^^^^^^^^^^^^^^^^^^^^^^^^^^
  File "C:\Users\heee1\AppData\Local\Programs\Python\Python312\Lib\site-packages\fastapi\routing.py", line 330, in run_endpoint_function
    return await run_in_threadpool(dependant.call, **values)
           ^^^^^^^^^^^^^^^^^^^^^^^^^^^^^^^^^^^^^^^^^^^^^^^^^
  File "C:\Users\heee1\AppData\Local\Programs\Python\Python312\Lib\site-packages\starlette\concurrency.py", line 32, in run_in_threadpool
    return await anyio.to_thread.run_sync(func)
           ^^^^^^^^^^^^^^^^^^^^^^^^^^^^^^^^^^^^
  File "C:\Users\heee1\AppData\Local\Programs\Python\Python312\Lib\site-packages\anyio\to_thread.py", line 63, in run_sync
    return await get_async_backend().run_sync_in_worker_thread(
           ^^^^^^^^^^^^^^^^^^^^^^^^^^^^^^^^^^^^^^^^^^^^^^^^^^^^
  File "C:\Users\heee1\AppData\Local\Programs\Python\Python312\Lib\site-packages\anyio\_backends\_asyncio.py", line 2518, in run_sync_in_worker_thread
    return await future
           ^^^^^^^^^^^^
  File "C:\Users\heee1\AppData\Local\Programs\Python\Python312\Lib\site-packages\anyio\_backends\_asyncio.py", line 1002, in run
    result = context.run(func, *args)
             ^^^^^^^^^^^^^^^^^^^^^^^^
  File "C:\dev\GitHub\eco-price-ai\backend\main.py", line 221, in create_ai_recipe
    raise HTTPException(status_code=500, detail=f"레시피 생성 오류: {str(e)}")
fastapi.exceptions.HTTPException: 500: 레시피 생성 오류: Gemini API 호출 에러: 404 NOT_FOUND. {'error': {'code': 404, 'message': 'models/gemini-1.5-flash is not found for API version v1beta, or is not supported for generateContent. Call ModelService.ListModels to see the list of available models and their supported methods.', 'status': 'NOT_FOUND'}}
2026-05-31 12:34:40,837 - main - INFO - [요청 완료] POST /api/ai/recipe | 상태코드: 500 | ID: 2026-05-31T12:34:40.607469
2026-05-31 12:35:03,622 - main - INFO - [요청 시작] GET /api/storage/오뚜기 크림스프(80g) | 클라이언트: 127.0.0.1 | ID: 2026-05-31T12:35:03.622201
2026-05-31 12:35:03,622 - main - INFO - 보관 가이드 조회 요청: item_name=오뚜기 크림스프(80g)
2026-05-31 12:35:03,626 - main - INFO - 기존 보관 가이드 발견: guide_id=1
2026-05-31 12:35:03,627 - main - INFO - [요청 완료] GET /api/storage/오뚜기 크림스프(80g) | 상태코드: 200 | ID: 2026-05-31T12:35:03.622201
2026-05-31 12:35:09,023 - main - INFO - [요청 시작] GET /api/storage/서울우유 흰우유(1L) | 클라이언트: 127.0.0.1 | ID: 2026-05-31T12:35:09.023440
2026-05-31 12:35:09,025 - main - INFO - 보관 가이드 조회 요청: item_name=서울우유 흰우유(1L)
2026-05-31 12:35:09,025 - main - INFO - 새로운 보관 가이드 생성 시작: item_name=서울우유 흰우유(1L)
2026-05-31 12:35:09,025 - services.ai_service - INFO - [generate_storage_guide] Gemini API 호출 시작 (model=gemini-1.5-flash)
2026-05-31 12:35:09,025 - google_genai.models - INFO - AFC is enabled with max remote calls: 10.
2026-05-31 12:35:09,230 - httpx - INFO - HTTP Request: POST https://generativelanguage.googleapis.com/v1beta/models/gemini-1.5-flash:generateContent "HTTP/1.1 404 Not Found"
2026-05-31 12:35:09,230 - services.ai_service - ERROR - [generate_storage_guide] Gemini API 호출 실패! 에러 타입: ClientError | 메시지: 404 NOT_FOUND. {'error': {'code': 404, 'message': 'models/gemini-1.5-flash is not found for API version v1beta, or is not supported for generateContent. Call ModelService.ListModels to see the list of available models and their supported methods.', 'status': 'NOT_FOUND'}}
Traceback (most recent call last):
  File "C:\dev\GitHub\eco-price-ai\backend\services\ai_service.py", line 135, in generate_storage_guide
    response = _genai_client.models.generate_content(
               ^^^^^^^^^^^^^^^^^^^^^^^^^^^^^^^^^^^^^^
  File "C:\Users\heee1\AppData\Local\Programs\Python\Python312\Lib\site-packages\google\genai\models.py", line 6405, in generate_content
    response = self._generate_content(
               ^^^^^^^^^^^^^^^^^^^^^^^
  File "C:\Users\heee1\AppData\Local\Programs\Python\Python312\Lib\site-packages\google\genai\models.py", line 4841, in _generate_content
    response = self._api_client.request(
               ^^^^^^^^^^^^^^^^^^^^^^^^^
  File "C:\Users\heee1\AppData\Local\Programs\Python\Python312\Lib\site-packages\google\genai\_api_client.py", line 1611, in request
    response = self._request(http_request, http_options, stream=False)
               ^^^^^^^^^^^^^^^^^^^^^^^^^^^^^^^^^^^^^^^^^^^^^^^^^^^^^^^
  File "C:\Users\heee1\AppData\Local\Programs\Python\Python312\Lib\site-packages\google\genai\_api_client.py", line 1404, in _request
    return self._retry(self._request_once, http_request, stream)  # type: ignore[no-any-return]
           ^^^^^^^^^^^^^^^^^^^^^^^^^^^^^^^^^^^^^^^^^^^^^^^^^^^^^
  File "C:\Users\heee1\AppData\Local\Programs\Python\Python312\Lib\site-packages\tenacity\__init__.py", line 470, in __call__
    do = self.iter(retry_state=retry_state)
         ^^^^^^^^^^^^^^^^^^^^^^^^^^^^^^^^^^
  File "C:\Users\heee1\AppData\Local\Programs\Python\Python312\Lib\site-packages\tenacity\__init__.py", line 371, in iter
    result = action(retry_state)
             ^^^^^^^^^^^^^^^^^^^
  File "C:\Users\heee1\AppData\Local\Programs\Python\Python312\Lib\site-packages\tenacity\__init__.py", line 413, in exc_check
    raise retry_exc.reraise()
          ^^^^^^^^^^^^^^^^^^^
  File "C:\Users\heee1\AppData\Local\Programs\Python\Python312\Lib\site-packages\tenacity\__init__.py", line 184, in reraise
    raise self.last_attempt.result()
          ^^^^^^^^^^^^^^^^^^^^^^^^^^
  File "C:\Users\heee1\AppData\Local\Programs\Python\Python312\Lib\concurrent\futures\_base.py", line 449, in result
    return self.__get_result()
           ^^^^^^^^^^^^^^^^^^^
  File "C:\Users\heee1\AppData\Local\Programs\Python\Python312\Lib\concurrent\futures\_base.py", line 401, in __get_result
    raise self._exception
  File "C:\Users\heee1\AppData\Local\Programs\Python\Python312\Lib\site-packages\tenacity\__init__.py", line 473, in __call__
    result = fn(*args, **kwargs)
             ^^^^^^^^^^^^^^^^^^^
  File "C:\Users\heee1\AppData\Local\Programs\Python\Python312\Lib\site-packages\google\genai\_api_client.py", line 1381, in _request_once
    errors.APIError.raise_for_response(response)
  File "C:\Users\heee1\AppData\Local\Programs\Python\Python312\Lib\site-packages\google\genai\errors.py", line 155, in raise_for_response
    cls.raise_error(response.status_code, response_json, response)
  File "C:\Users\heee1\AppData\Local\Programs\Python\Python312\Lib\site-packages\google\genai\errors.py", line 184, in raise_error
    raise ClientError(status_code, response_json, response)
google.genai.errors.ClientError: 404 NOT_FOUND. {'error': {'code': 404, 'message': 'models/gemini-1.5-flash is not found for API version v1beta, or is not supported for generateContent. Call ModelService.ListModels to see the list of available models and their supported methods.', 'status': 'NOT_FOUND'}}
2026-05-31 12:35:09,230 - main - ERROR - 보관 가이드 생성 중 심각한 오류 발생: item_name=서울우유 흰우유(1L), 에러=Gemini API 호출 에러: 404 NOT_FOUND. {'error': {'code': 404, 'message': 'models/gemini-1.5-flash is not found for API version v1beta, or is not supported for generateContent. Call ModelService.ListModels to see the list of available models and their supported methods.', 'status': 'NOT_FOUND'}}
Traceback (most recent call last):
  File "C:\dev\GitHub\eco-price-ai\backend\services\ai_service.py", line 135, in generate_storage_guide
    response = _genai_client.models.generate_content(
               ^^^^^^^^^^^^^^^^^^^^^^^^^^^^^^^^^^^^^^
  File "C:\Users\heee1\AppData\Local\Programs\Python\Python312\Lib\site-packages\google\genai\models.py", line 6405, in generate_content
    response = self._generate_content(
               ^^^^^^^^^^^^^^^^^^^^^^^
  File "C:\Users\heee1\AppData\Local\Programs\Python\Python312\Lib\site-packages\google\genai\models.py", line 4841, in _generate_content
    response = self._api_client.request(
               ^^^^^^^^^^^^^^^^^^^^^^^^^
  File "C:\Users\heee1\AppData\Local\Programs\Python\Python312\Lib\site-packages\google\genai\_api_client.py", line 1611, in request
    response = self._request(http_request, http_options, stream=False)
               ^^^^^^^^^^^^^^^^^^^^^^^^^^^^^^^^^^^^^^^^^^^^^^^^^^^^^^^
  File "C:\Users\heee1\AppData\Local\Programs\Python\Python312\Lib\site-packages\google\genai\_api_client.py", line 1404, in _request
    return self._retry(self._request_once, http_request, stream)  # type: ignore[no-any-return]
           ^^^^^^^^^^^^^^^^^^^^^^^^^^^^^^^^^^^^^^^^^^^^^^^^^^^^^
  File "C:\Users\heee1\AppData\Local\Programs\Python\Python312\Lib\site-packages\tenacity\__init__.py", line 470, in __call__
    do = self.iter(retry_state=retry_state)
         ^^^^^^^^^^^^^^^^^^^^^^^^^^^^^^^^^^
  File "C:\Users\heee1\AppData\Local\Programs\Python\Python312\Lib\site-packages\tenacity\__init__.py", line 371, in iter
    result = action(retry_state)
             ^^^^^^^^^^^^^^^^^^^
  File "C:\Users\heee1\AppData\Local\Programs\Python\Python312\Lib\site-packages\tenacity\__init__.py", line 413, in exc_check
    raise retry_exc.reraise()
          ^^^^^^^^^^^^^^^^^^^
  File "C:\Users\heee1\AppData\Local\Programs\Python\Python312\Lib\site-packages\tenacity\__init__.py", line 184, in reraise
    raise self.last_attempt.result()
          ^^^^^^^^^^^^^^^^^^^^^^^^^^
  File "C:\Users\heee1\AppData\Local\Programs\Python\Python312\Lib\concurrent\futures\_base.py", line 449, in result
    return self.__get_result()
           ^^^^^^^^^^^^^^^^^^^
  File "C:\Users\heee1\AppData\Local\Programs\Python\Python312\Lib\concurrent\futures\_base.py", line 401, in __get_result
    raise self._exception
  File "C:\Users\heee1\AppData\Local\Programs\Python\Python312\Lib\site-packages\tenacity\__init__.py", line 473, in __call__
    result = fn(*args, **kwargs)
             ^^^^^^^^^^^^^^^^^^^
  File "C:\Users\heee1\AppData\Local\Programs\Python\Python312\Lib\site-packages\google\genai\_api_client.py", line 1381, in _request_once
    errors.APIError.raise_for_response(response)
  File "C:\Users\heee1\AppData\Local\Programs\Python\Python312\Lib\site-packages\google\genai\errors.py", line 155, in raise_for_response
    cls.raise_error(response.status_code, response_json, response)
  File "C:\Users\heee1\AppData\Local\Programs\Python\Python312\Lib\site-packages\google\genai\errors.py", line 184, in raise_error
    raise ClientError(status_code, response_json, response)
google.genai.errors.ClientError: 404 NOT_FOUND. {'error': {'code': 404, 'message': 'models/gemini-1.5-flash is not found for API version v1beta, or is not supported for generateContent. Call ModelService.ListModels to see the list of available models and their supported methods.', 'status': 'NOT_FOUND'}}

During handling of the above exception, another exception occurred:

Traceback (most recent call last):
  File "C:\dev\GitHub\eco-price-ai\backend\main.py", line 254, in get_storage_guide
    storage_data = generate_storage_guide(item_name)
                   ^^^^^^^^^^^^^^^^^^^^^^^^^^^^^^^^^
  File "C:\dev\GitHub\eco-price-ai\backend\services\ai_service.py", line 148, in generate_storage_guide
    raise Exception(f"Gemini API 호출 에러: {e}")
Exception: Gemini API 호출 에러: 404 NOT_FOUND. {'error': {'code': 404, 'message': 'models/gemini-1.5-flash is not found for API version v1beta, or is not supported for generateContent. Call ModelService.ListModels to see the list of available models and their supported methods.', 'status': 'NOT_FOUND'}}
2026-05-31 12:35:09,230 - database - ERROR - 데이터베이스 세션 중 오류 발생: 500: 보관 가이드 생성 오류: Gemini API 호출 에러: 404 NOT_FOUND. {'error': {'code': 404, 'message': 'models/gemini-1.5-flash is not found for API version v1beta, or is not supported for generateContent. Call ModelService.ListModels to see the list of available models and their supported methods.', 'status': 'NOT_FOUND'}}
Traceback (most recent call last):
  File "C:\dev\GitHub\eco-price-ai\backend\services\ai_service.py", line 135, in generate_storage_guide
    response = _genai_client.models.generate_content(
               ^^^^^^^^^^^^^^^^^^^^^^^^^^^^^^^^^^^^^^
  File "C:\Users\heee1\AppData\Local\Programs\Python\Python312\Lib\site-packages\google\genai\models.py", line 6405, in generate_content
    response = self._generate_content(
               ^^^^^^^^^^^^^^^^^^^^^^^
  File "C:\Users\heee1\AppData\Local\Programs\Python\Python312\Lib\site-packages\google\genai\models.py", line 4841, in _generate_content
    response = self._api_client.request(
               ^^^^^^^^^^^^^^^^^^^^^^^^^
  File "C:\Users\heee1\AppData\Local\Programs\Python\Python312\Lib\site-packages\google\genai\_api_client.py", line 1611, in request
    response = self._request(http_request, http_options, stream=False)
               ^^^^^^^^^^^^^^^^^^^^^^^^^^^^^^^^^^^^^^^^^^^^^^^^^^^^^^^
  File "C:\Users\heee1\AppData\Local\Programs\Python\Python312\Lib\site-packages\google\genai\_api_client.py", line 1404, in _request
    return self._retry(self._request_once, http_request, stream)  # type: ignore[no-any-return]
           ^^^^^^^^^^^^^^^^^^^^^^^^^^^^^^^^^^^^^^^^^^^^^^^^^^^^^
  File "C:\Users\heee1\AppData\Local\Programs\Python\Python312\Lib\site-packages\tenacity\__init__.py", line 470, in __call__
    do = self.iter(retry_state=retry_state)
         ^^^^^^^^^^^^^^^^^^^^^^^^^^^^^^^^^^
  File "C:\Users\heee1\AppData\Local\Programs\Python\Python312\Lib\site-packages\tenacity\__init__.py", line 371, in iter
    result = action(retry_state)
             ^^^^^^^^^^^^^^^^^^^
  File "C:\Users\heee1\AppData\Local\Programs\Python\Python312\Lib\site-packages\tenacity\__init__.py", line 413, in exc_check
    raise retry_exc.reraise()
          ^^^^^^^^^^^^^^^^^^^
  File "C:\Users\heee1\AppData\Local\Programs\Python\Python312\Lib\site-packages\tenacity\__init__.py", line 184, in reraise
    raise self.last_attempt.result()
          ^^^^^^^^^^^^^^^^^^^^^^^^^^
  File "C:\Users\heee1\AppData\Local\Programs\Python\Python312\Lib\concurrent\futures\_base.py", line 449, in result
    return self.__get_result()
           ^^^^^^^^^^^^^^^^^^^
  File "C:\Users\heee1\AppData\Local\Programs\Python\Python312\Lib\concurrent\futures\_base.py", line 401, in __get_result
    raise self._exception
  File "C:\Users\heee1\AppData\Local\Programs\Python\Python312\Lib\site-packages\tenacity\__init__.py", line 473, in __call__
    result = fn(*args, **kwargs)
             ^^^^^^^^^^^^^^^^^^^
  File "C:\Users\heee1\AppData\Local\Programs\Python\Python312\Lib\site-packages\google\genai\_api_client.py", line 1381, in _request_once
    errors.APIError.raise_for_response(response)
  File "C:\Users\heee1\AppData\Local\Programs\Python\Python312\Lib\site-packages\google\genai\errors.py", line 155, in raise_for_response
    cls.raise_error(response.status_code, response_json, response)
  File "C:\Users\heee1\AppData\Local\Programs\Python\Python312\Lib\site-packages\google\genai\errors.py", line 184, in raise_error
    raise ClientError(status_code, response_json, response)
google.genai.errors.ClientError: 404 NOT_FOUND. {'error': {'code': 404, 'message': 'models/gemini-1.5-flash is not found for API version v1beta, or is not supported for generateContent. Call ModelService.ListModels to see the list of available models and their supported methods.', 'status': 'NOT_FOUND'}}

During handling of the above exception, another exception occurred:

Traceback (most recent call last):
  File "C:\dev\GitHub\eco-price-ai\backend\main.py", line 254, in get_storage_guide
    storage_data = generate_storage_guide(item_name)
                   ^^^^^^^^^^^^^^^^^^^^^^^^^^^^^^^^^
  File "C:\dev\GitHub\eco-price-ai\backend\services\ai_service.py", line 148, in generate_storage_guide
    raise Exception(f"Gemini API 호출 에러: {e}")
Exception: Gemini API 호출 에러: 404 NOT_FOUND. {'error': {'code': 404, 'message': 'models/gemini-1.5-flash is not found for API version v1beta, or is not supported for generateContent. Call ModelService.ListModels to see the list of available models and their supported methods.', 'status': 'NOT_FOUND'}}

During handling of the above exception, another exception occurred:

Traceback (most recent call last):
  File "C:\dev\GitHub\eco-price-ai\backend\database.py", line 53, in get_db
    yield db
  File "C:\Users\heee1\AppData\Local\Programs\Python\Python312\Lib\site-packages\fastapi\concurrency.py", line 29, in contextmanager_in_threadpool
    yield await run_in_threadpool(cm.__enter__)
  File "C:\Users\heee1\AppData\Local\Programs\Python\Python312\Lib\site-packages\fastapi\routing.py", line 120, in app
    response = await f(request)
               ^^^^^^^^^^^^^^^^
  File "C:\Users\heee1\AppData\Local\Programs\Python\Python312\Lib\site-packages\fastapi\routing.py", line 674, in app
    raw_response = await run_endpoint_function(
                   ^^^^^^^^^^^^^^^^^^^^^^^^^^^^
  File "C:\Users\heee1\AppData\Local\Programs\Python\Python312\Lib\site-packages\fastapi\routing.py", line 330, in run_endpoint_function
    return await run_in_threadpool(dependant.call, **values)
           ^^^^^^^^^^^^^^^^^^^^^^^^^^^^^^^^^^^^^^^^^^^^^^^^^
  File "C:\Users\heee1\AppData\Local\Programs\Python\Python312\Lib\site-packages\starlette\concurrency.py", line 32, in run_in_threadpool
    return await anyio.to_thread.run_sync(func)
           ^^^^^^^^^^^^^^^^^^^^^^^^^^^^^^^^^^^^
  File "C:\Users\heee1\AppData\Local\Programs\Python\Python312\Lib\site-packages\anyio\to_thread.py", line 63, in run_sync
    return await get_async_backend().run_sync_in_worker_thread(
           ^^^^^^^^^^^^^^^^^^^^^^^^^^^^^^^^^^^^^^^^^^^^^^^^^^^^
  File "C:\Users\heee1\AppData\Local\Programs\Python\Python312\Lib\site-packages\anyio\_backends\_asyncio.py", line 2518, in run_sync_in_worker_thread
    return await future
           ^^^^^^^^^^^^
  File "C:\Users\heee1\AppData\Local\Programs\Python\Python312\Lib\site-packages\anyio\_backends\_asyncio.py", line 1002, in run
    result = context.run(func, *args)
             ^^^^^^^^^^^^^^^^^^^^^^^^
  File "C:\dev\GitHub\eco-price-ai\backend\main.py", line 279, in get_storage_guide
    raise HTTPException(status_code=500, detail=f"보관 가이드 생성 오류: {str(e)}")
fastapi.exceptions.HTTPException: 500: 보관 가이드 생성 오류: Gemini API 호출 에러: 404 NOT_FOUND. {'error': {'code': 404, 'message': 'models/gemini-1.5-flash is not found for API version v1beta, or is not supported for generateContent. Call ModelService.ListModels to see the list of available models and their supported methods.', 'status': 'NOT_FOUND'}}
2026-05-31 12:35:09,230 - main - INFO - [요청 완료] GET /api/storage/서울우유 흰우유(1L) | 상태코드: 500 | ID: 2026-05-31T12:35:09.023440
2026-05-31 12:35:11,221 - main - INFO - [요청 시작] GET /api/storage/서울우유 흰우유(1L) | 클라이언트: 127.0.0.1 | ID: 2026-05-31T12:35:11.221715
2026-05-31 12:35:11,223 - main - INFO - 보관 가이드 조회 요청: item_name=서울우유 흰우유(1L)
2026-05-31 12:35:11,227 - main - INFO - 새로운 보관 가이드 생성 시작: item_name=서울우유 흰우유(1L)
2026-05-31 12:35:11,227 - services.ai_service - INFO - [generate_storage_guide] Gemini API 호출 시작 (model=gemini-1.5-flash)
2026-05-31 12:35:11,227 - google_genai.models - INFO - AFC is enabled with max remote calls: 10.
2026-05-31 12:35:11,371 - httpx - INFO - HTTP Request: POST https://generativelanguage.googleapis.com/v1beta/models/gemini-1.5-flash:generateContent "HTTP/1.1 404 Not Found"
2026-05-31 12:35:11,371 - services.ai_service - ERROR - [generate_storage_guide] Gemini API 호출 실패! 에러 타입: ClientError | 메시지: 404 NOT_FOUND. {'error': {'code': 404, 'message': 'models/gemini-1.5-flash is not found for API version v1beta, or is not supported for generateContent. Call ModelService.ListModels to see the list of available models and their supported methods.', 'status': 'NOT_FOUND'}}
Traceback (most recent call last):
  File "C:\dev\GitHub\eco-price-ai\backend\services\ai_service.py", line 135, in generate_storage_guide
    response = _genai_client.models.generate_content(
               ^^^^^^^^^^^^^^^^^^^^^^^^^^^^^^^^^^^^^^
  File "C:\Users\heee1\AppData\Local\Programs\Python\Python312\Lib\site-packages\google\genai\models.py", line 6405, in generate_content
    response = self._generate_content(
               ^^^^^^^^^^^^^^^^^^^^^^^
  File "C:\Users\heee1\AppData\Local\Programs\Python\Python312\Lib\site-packages\google\genai\models.py", line 4841, in _generate_content
    response = self._api_client.request(
               ^^^^^^^^^^^^^^^^^^^^^^^^^
  File "C:\Users\heee1\AppData\Local\Programs\Python\Python312\Lib\site-packages\google\genai\_api_client.py", line 1611, in request
    response = self._request(http_request, http_options, stream=False)
               ^^^^^^^^^^^^^^^^^^^^^^^^^^^^^^^^^^^^^^^^^^^^^^^^^^^^^^^
  File "C:\Users\heee1\AppData\Local\Programs\Python\Python312\Lib\site-packages\google\genai\_api_client.py", line 1404, in _request
    return self._retry(self._request_once, http_request, stream)  # type: ignore[no-any-return]
           ^^^^^^^^^^^^^^^^^^^^^^^^^^^^^^^^^^^^^^^^^^^^^^^^^^^^^
  File "C:\Users\heee1\AppData\Local\Programs\Python\Python312\Lib\site-packages\tenacity\__init__.py", line 470, in __call__
    do = self.iter(retry_state=retry_state)
         ^^^^^^^^^^^^^^^^^^^^^^^^^^^^^^^^^^
  File "C:\Users\heee1\AppData\Local\Programs\Python\Python312\Lib\site-packages\tenacity\__init__.py", line 371, in iter
    result = action(retry_state)
             ^^^^^^^^^^^^^^^^^^^
  File "C:\Users\heee1\AppData\Local\Programs\Python\Python312\Lib\site-packages\tenacity\__init__.py", line 413, in exc_check
    raise retry_exc.reraise()
          ^^^^^^^^^^^^^^^^^^^
  File "C:\Users\heee1\AppData\Local\Programs\Python\Python312\Lib\site-packages\tenacity\__init__.py", line 184, in reraise
    raise self.last_attempt.result()
          ^^^^^^^^^^^^^^^^^^^^^^^^^^
  File "C:\Users\heee1\AppData\Local\Programs\Python\Python312\Lib\concurrent\futures\_base.py", line 449, in result
    return self.__get_result()
           ^^^^^^^^^^^^^^^^^^^
  File "C:\Users\heee1\AppData\Local\Programs\Python\Python312\Lib\concurrent\futures\_base.py", line 401, in __get_result
    raise self._exception
  File "C:\Users\heee1\AppData\Local\Programs\Python\Python312\Lib\site-packages\tenacity\__init__.py", line 473, in __call__
    result = fn(*args, **kwargs)
             ^^^^^^^^^^^^^^^^^^^
  File "C:\Users\heee1\AppData\Local\Programs\Python\Python312\Lib\site-packages\google\genai\_api_client.py", line 1381, in _request_once
    errors.APIError.raise_for_response(response)
  File "C:\Users\heee1\AppData\Local\Programs\Python\Python312\Lib\site-packages\google\genai\errors.py", line 155, in raise_for_response
    cls.raise_error(response.status_code, response_json, response)
  File "C:\Users\heee1\AppData\Local\Programs\Python\Python312\Lib\site-packages\google\genai\errors.py", line 184, in raise_error
    raise ClientError(status_code, response_json, response)
google.genai.errors.ClientError: 404 NOT_FOUND. {'error': {'code': 404, 'message': 'models/gemini-1.5-flash is not found for API version v1beta, or is not supported for generateContent. Call ModelService.ListModels to see the list of available models and their supported methods.', 'status': 'NOT_FOUND'}}
2026-05-31 12:35:11,371 - main - ERROR - 보관 가이드 생성 중 심각한 오류 발생: item_name=서울우유 흰우유(1L), 에러=Gemini API 호출 에러: 404 NOT_FOUND. {'error': {'code': 404, 'message': 'models/gemini-1.5-flash is not found for API version v1beta, or is not supported for generateContent. Call ModelService.ListModels to see the list of available models and their supported methods.', 'status': 'NOT_FOUND'}}
Traceback (most recent call last):
  File "C:\dev\GitHub\eco-price-ai\backend\services\ai_service.py", line 135, in generate_storage_guide
    response = _genai_client.models.generate_content(
               ^^^^^^^^^^^^^^^^^^^^^^^^^^^^^^^^^^^^^^
  File "C:\Users\heee1\AppData\Local\Programs\Python\Python312\Lib\site-packages\google\genai\models.py", line 6405, in generate_content
    response = self._generate_content(
               ^^^^^^^^^^^^^^^^^^^^^^^
  File "C:\Users\heee1\AppData\Local\Programs\Python\Python312\Lib\site-packages\google\genai\models.py", line 4841, in _generate_content
    response = self._api_client.request(
               ^^^^^^^^^^^^^^^^^^^^^^^^^
  File "C:\Users\heee1\AppData\Local\Programs\Python\Python312\Lib\site-packages\google\genai\_api_client.py", line 1611, in request
    response = self._request(http_request, http_options, stream=False)
               ^^^^^^^^^^^^^^^^^^^^^^^^^^^^^^^^^^^^^^^^^^^^^^^^^^^^^^^
  File "C:\Users\heee1\AppData\Local\Programs\Python\Python312\Lib\site-packages\google\genai\_api_client.py", line 1404, in _request
    return self._retry(self._request_once, http_request, stream)  # type: ignore[no-any-return]
           ^^^^^^^^^^^^^^^^^^^^^^^^^^^^^^^^^^^^^^^^^^^^^^^^^^^^^
  File "C:\Users\heee1\AppData\Local\Programs\Python\Python312\Lib\site-packages\tenacity\__init__.py", line 470, in __call__
    do = self.iter(retry_state=retry_state)
         ^^^^^^^^^^^^^^^^^^^^^^^^^^^^^^^^^^
  File "C:\Users\heee1\AppData\Local\Programs\Python\Python312\Lib\site-packages\tenacity\__init__.py", line 371, in iter
    result = action(retry_state)
             ^^^^^^^^^^^^^^^^^^^
  File "C:\Users\heee1\AppData\Local\Programs\Python\Python312\Lib\site-packages\tenacity\__init__.py", line 413, in exc_check
    raise retry_exc.reraise()
          ^^^^^^^^^^^^^^^^^^^
  File "C:\Users\heee1\AppData\Local\Programs\Python\Python312\Lib\site-packages\tenacity\__init__.py", line 184, in reraise
    raise self.last_attempt.result()
          ^^^^^^^^^^^^^^^^^^^^^^^^^^
  File "C:\Users\heee1\AppData\Local\Programs\Python\Python312\Lib\concurrent\futures\_base.py", line 449, in result
    return self.__get_result()
           ^^^^^^^^^^^^^^^^^^^
  File "C:\Users\heee1\AppData\Local\Programs\Python\Python312\Lib\concurrent\futures\_base.py", line 401, in __get_result
    raise self._exception
  File "C:\Users\heee1\AppData\Local\Programs\Python\Python312\Lib\site-packages\tenacity\__init__.py", line 473, in __call__
    result = fn(*args, **kwargs)
             ^^^^^^^^^^^^^^^^^^^
  File "C:\Users\heee1\AppData\Local\Programs\Python\Python312\Lib\site-packages\google\genai\_api_client.py", line 1381, in _request_once
    errors.APIError.raise_for_response(response)
  File "C:\Users\heee1\AppData\Local\Programs\Python\Python312\Lib\site-packages\google\genai\errors.py", line 155, in raise_for_response
    cls.raise_error(response.status_code, response_json, response)
  File "C:\Users\heee1\AppData\Local\Programs\Python\Python312\Lib\site-packages\google\genai\errors.py", line 184, in raise_error
    raise ClientError(status_code, response_json, response)
google.genai.errors.ClientError: 404 NOT_FOUND. {'error': {'code': 404, 'message': 'models/gemini-1.5-flash is not found for API version v1beta, or is not supported for generateContent. Call ModelService.ListModels to see the list of available models and their supported methods.', 'status': 'NOT_FOUND'}}

During handling of the above exception, another exception occurred:

Traceback (most recent call last):
  File "C:\dev\GitHub\eco-price-ai\backend\main.py", line 254, in get_storage_guide
    storage_data = generate_storage_guide(item_name)
                   ^^^^^^^^^^^^^^^^^^^^^^^^^^^^^^^^^
  File "C:\dev\GitHub\eco-price-ai\backend\services\ai_service.py", line 148, in generate_storage_guide
    raise Exception(f"Gemini API 호출 에러: {e}")
Exception: Gemini API 호출 에러: 404 NOT_FOUND. {'error': {'code': 404, 'message': 'models/gemini-1.5-flash is not found for API version v1beta, or is not supported for generateContent. Call ModelService.ListModels to see the list of available models and their supported methods.', 'status': 'NOT_FOUND'}}
2026-05-31 12:35:11,371 - database - ERROR - 데이터베이스 세션 중 오류 발생: 500: 보관 가이드 생성 오류: Gemini API 호출 에러: 404 NOT_FOUND. {'error': {'code': 404, 'message': 'models/gemini-1.5-flash is not found for API version v1beta, or is not supported for generateContent. Call ModelService.ListModels to see the list of available models and their supported methods.', 'status': 'NOT_FOUND'}}
Traceback (most recent call last):
  File "C:\dev\GitHub\eco-price-ai\backend\services\ai_service.py", line 135, in generate_storage_guide
    response = _genai_client.models.generate_content(
               ^^^^^^^^^^^^^^^^^^^^^^^^^^^^^^^^^^^^^^
  File "C:\Users\heee1\AppData\Local\Programs\Python\Python312\Lib\site-packages\google\genai\models.py", line 6405, in generate_content
    response = self._generate_content(
               ^^^^^^^^^^^^^^^^^^^^^^^
  File "C:\Users\heee1\AppData\Local\Programs\Python\Python312\Lib\site-packages\google\genai\models.py", line 4841, in _generate_content
    response = self._api_client.request(
               ^^^^^^^^^^^^^^^^^^^^^^^^^
  File "C:\Users\heee1\AppData\Local\Programs\Python\Python312\Lib\site-packages\google\genai\_api_client.py", line 1611, in request
    response = self._request(http_request, http_options, stream=False)
               ^^^^^^^^^^^^^^^^^^^^^^^^^^^^^^^^^^^^^^^^^^^^^^^^^^^^^^^
  File "C:\Users\heee1\AppData\Local\Programs\Python\Python312\Lib\site-packages\google\genai\_api_client.py", line 1404, in _request
    return self._retry(self._request_once, http_request, stream)  # type: ignore[no-any-return]
           ^^^^^^^^^^^^^^^^^^^^^^^^^^^^^^^^^^^^^^^^^^^^^^^^^^^^^
  File "C:\Users\heee1\AppData\Local\Programs\Python\Python312\Lib\site-packages\tenacity\__init__.py", line 470, in __call__
    do = self.iter(retry_state=retry_state)
         ^^^^^^^^^^^^^^^^^^^^^^^^^^^^^^^^^^
  File "C:\Users\heee1\AppData\Local\Programs\Python\Python312\Lib\site-packages\tenacity\__init__.py", line 371, in iter
    result = action(retry_state)
             ^^^^^^^^^^^^^^^^^^^
  File "C:\Users\heee1\AppData\Local\Programs\Python\Python312\Lib\site-packages\tenacity\__init__.py", line 413, in exc_check
    raise retry_exc.reraise()
          ^^^^^^^^^^^^^^^^^^^
  File "C:\Users\heee1\AppData\Local\Programs\Python\Python312\Lib\site-packages\tenacity\__init__.py", line 184, in reraise
    raise self.last_attempt.result()
          ^^^^^^^^^^^^^^^^^^^^^^^^^^
  File "C:\Users\heee1\AppData\Local\Programs\Python\Python312\Lib\concurrent\futures\_base.py", line 449, in result
    return self.__get_result()
           ^^^^^^^^^^^^^^^^^^^
  File "C:\Users\heee1\AppData\Local\Programs\Python\Python312\Lib\concurrent\futures\_base.py", line 401, in __get_result
    raise self._exception
  File "C:\Users\heee1\AppData\Local\Programs\Python\Python312\Lib\site-packages\tenacity\__init__.py", line 473, in __call__
    result = fn(*args, **kwargs)
             ^^^^^^^^^^^^^^^^^^^
  File "C:\Users\heee1\AppData\Local\Programs\Python\Python312\Lib\site-packages\google\genai\_api_client.py", line 1381, in _request_once
    errors.APIError.raise_for_response(response)
  File "C:\Users\heee1\AppData\Local\Programs\Python\Python312\Lib\site-packages\google\genai\errors.py", line 155, in raise_for_response
    cls.raise_error(response.status_code, response_json, response)
  File "C:\Users\heee1\AppData\Local\Programs\Python\Python312\Lib\site-packages\google\genai\errors.py", line 184, in raise_error
    raise ClientError(status_code, response_json, response)
google.genai.errors.ClientError: 404 NOT_FOUND. {'error': {'code': 404, 'message': 'models/gemini-1.5-flash is not found for API version v1beta, or is not supported for generateContent. Call ModelService.ListModels to see the list of available models and their supported methods.', 'status': 'NOT_FOUND'}}

During handling of the above exception, another exception occurred:

Traceback (most recent call last):
  File "C:\dev\GitHub\eco-price-ai\backend\main.py", line 254, in get_storage_guide
    storage_data = generate_storage_guide(item_name)
                   ^^^^^^^^^^^^^^^^^^^^^^^^^^^^^^^^^
  File "C:\dev\GitHub\eco-price-ai\backend\services\ai_service.py", line 148, in generate_storage_guide
    raise Exception(f"Gemini API 호출 에러: {e}")
Exception: Gemini API 호출 에러: 404 NOT_FOUND. {'error': {'code': 404, 'message': 'models/gemini-1.5-flash is not found for API version v1beta, or is not supported for generateContent. Call ModelService.ListModels to see the list of available models and their supported methods.', 'status': 'NOT_FOUND'}}

During handling of the above exception, another exception occurred:

Traceback (most recent call last):
  File "C:\dev\GitHub\eco-price-ai\backend\database.py", line 53, in get_db
    yield db
  File "C:\Users\heee1\AppData\Local\Programs\Python\Python312\Lib\site-packages\fastapi\concurrency.py", line 29, in contextmanager_in_threadpool
    yield await run_in_threadpool(cm.__enter__)
  File "C:\Users\heee1\AppData\Local\Programs\Python\Python312\Lib\site-packages\fastapi\routing.py", line 120, in app
    response = await f(request)
               ^^^^^^^^^^^^^^^^
  File "C:\Users\heee1\AppData\Local\Programs\Python\Python312\Lib\site-packages\fastapi\routing.py", line 674, in app
    raw_response = await run_endpoint_function(
                   ^^^^^^^^^^^^^^^^^^^^^^^^^^^^
  File "C:\Users\heee1\AppData\Local\Programs\Python\Python312\Lib\site-packages\fastapi\routing.py", line 330, in run_endpoint_function
    return await run_in_threadpool(dependant.call, **values)
           ^^^^^^^^^^^^^^^^^^^^^^^^^^^^^^^^^^^^^^^^^^^^^^^^^
  File "C:\Users\heee1\AppData\Local\Programs\Python\Python312\Lib\site-packages\starlette\concurrency.py", line 32, in run_in_threadpool
    return await anyio.to_thread.run_sync(func)
           ^^^^^^^^^^^^^^^^^^^^^^^^^^^^^^^^^^^^
  File "C:\Users\heee1\AppData\Local\Programs\Python\Python312\Lib\site-packages\anyio\to_thread.py", line 63, in run_sync
    return await get_async_backend().run_sync_in_worker_thread(
           ^^^^^^^^^^^^^^^^^^^^^^^^^^^^^^^^^^^^^^^^^^^^^^^^^^^^
  File "C:\Users\heee1\AppData\Local\Programs\Python\Python312\Lib\site-packages\anyio\_backends\_asyncio.py", line 2518, in run_sync_in_worker_thread
    return await future
           ^^^^^^^^^^^^
  File "C:\Users\heee1\AppData\Local\Programs\Python\Python312\Lib\site-packages\anyio\_backends\_asyncio.py", line 1002, in run
    result = context.run(func, *args)
             ^^^^^^^^^^^^^^^^^^^^^^^^
  File "C:\dev\GitHub\eco-price-ai\backend\main.py", line 279, in get_storage_guide
    raise HTTPException(status_code=500, detail=f"보관 가이드 생성 오류: {str(e)}")
fastapi.exceptions.HTTPException: 500: 보관 가이드 생성 오류: Gemini API 호출 에러: 404 NOT_FOUND. {'error': {'code': 404, 'message': 'models/gemini-1.5-flash is not found for API version v1beta, or is not supported for generateContent. Call ModelService.ListModels to see the list of available models and their supported methods.', 'status': 'NOT_FOUND'}}
2026-05-31 12:35:11,381 - main - INFO - [요청 완료] GET /api/storage/서울우유 흰우유(1L) | 상태코드: 500 | ID: 2026-05-31T12:35:11.221715
2026-05-31 12:35:13,874 - main - INFO - [요청 시작] GET /api/storage/해찬들 100% 태양초 우리쌀 고추장(1kg) | 클라이언트: 127.0.0.1 | ID: 2026-05-31T12:35:13.874807
2026-05-31 12:35:13,876 - main - INFO - 보관 가이드 조회 요청: item_name=해찬들 100% 태양초 우리쌀 고추장(1kg)
2026-05-31 12:35:13,876 - main - INFO - 새로운 보관 가이드 생성 시작: item_name=해찬들 100% 태양초 우리쌀 고추장(1kg)
2026-05-31 12:35:13,876 - services.ai_service - INFO - [generate_storage_guide] Gemini API 호출 시작 (model=gemini-1.5-flash)
2026-05-31 12:35:13,876 - google_genai.models - INFO - AFC is enabled with max remote calls: 10.
2026-05-31 12:35:14,020 - httpx - INFO - HTTP Request: POST https://generativelanguage.googleapis.com/v1beta/models/gemini-1.5-flash:generateContent "HTTP/1.1 404 Not Found"
2026-05-31 12:35:14,021 - services.ai_service - ERROR - [generate_storage_guide] Gemini API 호출 실패! 에러 타입: ClientError | 메시지: 404 NOT_FOUND. {'error': {'code': 404, 'message': 'models/gemini-1.5-flash is not found for API version v1beta, or is not supported for generateContent. Call ModelService.ListModels to see the list of available models and their supported methods.', 'status': 'NOT_FOUND'}}
Traceback (most recent call last):
  File "C:\dev\GitHub\eco-price-ai\backend\services\ai_service.py", line 135, in generate_storage_guide
    response = _genai_client.models.generate_content(
               ^^^^^^^^^^^^^^^^^^^^^^^^^^^^^^^^^^^^^^
  File "C:\Users\heee1\AppData\Local\Programs\Python\Python312\Lib\site-packages\google\genai\models.py", line 6405, in generate_content
    response = self._generate_content(
               ^^^^^^^^^^^^^^^^^^^^^^^
  File "C:\Users\heee1\AppData\Local\Programs\Python\Python312\Lib\site-packages\google\genai\models.py", line 4841, in _generate_content
    response = self._api_client.request(
               ^^^^^^^^^^^^^^^^^^^^^^^^^
  File "C:\Users\heee1\AppData\Local\Programs\Python\Python312\Lib\site-packages\google\genai\_api_client.py", line 1611, in request
    response = self._request(http_request, http_options, stream=False)
               ^^^^^^^^^^^^^^^^^^^^^^^^^^^^^^^^^^^^^^^^^^^^^^^^^^^^^^^
  File "C:\Users\heee1\AppData\Local\Programs\Python\Python312\Lib\site-packages\google\genai\_api_client.py", line 1404, in _request
    return self._retry(self._request_once, http_request, stream)  # type: ignore[no-any-return]
           ^^^^^^^^^^^^^^^^^^^^^^^^^^^^^^^^^^^^^^^^^^^^^^^^^^^^^
  File "C:\Users\heee1\AppData\Local\Programs\Python\Python312\Lib\site-packages\tenacity\__init__.py", line 470, in __call__
    do = self.iter(retry_state=retry_state)
         ^^^^^^^^^^^^^^^^^^^^^^^^^^^^^^^^^^
  File "C:\Users\heee1\AppData\Local\Programs\Python\Python312\Lib\site-packages\tenacity\__init__.py", line 371, in iter
    result = action(retry_state)
             ^^^^^^^^^^^^^^^^^^^
  File "C:\Users\heee1\AppData\Local\Programs\Python\Python312\Lib\site-packages\tenacity\__init__.py", line 413, in exc_check
    raise retry_exc.reraise()
          ^^^^^^^^^^^^^^^^^^^
  File "C:\Users\heee1\AppData\Local\Programs\Python\Python312\Lib\site-packages\tenacity\__init__.py", line 184, in reraise
    raise self.last_attempt.result()
          ^^^^^^^^^^^^^^^^^^^^^^^^^^
  File "C:\Users\heee1\AppData\Local\Programs\Python\Python312\Lib\concurrent\futures\_base.py", line 449, in result
    return self.__get_result()
           ^^^^^^^^^^^^^^^^^^^
  File "C:\Users\heee1\AppData\Local\Programs\Python\Python312\Lib\concurrent\futures\_base.py", line 401, in __get_result
    raise self._exception
  File "C:\Users\heee1\AppData\Local\Programs\Python\Python312\Lib\site-packages\tenacity\__init__.py", line 473, in __call__
    result = fn(*args, **kwargs)
             ^^^^^^^^^^^^^^^^^^^
  File "C:\Users\heee1\AppData\Local\Programs\Python\Python312\Lib\site-packages\google\genai\_api_client.py", line 1381, in _request_once
    errors.APIError.raise_for_response(response)
  File "C:\Users\heee1\AppData\Local\Programs\Python\Python312\Lib\site-packages\google\genai\errors.py", line 155, in raise_for_response
    cls.raise_error(response.status_code, response_json, response)
  File "C:\Users\heee1\AppData\Local\Programs\Python\Python312\Lib\site-packages\google\genai\errors.py", line 184, in raise_error
    raise ClientError(status_code, response_json, response)
google.genai.errors.ClientError: 404 NOT_FOUND. {'error': {'code': 404, 'message': 'models/gemini-1.5-flash is not found for API version v1beta, or is not supported for generateContent. Call ModelService.ListModels to see the list of available models and their supported methods.', 'status': 'NOT_FOUND'}}
2026-05-31 12:35:14,021 - main - ERROR - 보관 가이드 생성 중 심각한 오류 발생: item_name=해찬들 100% 태양초 우리쌀 고추장(1kg), 에러=Gemini API 호출 에러: 404 NOT_FOUND. {'error': {'code': 404, 'message': 'models/gemini-1.5-flash is not found for API version v1beta, or is not supported for generateContent. Call ModelService.ListModels to see the list of available models and their supported methods.', 'status': 'NOT_FOUND'}}
Traceback (most recent call last):
  File "C:\dev\GitHub\eco-price-ai\backend\services\ai_service.py", line 135, in generate_storage_guide
    response = _genai_client.models.generate_content(
               ^^^^^^^^^^^^^^^^^^^^^^^^^^^^^^^^^^^^^^
  File "C:\Users\heee1\AppData\Local\Programs\Python\Python312\Lib\site-packages\google\genai\models.py", line 6405, in generate_content
    response = self._generate_content(
               ^^^^^^^^^^^^^^^^^^^^^^^
  File "C:\Users\heee1\AppData\Local\Programs\Python\Python312\Lib\site-packages\google\genai\models.py", line 4841, in _generate_content
    response = self._api_client.request(
               ^^^^^^^^^^^^^^^^^^^^^^^^^
  File "C:\Users\heee1\AppData\Local\Programs\Python\Python312\Lib\site-packages\google\genai\_api_client.py", line 1611, in request
    response = self._request(http_request, http_options, stream=False)
               ^^^^^^^^^^^^^^^^^^^^^^^^^^^^^^^^^^^^^^^^^^^^^^^^^^^^^^^
  File "C:\Users\heee1\AppData\Local\Programs\Python\Python312\Lib\site-packages\google\genai\_api_client.py", line 1404, in _request
    return self._retry(self._request_once, http_request, stream)  # type: ignore[no-any-return]
           ^^^^^^^^^^^^^^^^^^^^^^^^^^^^^^^^^^^^^^^^^^^^^^^^^^^^^
  File "C:\Users\heee1\AppData\Local\Programs\Python\Python312\Lib\site-packages\tenacity\__init__.py", line 470, in __call__
    do = self.iter(retry_state=retry_state)
         ^^^^^^^^^^^^^^^^^^^^^^^^^^^^^^^^^^
  File "C:\Users\heee1\AppData\Local\Programs\Python\Python312\Lib\site-packages\tenacity\__init__.py", line 371, in iter
    result = action(retry_state)
             ^^^^^^^^^^^^^^^^^^^
  File "C:\Users\heee1\AppData\Local\Programs\Python\Python312\Lib\site-packages\tenacity\__init__.py", line 413, in exc_check
    raise retry_exc.reraise()
          ^^^^^^^^^^^^^^^^^^^
  File "C:\Users\heee1\AppData\Local\Programs\Python\Python312\Lib\site-packages\tenacity\__init__.py", line 184, in reraise
    raise self.last_attempt.result()
          ^^^^^^^^^^^^^^^^^^^^^^^^^^
  File "C:\Users\heee1\AppData\Local\Programs\Python\Python312\Lib\concurrent\futures\_base.py", line 449, in result
    return self.__get_result()
           ^^^^^^^^^^^^^^^^^^^
  File "C:\Users\heee1\AppData\Local\Programs\Python\Python312\Lib\concurrent\futures\_base.py", line 401, in __get_result
    raise self._exception
  File "C:\Users\heee1\AppData\Local\Programs\Python\Python312\Lib\site-packages\tenacity\__init__.py", line 473, in __call__
    result = fn(*args, **kwargs)
             ^^^^^^^^^^^^^^^^^^^
  File "C:\Users\heee1\AppData\Local\Programs\Python\Python312\Lib\site-packages\google\genai\_api_client.py", line 1381, in _request_once
    errors.APIError.raise_for_response(response)
  File "C:\Users\heee1\AppData\Local\Programs\Python\Python312\Lib\site-packages\google\genai\errors.py", line 155, in raise_for_response
    cls.raise_error(response.status_code, response_json, response)
  File "C:\Users\heee1\AppData\Local\Programs\Python\Python312\Lib\site-packages\google\genai\errors.py", line 184, in raise_error
    raise ClientError(status_code, response_json, response)
google.genai.errors.ClientError: 404 NOT_FOUND. {'error': {'code': 404, 'message': 'models/gemini-1.5-flash is not found for API version v1beta, or is not supported for generateContent. Call ModelService.ListModels to see the list of available models and their supported methods.', 'status': 'NOT_FOUND'}}

During handling of the above exception, another exception occurred:

Traceback (most recent call last):
  File "C:\dev\GitHub\eco-price-ai\backend\main.py", line 254, in get_storage_guide
    storage_data = generate_storage_guide(item_name)
                   ^^^^^^^^^^^^^^^^^^^^^^^^^^^^^^^^^
  File "C:\dev\GitHub\eco-price-ai\backend\services\ai_service.py", line 148, in generate_storage_guide
    raise Exception(f"Gemini API 호출 에러: {e}")
Exception: Gemini API 호출 에러: 404 NOT_FOUND. {'error': {'code': 404, 'message': 'models/gemini-1.5-flash is not found for API version v1beta, or is not supported for generateContent. Call ModelService.ListModels to see the list of available models and their supported methods.', 'status': 'NOT_FOUND'}}
2026-05-31 12:35:14,021 - database - ERROR - 데이터베이스 세션 중 오류 발생: 500: 보관 가이드 생성 오류: Gemini API 호출 에러: 404 NOT_FOUND. {'error': {'code': 404, 'message': 'models/gemini-1.5-flash is not found for API version v1beta, or is not supported for generateContent. Call ModelService.ListModels to see the list of available models and their supported methods.', 'status': 'NOT_FOUND'}}
Traceback (most recent call last):
  File "C:\dev\GitHub\eco-price-ai\backend\services\ai_service.py", line 135, in generate_storage_guide
    response = _genai_client.models.generate_content(
               ^^^^^^^^^^^^^^^^^^^^^^^^^^^^^^^^^^^^^^
  File "C:\Users\heee1\AppData\Local\Programs\Python\Python312\Lib\site-packages\google\genai\models.py", line 6405, in generate_content
    response = self._generate_content(
               ^^^^^^^^^^^^^^^^^^^^^^^
  File "C:\Users\heee1\AppData\Local\Programs\Python\Python312\Lib\site-packages\google\genai\models.py", line 4841, in _generate_content
    response = self._api_client.request(
               ^^^^^^^^^^^^^^^^^^^^^^^^^
  File "C:\Users\heee1\AppData\Local\Programs\Python\Python312\Lib\site-packages\google\genai\_api_client.py", line 1611, in request
    response = self._request(http_request, http_options, stream=False)
               ^^^^^^^^^^^^^^^^^^^^^^^^^^^^^^^^^^^^^^^^^^^^^^^^^^^^^^^
  File "C:\Users\heee1\AppData\Local\Programs\Python\Python312\Lib\site-packages\google\genai\_api_client.py", line 1404, in _request
    return self._retry(self._request_once, http_request, stream)  # type: ignore[no-any-return]
           ^^^^^^^^^^^^^^^^^^^^^^^^^^^^^^^^^^^^^^^^^^^^^^^^^^^^^
  File "C:\Users\heee1\AppData\Local\Programs\Python\Python312\Lib\site-packages\tenacity\__init__.py", line 470, in __call__
    do = self.iter(retry_state=retry_state)
         ^^^^^^^^^^^^^^^^^^^^^^^^^^^^^^^^^^
  File "C:\Users\heee1\AppData\Local\Programs\Python\Python312\Lib\site-packages\tenacity\__init__.py", line 371, in iter
    result = action(retry_state)
             ^^^^^^^^^^^^^^^^^^^
  File "C:\Users\heee1\AppData\Local\Programs\Python\Python312\Lib\site-packages\tenacity\__init__.py", line 413, in exc_check
    raise retry_exc.reraise()
          ^^^^^^^^^^^^^^^^^^^
  File "C:\Users\heee1\AppData\Local\Programs\Python\Python312\Lib\site-packages\tenacity\__init__.py", line 184, in reraise
    raise self.last_attempt.result()
          ^^^^^^^^^^^^^^^^^^^^^^^^^^
  File "C:\Users\heee1\AppData\Local\Programs\Python\Python312\Lib\concurrent\futures\_base.py", line 449, in result
    return self.__get_result()
           ^^^^^^^^^^^^^^^^^^^
  File "C:\Users\heee1\AppData\Local\Programs\Python\Python312\Lib\concurrent\futures\_base.py", line 401, in __get_result
    raise self._exception
  File "C:\Users\heee1\AppData\Local\Programs\Python\Python312\Lib\site-packages\tenacity\__init__.py", line 473, in __call__
    result = fn(*args, **kwargs)
             ^^^^^^^^^^^^^^^^^^^
  File "C:\Users\heee1\AppData\Local\Programs\Python\Python312\Lib\site-packages\google\genai\_api_client.py", line 1381, in _request_once
    errors.APIError.raise_for_response(response)
  File "C:\Users\heee1\AppData\Local\Programs\Python\Python312\Lib\site-packages\google\genai\errors.py", line 155, in raise_for_response
    cls.raise_error(response.status_code, response_json, response)
  File "C:\Users\heee1\AppData\Local\Programs\Python\Python312\Lib\site-packages\google\genai\errors.py", line 184, in raise_error
    raise ClientError(status_code, response_json, response)
google.genai.errors.ClientError: 404 NOT_FOUND. {'error': {'code': 404, 'message': 'models/gemini-1.5-flash is not found for API version v1beta, or is not supported for generateContent. Call ModelService.ListModels to see the list of available models and their supported methods.', 'status': 'NOT_FOUND'}}

During handling of the above exception, another exception occurred:

Traceback (most recent call last):
  File "C:\dev\GitHub\eco-price-ai\backend\main.py", line 254, in get_storage_guide
    storage_data = generate_storage_guide(item_name)
                   ^^^^^^^^^^^^^^^^^^^^^^^^^^^^^^^^^
  File "C:\dev\GitHub\eco-price-ai\backend\services\ai_service.py", line 148, in generate_storage_guide
    raise Exception(f"Gemini API 호출 에러: {e}")
Exception: Gemini API 호출 에러: 404 NOT_FOUND. {'error': {'code': 404, 'message': 'models/gemini-1.5-flash is not found for API version v1beta, or is not supported for generateContent. Call ModelService.ListModels to see the list of available models and their supported methods.', 'status': 'NOT_FOUND'}}

During handling of the above exception, another exception occurred:

Traceback (most recent call last):
  File "C:\dev\GitHub\eco-price-ai\backend\database.py", line 53, in get_db
    yield db
  File "C:\Users\heee1\AppData\Local\Programs\Python\Python312\Lib\site-packages\fastapi\concurrency.py", line 29, in contextmanager_in_threadpool
    yield await run_in_threadpool(cm.__enter__)
  File "C:\Users\heee1\AppData\Local\Programs\Python\Python312\Lib\site-packages\fastapi\routing.py", line 120, in app
    response = await f(request)
               ^^^^^^^^^^^^^^^^
  File "C:\Users\heee1\AppData\Local\Programs\Python\Python312\Lib\site-packages\fastapi\routing.py", line 674, in app
    raw_response = await run_endpoint_function(
                   ^^^^^^^^^^^^^^^^^^^^^^^^^^^^
  File "C:\Users\heee1\AppData\Local\Programs\Python\Python312\Lib\site-packages\fastapi\routing.py", line 330, in run_endpoint_function
    return await run_in_threadpool(dependant.call, **values)
           ^^^^^^^^^^^^^^^^^^^^^^^^^^^^^^^^^^^^^^^^^^^^^^^^^
  File "C:\Users\heee1\AppData\Local\Programs\Python\Python312\Lib\site-packages\starlette\concurrency.py", line 32, in run_in_threadpool
    return await anyio.to_thread.run_sync(func)
           ^^^^^^^^^^^^^^^^^^^^^^^^^^^^^^^^^^^^
  File "C:\Users\heee1\AppData\Local\Programs\Python\Python312\Lib\site-packages\anyio\to_thread.py", line 63, in run_sync
    return await get_async_backend().run_sync_in_worker_thread(
           ^^^^^^^^^^^^^^^^^^^^^^^^^^^^^^^^^^^^^^^^^^^^^^^^^^^^
  File "C:\Users\heee1\AppData\Local\Programs\Python\Python312\Lib\site-packages\anyio\_backends\_asyncio.py", line 2518, in run_sync_in_worker_thread
    return await future
           ^^^^^^^^^^^^
  File "C:\Users\heee1\AppData\Local\Programs\Python\Python312\Lib\site-packages\anyio\_backends\_asyncio.py", line 1002, in run
    result = context.run(func, *args)
             ^^^^^^^^^^^^^^^^^^^^^^^^
  File "C:\dev\GitHub\eco-price-ai\backend\main.py", line 279, in get_storage_guide
    raise HTTPException(status_code=500, detail=f"보관 가이드 생성 오류: {str(e)}")
fastapi.exceptions.HTTPException: 500: 보관 가이드 생성 오류: Gemini API 호출 에러: 404 NOT_FOUND. {'error': {'code': 404, 'message': 'models/gemini-1.5-flash is not found for API version v1beta, or is not supported for generateContent. Call ModelService.ListModels to see the list of available models and their supported methods.', 'status': 'NOT_FOUND'}}
2026-05-31 12:35:14,021 - main - INFO - [요청 완료] GET /api/storage/해찬들 100% 태양초 우리쌀 고추장(1kg) | 상태코드: 500 | ID: 2026-05-31T12:35:13.874807
