2026-05-17 10:08:54,193 [INFO] __main__: ============================================================
2026-05-17 10:08:54,193 [INFO] __main__: 마켓 가격 크롤러 시작
2026-05-17 10:08:54,193 [INFO] __main__: ============================================================
2026-05-17 10:08:54,193 [WARNING] __main__: 기본 API URL 사용: PUBLIC_DATA_API_URL 환경변수로 수정 가능
2026-05-17 10:08:54,193 [INFO] __main__: 크롤러 시작: url=https://api.odcloud.kr/api/15063980/v1/uddi:bcd05d59-17ae-4d06-9a43-931d896950a2
2026-05-17 10:08:54,193 [INFO] __main__: 공공 데이터 전체 조회 시작
2026-05-17 10:08:54,449 [ERROR] __main__: API HTTP 에러 (page=1, status_code=400): 400 Client Error: Bad Request for url: https://api.odcloud.kr/api/15063980/v1/uddi:bcd05d59-17ae-4d06-9a43-931d896950a2?serviceKey=6ada97b6cda6d1c57b3cc670536fda56a39952a3cf6df77e3986d0483b0b3f1f&pageNo=1&numOfRows=300&_type=json
Traceback (most recent call last):
  File "C:\dev\GitHub\eco-price-ai\backend\api_crawler.py", line 54, in fetch_public_data_page
    response.raise_for_status()
  File "C:\Users\heee1\AppData\Local\Programs\Python\Python312\Lib\site-packages\requests\models.py", line 1028, in raise_for_status
    raise HTTPError(http_error_msg, response=self)
requests.exceptions.HTTPError: 400 Client Error: Bad Request for url: https://api.odcloud.kr/api/15063980/v1/uddi:bcd05d59-17ae-4d06-9a43-931d896950a2?serviceKey=6ada97b6cda6d1c57b3cc670536fda56a39952a3cf6df77e3986d0483b0b3f1f&pageNo=1&numOfRows=300&_type=json
2026-05-17 10:08:54,468 [ERROR] __main__: 공공 데이터 조회 중 오류 (page=1): 400 Client Error: Bad Request for url: https://api.odcloud.kr/api/15063980/v1/uddi:bcd05d59-17ae-4d06-9a43-931d896950a2?serviceKey=6ada97b6cda6d1c57b3cc670536fda56a39952a3cf6df77e3986d0483b0b3f1f&pageNo=1&numOfRows=300&_type=json
Traceback (most recent call last):
  File "C:\dev\GitHub\eco-price-ai\backend\api_crawler.py", line 274, in fetch_all_public_data
    response_json = fetch_public_data_page(api_key, api_url, page_no=page, num_of_rows=BATCH_SIZE)
                    ^^^^^^^^^^^^^^^^^^^^^^^^^^^^^^^^^^^^^^^^^^^^^^^^^^^^^^^^^^^^^^^^^^^^^^^^^^^^^^
  File "C:\dev\GitHub\eco-price-ai\backend\api_crawler.py", line 54, in fetch_public_data_page
    response.raise_for_status()
  File "C:\Users\heee1\AppData\Local\Programs\Python\Python312\Lib\site-packages\requests\models.py", line 1028, in raise_for_status
    raise HTTPError(http_error_msg, response=self)
requests.exceptions.HTTPError: 400 Client Error: Bad Request for url: https://api.odcloud.kr/api/15063980/v1/uddi:bcd05d59-17ae-4d06-9a43-931d896950a2?serviceKey=6ada97b6cda6d1c57b3cc670536fda56a39952a3cf6df77e3986d0483b0b3f1f&pageNo=1&numOfRows=300&_type=json
2026-05-17 10:08:54,468 [ERROR] __main__: 환경 설정 오류: 400 Client Error: Bad Request for url: https://api.odcloud.kr/api/15063980/v1/uddi:bcd05d59-17ae-4d06-9a43-931d896950a2?serviceKey=6ada97b6cda6d1c57b3cc670536fda56a39952a3cf6df77e3986d0483b0b3f1f&pageNo=1&numOfRows=300&_type=json
Traceback (most recent call last):
  File "C:\dev\GitHub\eco-price-ai\backend\api_crawler.py", line 314, in run_crawler
    records = fetch_all_public_data(api_key, api_url)
              ^^^^^^^^^^^^^^^^^^^^^^^^^^^^^^^^^^^^^^^
  File "C:\dev\GitHub\eco-price-ai\backend\api_crawler.py", line 274, in fetch_all_public_data
    response_json = fetch_public_data_page(api_key, api_url, page_no=page, num_of_rows=BATCH_SIZE)
                    ^^^^^^^^^^^^^^^^^^^^^^^^^^^^^^^^^^^^^^^^^^^^^^^^^^^^^^^^^^^^^^^^^^^^^^^^^^^^^^
  File "C:\dev\GitHub\eco-price-ai\backend\api_crawler.py", line 54, in fetch_public_data_page
    response.raise_for_status()
  File "C:\Users\heee1\AppData\Local\Programs\Python\Python312\Lib\site-packages\requests\models.py", line 1028, in raise_for_status
    raise HTTPError(http_error_msg, response=self)
requests.exceptions.HTTPError: 400 Client Error: Bad Request for url: https://api.odcloud.kr/api/15063980/v1/uddi:bcd05d59-17ae-4d06-9a43-931d896950a2?serviceKey=6ada97b6cda6d1c57b3cc670536fda56a39952a3cf6df77e3986d0483b0b3f1f&pageNo=1&numOfRows=300&_type=json
2026-05-17 10:08:54,468 [ERROR] __main__: 크롤러 실패: 400 Client Error: Bad Request for url: https://api.odcloud.kr/api/15063980/v1/uddi:bcd05d59-17ae-4d06-9a43-931d896950a2?serviceKey=6ada97b6cda6d1c57b3cc670536fda56a39952a3cf6df77e3986d0483b0b3f1f&pageNo=1&numOfRows=300&_type=json
Traceback (most recent call last):
  File "C:\dev\GitHub\eco-price-ai\backend\api_crawler.py", line 355, in <module>
    run_crawler()
  File "C:\dev\GitHub\eco-price-ai\backend\api_crawler.py", line 314, in run_crawler
    records = fetch_all_public_data(api_key, api_url)
              ^^^^^^^^^^^^^^^^^^^^^^^^^^^^^^^^^^^^^^^
  File "C:\dev\GitHub\eco-price-ai\backend\api_crawler.py", line 274, in fetch_all_public_data
    response_json = fetch_public_data_page(api_key, api_url, page_no=page, num_of_rows=BATCH_SIZE)
                    ^^^^^^^^^^^^^^^^^^^^^^^^^^^^^^^^^^^^^^^^^^^^^^^^^^^^^^^^^^^^^^^^^^^^^^^^^^^^^^
  File "C:\dev\GitHub\eco-price-ai\backend\api_crawler.py", line 54, in fetch_public_data_page
    response.raise_for_status()
  File "C:\Users\heee1\AppData\Local\Programs\Python\Python312\Lib\site-packages\requests\models.py", line 1028, in raise_for_status
    raise HTTPError(http_error_msg, response=self)
requests.exceptions.HTTPError: 400 Client Error: Bad Request for url: https://api.odcloud.kr/api/15063980/v1/uddi:bcd05d59-17ae-4d06-9a43-931d896950a2?serviceKey=6ada97b6cda6d1c57b3cc670536fda56a39952a3cf6df77e3986d0483b0b3f1f&pageNo=1&numOfRows=300&_type=json
2026-05-17 10:51:30,648 [INFO] __main__: ============================================================
2026-05-17 10:51:30,648 [INFO] __main__: 마켓 가격 크롤러 시작
2026-05-17 10:51:30,648 [INFO] __main__: ============================================================
2026-05-17 10:51:30,650 [WARNING] __main__: 기본 API URL 사용: PUBLIC_DATA_API_URL 환경변수로 수정 가능
2026-05-17 10:51:30,650 [INFO] __main__: 크롤러 시작: url=https://api.odcloud.kr/api/15063980/v1/uddi:bcd05d59-17ae-4d06-9a43-931d896950a2
2026-05-17 10:51:30,650 [INFO] __main__: 공공 데이터 전체 조회 시작
2026-05-17 10:51:31,109 [ERROR] __main__: API HTTP 에러 (page=1, status_code=400): 400 Client Error: Bad Request for url: https://api.odcloud.kr/api/15063980/v1/uddi:bcd05d59-17ae-4d06-9a43-931d896950a2?serviceKey=6ada97b6cda6d1c57b3cc670536fda56a39952a3cf6df77e3986d0483b0b3f1f&page=1&perPage=300&returnType=JSON
Traceback (most recent call last):
  File "C:\dev\GitHub\eco-price-ai\backend\api_crawler.py", line 54, in fetch_public_data_page
    response.raise_for_status()
  File "C:\Users\heee1\AppData\Local\Programs\Python\Python312\Lib\site-packages\requests\models.py", line 1028, in raise_for_status
    raise HTTPError(http_error_msg, response=self)
requests.exceptions.HTTPError: 400 Client Error: Bad Request for url: https://api.odcloud.kr/api/15063980/v1/uddi:bcd05d59-17ae-4d06-9a43-931d896950a2?serviceKey=6ada97b6cda6d1c57b3cc670536fda56a39952a3cf6df77e3986d0483b0b3f1f&page=1&perPage=300&returnType=JSON
2026-05-17 10:51:31,118 [ERROR] __main__: 공공 데이터 조회 중 오류 (page=1): 400 Client Error: Bad Request for url: https://api.odcloud.kr/api/15063980/v1/uddi:bcd05d59-17ae-4d06-9a43-931d896950a2?serviceKey=6ada97b6cda6d1c57b3cc670536fda56a39952a3cf6df77e3986d0483b0b3f1f&page=1&perPage=300&returnType=JSON
Traceback (most recent call last):
  File "C:\dev\GitHub\eco-price-ai\backend\api_crawler.py", line 274, in fetch_all_public_data
    response_json = fetch_public_data_page(api_key, api_url, page_no=page, num_of_rows=BATCH_SIZE)
                    ^^^^^^^^^^^^^^^^^^^^^^^^^^^^^^^^^^^^^^^^^^^^^^^^^^^^^^^^^^^^^^^^^^^^^^^^^^^^^^
  File "C:\dev\GitHub\eco-price-ai\backend\api_crawler.py", line 54, in fetch_public_data_page
    response.raise_for_status()
  File "C:\Users\heee1\AppData\Local\Programs\Python\Python312\Lib\site-packages\requests\models.py", line 1028, in raise_for_status
    raise HTTPError(http_error_msg, response=self)
requests.exceptions.HTTPError: 400 Client Error: Bad Request for url: https://api.odcloud.kr/api/15063980/v1/uddi:bcd05d59-17ae-4d06-9a43-931d896950a2?serviceKey=6ada97b6cda6d1c57b3cc670536fda56a39952a3cf6df77e3986d0483b0b3f1f&page=1&perPage=300&returnType=JSON
2026-05-17 10:51:31,118 [ERROR] __main__: 환경 설정 오류: 400 Client Error: Bad Request for url: https://api.odcloud.kr/api/15063980/v1/uddi:bcd05d59-17ae-4d06-9a43-931d896950a2?serviceKey=6ada97b6cda6d1c57b3cc670536fda56a39952a3cf6df77e3986d0483b0b3f1f&page=1&perPage=300&returnType=JSON
Traceback (most recent call last):
  File "C:\dev\GitHub\eco-price-ai\backend\api_crawler.py", line 314, in run_crawler
    records = fetch_all_public_data(api_key, api_url)
              ^^^^^^^^^^^^^^^^^^^^^^^^^^^^^^^^^^^^^^^
  File "C:\dev\GitHub\eco-price-ai\backend\api_crawler.py", line 274, in fetch_all_public_data
    response_json = fetch_public_data_page(api_key, api_url, page_no=page, num_of_rows=BATCH_SIZE)
                    ^^^^^^^^^^^^^^^^^^^^^^^^^^^^^^^^^^^^^^^^^^^^^^^^^^^^^^^^^^^^^^^^^^^^^^^^^^^^^^
  File "C:\dev\GitHub\eco-price-ai\backend\api_crawler.py", line 54, in fetch_public_data_page
    response.raise_for_status()
  File "C:\Users\heee1\AppData\Local\Programs\Python\Python312\Lib\site-packages\requests\models.py", line 1028, in raise_for_status
    raise HTTPError(http_error_msg, response=self)
requests.exceptions.HTTPError: 400 Client Error: Bad Request for url: https://api.odcloud.kr/api/15063980/v1/uddi:bcd05d59-17ae-4d06-9a43-931d896950a2?serviceKey=6ada97b6cda6d1c57b3cc670536fda56a39952a3cf6df77e3986d0483b0b3f1f&page=1&perPage=300&returnType=JSON
2026-05-17 10:51:31,118 [ERROR] __main__: 크롤러 실패: 400 Client Error: Bad Request for url: https://api.odcloud.kr/api/15063980/v1/uddi:bcd05d59-17ae-4d06-9a43-931d896950a2?serviceKey=6ada97b6cda6d1c57b3cc670536fda56a39952a3cf6df77e3986d0483b0b3f1f&page=1&perPage=300&returnType=JSON
Traceback (most recent call last):
  File "C:\dev\GitHub\eco-price-ai\backend\api_crawler.py", line 355, in <module>
    run_crawler()
  File "C:\dev\GitHub\eco-price-ai\backend\api_crawler.py", line 314, in run_crawler
    records = fetch_all_public_data(api_key, api_url)
              ^^^^^^^^^^^^^^^^^^^^^^^^^^^^^^^^^^^^^^^
  File "C:\dev\GitHub\eco-price-ai\backend\api_crawler.py", line 274, in fetch_all_public_data
    response_json = fetch_public_data_page(api_key, api_url, page_no=page, num_of_rows=BATCH_SIZE)
                    ^^^^^^^^^^^^^^^^^^^^^^^^^^^^^^^^^^^^^^^^^^^^^^^^^^^^^^^^^^^^^^^^^^^^^^^^^^^^^^
  File "C:\dev\GitHub\eco-price-ai\backend\api_crawler.py", line 54, in fetch_public_data_page
    response.raise_for_status()
  File "C:\Users\heee1\AppData\Local\Programs\Python\Python312\Lib\site-packages\requests\models.py", line 1028, in raise_for_status
    raise HTTPError(http_error_msg, response=self)
requests.exceptions.HTTPError: 400 Client Error: Bad Request for url: https://api.odcloud.kr/api/15063980/v1/uddi:bcd05d59-17ae-4d06-9a43-931d896950a2?serviceKey=6ada97b6cda6d1c57b3cc670536fda56a39952a3cf6df77e3986d0483b0b3f1f&page=1&perPage=300&returnType=JSON
2026-05-17 11:19:33,584 [INFO] __main__: ============================================================
2026-05-17 11:19:33,584 [INFO] __main__: 마켓 가격 크롤러 시작
2026-05-17 11:19:33,584 [INFO] __main__: ============================================================
2026-05-17 11:19:33,584 [WARNING] __main__: 기본 API URL 사용: PUBLIC_DATA_API_URL 환경변수로 수정 가능
2026-05-17 11:19:33,584 [INFO] __main__: 크롤러 시작: url=https://api.odcloud.kr/api/15063980/v1/uddi:bcd05d59-17ae-4d06-9a43-931d896950a2
2026-05-17 11:19:33,584 [INFO] __main__: 공공 데이터 전체 조회 시작
2026-05-17 11:19:33,804 [ERROR] __main__: API HTTP 에러 (page=1, status_code=400): 400 Client Error: Bad Request for url: https://api.odcloud.kr/api/15063980/v1/uddi:bcd05d59-17ae-4d06-9a43-931d896950a2?serviceKey=6ada97b6cda6d1c57b3cc670536fda56a39952a3cf6df77e3986d0483b0b3f1f&page=1&perPage=100
Traceback (most recent call last):
  File "C:\dev\GitHub\eco-price-ai\backend\api_crawler.py", line 53, in fetch_public_data_page
    response.raise_for_status()
  File "C:\Users\heee1\AppData\Local\Programs\Python\Python312\Lib\site-packages\requests\models.py", line 1028, in raise_for_status
    raise HTTPError(http_error_msg, response=self)
requests.exceptions.HTTPError: 400 Client Error: Bad Request for url: https://api.odcloud.kr/api/15063980/v1/uddi:bcd05d59-17ae-4d06-9a43-931d896950a2?serviceKey=6ada97b6cda6d1c57b3cc670536fda56a39952a3cf6df77e3986d0483b0b3f1f&page=1&perPage=100
2026-05-17 11:19:33,806 [ERROR] __main__: 공공 데이터 조회 중 오류 (page=1): 400 Client Error: Bad Request for url: https://api.odcloud.kr/api/15063980/v1/uddi:bcd05d59-17ae-4d06-9a43-931d896950a2?serviceKey=6ada97b6cda6d1c57b3cc670536fda56a39952a3cf6df77e3986d0483b0b3f1f&page=1&perPage=100
Traceback (most recent call last):
  File "C:\dev\GitHub\eco-price-ai\backend\api_crawler.py", line 273, in fetch_all_public_data
    response_json = fetch_public_data_page(api_key, api_url, page_no=page, num_of_rows=BATCH_SIZE)
                    ^^^^^^^^^^^^^^^^^^^^^^^^^^^^^^^^^^^^^^^^^^^^^^^^^^^^^^^^^^^^^^^^^^^^^^^^^^^^^^
  File "C:\dev\GitHub\eco-price-ai\backend\api_crawler.py", line 53, in fetch_public_data_page
    response.raise_for_status()
  File "C:\Users\heee1\AppData\Local\Programs\Python\Python312\Lib\site-packages\requests\models.py", line 1028, in raise_for_status
    raise HTTPError(http_error_msg, response=self)
requests.exceptions.HTTPError: 400 Client Error: Bad Request for url: https://api.odcloud.kr/api/15063980/v1/uddi:bcd05d59-17ae-4d06-9a43-931d896950a2?serviceKey=6ada97b6cda6d1c57b3cc670536fda56a39952a3cf6df77e3986d0483b0b3f1f&page=1&perPage=100
2026-05-17 11:19:33,806 [ERROR] __main__: 환경 설정 오류: 400 Client Error: Bad Request for url: https://api.odcloud.kr/api/15063980/v1/uddi:bcd05d59-17ae-4d06-9a43-931d896950a2?serviceKey=6ada97b6cda6d1c57b3cc670536fda56a39952a3cf6df77e3986d0483b0b3f1f&page=1&perPage=100
Traceback (most recent call last):
  File "C:\dev\GitHub\eco-price-ai\backend\api_crawler.py", line 313, in run_crawler
    records = fetch_all_public_data(api_key, api_url)
              ^^^^^^^^^^^^^^^^^^^^^^^^^^^^^^^^^^^^^^^
  File "C:\dev\GitHub\eco-price-ai\backend\api_crawler.py", line 273, in fetch_all_public_data
    response_json = fetch_public_data_page(api_key, api_url, page_no=page, num_of_rows=BATCH_SIZE)
                    ^^^^^^^^^^^^^^^^^^^^^^^^^^^^^^^^^^^^^^^^^^^^^^^^^^^^^^^^^^^^^^^^^^^^^^^^^^^^^^
  File "C:\dev\GitHub\eco-price-ai\backend\api_crawler.py", line 53, in fetch_public_data_page
    response.raise_for_status()
  File "C:\Users\heee1\AppData\Local\Programs\Python\Python312\Lib\site-packages\requests\models.py", line 1028, in raise_for_status
    raise HTTPError(http_error_msg, response=self)
requests.exceptions.HTTPError: 400 Client Error: Bad Request for url: https://api.odcloud.kr/api/15063980/v1/uddi:bcd05d59-17ae-4d06-9a43-931d896950a2?serviceKey=6ada97b6cda6d1c57b3cc670536fda56a39952a3cf6df77e3986d0483b0b3f1f&page=1&perPage=100
2026-05-17 11:19:33,806 [ERROR] __main__: 크롤러 실패: 400 Client Error: Bad Request for url: https://api.odcloud.kr/api/15063980/v1/uddi:bcd05d59-17ae-4d06-9a43-931d896950a2?serviceKey=6ada97b6cda6d1c57b3cc670536fda56a39952a3cf6df77e3986d0483b0b3f1f&page=1&perPage=100
Traceback (most recent call last):
  File "C:\dev\GitHub\eco-price-ai\backend\api_crawler.py", line 354, in <module>
    run_crawler()
  File "C:\dev\GitHub\eco-price-ai\backend\api_crawler.py", line 313, in run_crawler
    records = fetch_all_public_data(api_key, api_url)
              ^^^^^^^^^^^^^^^^^^^^^^^^^^^^^^^^^^^^^^^
  File "C:\dev\GitHub\eco-price-ai\backend\api_crawler.py", line 273, in fetch_all_public_data
    response_json = fetch_public_data_page(api_key, api_url, page_no=page, num_of_rows=BATCH_SIZE)
                    ^^^^^^^^^^^^^^^^^^^^^^^^^^^^^^^^^^^^^^^^^^^^^^^^^^^^^^^^^^^^^^^^^^^^^^^^^^^^^^
  File "C:\dev\GitHub\eco-price-ai\backend\api_crawler.py", line 53, in fetch_public_data_page
    response.raise_for_status()
  File "C:\Users\heee1\AppData\Local\Programs\Python\Python312\Lib\site-packages\requests\models.py", line 1028, in raise_for_status
    raise HTTPError(http_error_msg, response=self)
requests.exceptions.HTTPError: 400 Client Error: Bad Request for url: https://api.odcloud.kr/api/15063980/v1/uddi:bcd05d59-17ae-4d06-9a43-931d896950a2?serviceKey=6ada97b6cda6d1c57b3cc670536fda56a39952a3cf6df77e3986d0483b0b3f1f&page=1&perPage=100
2026-05-17 11:20:06,457 [INFO] __main__: ============================================================
2026-05-17 11:20:06,457 [INFO] __main__: 마켓 가격 크롤러 시작
2026-05-17 11:20:06,457 [INFO] __main__: ============================================================
2026-05-17 11:20:06,457 [WARNING] __main__: 기본 API URL 사용: PUBLIC_DATA_API_URL 환경변수로 수정 가능
2026-05-17 11:20:06,459 [INFO] __main__: 크롤러 시작: url=https://api.odcloud.kr/api/15063980/v1/uddi:bcd05d59-17ae-4d06-9a43-931d896950a2
2026-05-17 11:20:06,459 [INFO] __main__: 공공 데이터 전체 조회 시작
2026-05-17 11:20:06,776 [ERROR] __main__: API HTTP 에러 (page=1, status_code=400, text={"code":-3,"msg":"등록되지 않은 서비스 입니다."}
): 400 Client Error: Bad Request for url: https://api.odcloud.kr/api/15063980/v1/uddi:bcd05d59-17ae-4d06-9a43-931d896950a2?serviceKey=6ada97b6cda6d1c57b3cc670536fda56a39952a3cf6df77e3986d0483b0b3f1f&page=1&perPage=100
Traceback (most recent call last):
  File "C:\dev\GitHub\eco-price-ai\backend\api_crawler.py", line 53, in fetch_public_data_page
    response.raise_for_status()
  File "C:\Users\heee1\AppData\Local\Programs\Python\Python312\Lib\site-packages\requests\models.py", line 1028, in raise_for_status
    raise HTTPError(http_error_msg, response=self)
requests.exceptions.HTTPError: 400 Client Error: Bad Request for url: https://api.odcloud.kr/api/15063980/v1/uddi:bcd05d59-17ae-4d06-9a43-931d896950a2?serviceKey=6ada97b6cda6d1c57b3cc670536fda56a39952a3cf6df77e3986d0483b0b3f1f&page=1&perPage=100
2026-05-17 11:20:06,776 [ERROR] __main__: 공공 데이터 조회 중 오류 (page=1): 400 Client Error: Bad Request for url: https://api.odcloud.kr/api/15063980/v1/uddi:bcd05d59-17ae-4d06-9a43-931d896950a2?serviceKey=6ada97b6cda6d1c57b3cc670536fda56a39952a3cf6df77e3986d0483b0b3f1f&page=1&perPage=100
Traceback (most recent call last):
  File "C:\dev\GitHub\eco-price-ai\backend\api_crawler.py", line 273, in fetch_all_public_data
    response_json = fetch_public_data_page(api_key, api_url, page_no=page, num_of_rows=BATCH_SIZE)
                    ^^^^^^^^^^^^^^^^^^^^^^^^^^^^^^^^^^^^^^^^^^^^^^^^^^^^^^^^^^^^^^^^^^^^^^^^^^^^^^
  File "C:\dev\GitHub\eco-price-ai\backend\api_crawler.py", line 53, in fetch_public_data_page
    response.raise_for_status()
  File "C:\Users\heee1\AppData\Local\Programs\Python\Python312\Lib\site-packages\requests\models.py", line 1028, in raise_for_status
    raise HTTPError(http_error_msg, response=self)
requests.exceptions.HTTPError: 400 Client Error: Bad Request for url: https://api.odcloud.kr/api/15063980/v1/uddi:bcd05d59-17ae-4d06-9a43-931d896950a2?serviceKey=6ada97b6cda6d1c57b3cc670536fda56a39952a3cf6df77e3986d0483b0b3f1f&page=1&perPage=100
2026-05-17 11:20:06,778 [ERROR] __main__: 환경 설정 오류: 400 Client Error: Bad Request for url: https://api.odcloud.kr/api/15063980/v1/uddi:bcd05d59-17ae-4d06-9a43-931d896950a2?serviceKey=6ada97b6cda6d1c57b3cc670536fda56a39952a3cf6df77e3986d0483b0b3f1f&page=1&perPage=100
Traceback (most recent call last):
  File "C:\dev\GitHub\eco-price-ai\backend\api_crawler.py", line 313, in run_crawler
    records = fetch_all_public_data(api_key, api_url)
              ^^^^^^^^^^^^^^^^^^^^^^^^^^^^^^^^^^^^^^^
  File "C:\dev\GitHub\eco-price-ai\backend\api_crawler.py", line 273, in fetch_all_public_data
    response_json = fetch_public_data_page(api_key, api_url, page_no=page, num_of_rows=BATCH_SIZE)
                    ^^^^^^^^^^^^^^^^^^^^^^^^^^^^^^^^^^^^^^^^^^^^^^^^^^^^^^^^^^^^^^^^^^^^^^^^^^^^^^
  File "C:\dev\GitHub\eco-price-ai\backend\api_crawler.py", line 53, in fetch_public_data_page
    response.raise_for_status()
  File "C:\Users\heee1\AppData\Local\Programs\Python\Python312\Lib\site-packages\requests\models.py", line 1028, in raise_for_status
    raise HTTPError(http_error_msg, response=self)
requests.exceptions.HTTPError: 400 Client Error: Bad Request for url: https://api.odcloud.kr/api/15063980/v1/uddi:bcd05d59-17ae-4d06-9a43-931d896950a2?serviceKey=6ada97b6cda6d1c57b3cc670536fda56a39952a3cf6df77e3986d0483b0b3f1f&page=1&perPage=100
2026-05-17 11:20:06,778 [ERROR] __main__: 크롤러 실패: 400 Client Error: Bad Request for url: https://api.odcloud.kr/api/15063980/v1/uddi:bcd05d59-17ae-4d06-9a43-931d896950a2?serviceKey=6ada97b6cda6d1c57b3cc670536fda56a39952a3cf6df77e3986d0483b0b3f1f&page=1&perPage=100
Traceback (most recent call last):
  File "C:\dev\GitHub\eco-price-ai\backend\api_crawler.py", line 354, in <module>
    run_crawler()
  File "C:\dev\GitHub\eco-price-ai\backend\api_crawler.py", line 313, in run_crawler
    records = fetch_all_public_data(api_key, api_url)
              ^^^^^^^^^^^^^^^^^^^^^^^^^^^^^^^^^^^^^^^
  File "C:\dev\GitHub\eco-price-ai\backend\api_crawler.py", line 273, in fetch_all_public_data
    response_json = fetch_public_data_page(api_key, api_url, page_no=page, num_of_rows=BATCH_SIZE)
                    ^^^^^^^^^^^^^^^^^^^^^^^^^^^^^^^^^^^^^^^^^^^^^^^^^^^^^^^^^^^^^^^^^^^^^^^^^^^^^^
  File "C:\dev\GitHub\eco-price-ai\backend\api_crawler.py", line 53, in fetch_public_data_page
    response.raise_for_status()
  File "C:\Users\heee1\AppData\Local\Programs\Python\Python312\Lib\site-packages\requests\models.py", line 1028, in raise_for_status
    raise HTTPError(http_error_msg, response=self)
requests.exceptions.HTTPError: 400 Client Error: Bad Request for url: https://api.odcloud.kr/api/15063980/v1/uddi:bcd05d59-17ae-4d06-9a43-931d896950a2?serviceKey=6ada97b6cda6d1c57b3cc670536fda56a39952a3cf6df77e3986d0483b0b3f1f&page=1&perPage=100
2026-05-17 11:23:44,957 [INFO] __main__: ============================================================
2026-05-17 11:23:44,957 [INFO] __main__: 마켓 가격 크롤러 시작
2026-05-17 11:23:44,957 [INFO] __main__: ============================================================
2026-05-17 11:23:44,957 [WARNING] __main__: 기본 API URL 사용: PUBLIC_DATA_API_URL 환경변수로 수정 가능
2026-05-17 11:23:44,957 [INFO] __main__: 크롤러 시작: url=https://api.odcloud.kr/api/15063980/v1/uddi:bcd05d59-17ae-4d06-9a43-931d896950a2
2026-05-17 11:23:44,957 [INFO] __main__: 공공 데이터 전체 조회 시작
2026-05-17 11:23:45,320 [ERROR] __main__: API HTTP 에러 (page=1, status_code=400, text={"code":-3,"msg":"등록되지 않은 서비스 입니다."}
): 400 Client Error: Bad Request for url: https://api.odcloud.kr/api/15063980/v1/uddi:bcd05d59-17ae-4d06-9a43-931d896950a2?serviceKey=6ada97b6cda6d1c57b3cc670536fda56a39952a3cf6df77e3986d0483b0b3f1f&page=1&perPage=100
Traceback (most recent call last):
  File "C:\dev\GitHub\eco-price-ai\backend\api_crawler.py", line 53, in fetch_public_data_page
    response.raise_for_status()
  File "C:\Users\heee1\AppData\Local\Programs\Python\Python312\Lib\site-packages\requests\models.py", line 1028, in raise_for_status
    raise HTTPError(http_error_msg, response=self)
requests.exceptions.HTTPError: 400 Client Error: Bad Request for url: https://api.odcloud.kr/api/15063980/v1/uddi:bcd05d59-17ae-4d06-9a43-931d896950a2?serviceKey=6ada97b6cda6d1c57b3cc670536fda56a39952a3cf6df77e3986d0483b0b3f1f&page=1&perPage=100
2026-05-17 11:23:45,320 [ERROR] __main__: 공공 데이터 조회 중 오류 (page=1): 400 Client Error: Bad Request for url: https://api.odcloud.kr/api/15063980/v1/uddi:bcd05d59-17ae-4d06-9a43-931d896950a2?serviceKey=6ada97b6cda6d1c57b3cc670536fda56a39952a3cf6df77e3986d0483b0b3f1f&page=1&perPage=100
Traceback (most recent call last):
  File "C:\dev\GitHub\eco-price-ai\backend\api_crawler.py", line 273, in fetch_all_public_data
    response_json = fetch_public_data_page(api_key, api_url, page_no=page, num_of_rows=BATCH_SIZE)
                    ^^^^^^^^^^^^^^^^^^^^^^^^^^^^^^^^^^^^^^^^^^^^^^^^^^^^^^^^^^^^^^^^^^^^^^^^^^^^^^
  File "C:\dev\GitHub\eco-price-ai\backend\api_crawler.py", line 53, in fetch_public_data_page
    response.raise_for_status()
  File "C:\Users\heee1\AppData\Local\Programs\Python\Python312\Lib\site-packages\requests\models.py", line 1028, in raise_for_status
    raise HTTPError(http_error_msg, response=self)
requests.exceptions.HTTPError: 400 Client Error: Bad Request for url: https://api.odcloud.kr/api/15063980/v1/uddi:bcd05d59-17ae-4d06-9a43-931d896950a2?serviceKey=6ada97b6cda6d1c57b3cc670536fda56a39952a3cf6df77e3986d0483b0b3f1f&page=1&perPage=100
2026-05-17 11:23:45,320 [ERROR] __main__: 환경 설정 오류: 400 Client Error: Bad Request for url: https://api.odcloud.kr/api/15063980/v1/uddi:bcd05d59-17ae-4d06-9a43-931d896950a2?serviceKey=6ada97b6cda6d1c57b3cc670536fda56a39952a3cf6df77e3986d0483b0b3f1f&page=1&perPage=100
Traceback (most recent call last):
  File "C:\dev\GitHub\eco-price-ai\backend\api_crawler.py", line 313, in run_crawler
    records = fetch_all_public_data(api_key, api_url)
              ^^^^^^^^^^^^^^^^^^^^^^^^^^^^^^^^^^^^^^^
  File "C:\dev\GitHub\eco-price-ai\backend\api_crawler.py", line 273, in fetch_all_public_data
    response_json = fetch_public_data_page(api_key, api_url, page_no=page, num_of_rows=BATCH_SIZE)
                    ^^^^^^^^^^^^^^^^^^^^^^^^^^^^^^^^^^^^^^^^^^^^^^^^^^^^^^^^^^^^^^^^^^^^^^^^^^^^^^
  File "C:\dev\GitHub\eco-price-ai\backend\api_crawler.py", line 53, in fetch_public_data_page
    response.raise_for_status()
  File "C:\Users\heee1\AppData\Local\Programs\Python\Python312\Lib\site-packages\requests\models.py", line 1028, in raise_for_status
    raise HTTPError(http_error_msg, response=self)
requests.exceptions.HTTPError: 400 Client Error: Bad Request for url: https://api.odcloud.kr/api/15063980/v1/uddi:bcd05d59-17ae-4d06-9a43-931d896950a2?serviceKey=6ada97b6cda6d1c57b3cc670536fda56a39952a3cf6df77e3986d0483b0b3f1f&page=1&perPage=100
2026-05-17 11:23:45,320 [ERROR] __main__: 크롤러 실패: 400 Client Error: Bad Request for url: https://api.odcloud.kr/api/15063980/v1/uddi:bcd05d59-17ae-4d06-9a43-931d896950a2?serviceKey=6ada97b6cda6d1c57b3cc670536fda56a39952a3cf6df77e3986d0483b0b3f1f&page=1&perPage=100
Traceback (most recent call last):
  File "C:\dev\GitHub\eco-price-ai\backend\api_crawler.py", line 354, in <module>
    run_crawler()
  File "C:\dev\GitHub\eco-price-ai\backend\api_crawler.py", line 313, in run_crawler
    records = fetch_all_public_data(api_key, api_url)
              ^^^^^^^^^^^^^^^^^^^^^^^^^^^^^^^^^^^^^^^
  File "C:\dev\GitHub\eco-price-ai\backend\api_crawler.py", line 273, in fetch_all_public_data
    response_json = fetch_public_data_page(api_key, api_url, page_no=page, num_of_rows=BATCH_SIZE)
                    ^^^^^^^^^^^^^^^^^^^^^^^^^^^^^^^^^^^^^^^^^^^^^^^^^^^^^^^^^^^^^^^^^^^^^^^^^^^^^^
  File "C:\dev\GitHub\eco-price-ai\backend\api_crawler.py", line 53, in fetch_public_data_page
    response.raise_for_status()
  File "C:\Users\heee1\AppData\Local\Programs\Python\Python312\Lib\site-packages\requests\models.py", line 1028, in raise_for_status
    raise HTTPError(http_error_msg, response=self)
requests.exceptions.HTTPError: 400 Client Error: Bad Request for url: https://api.odcloud.kr/api/15063980/v1/uddi:bcd05d59-17ae-4d06-9a43-931d896950a2?serviceKey=6ada97b6cda6d1c57b3cc670536fda56a39952a3cf6df77e3986d0483b0b3f1f&page=1&perPage=100
2026-05-17 13:08:12,283 [INFO] __main__: ============================================================
2026-05-17 13:08:12,283 [INFO] __main__: 마켓 가격 크롤러 시작
2026-05-17 13:08:12,283 [INFO] __main__: ============================================================
2026-05-17 13:08:12,283 [WARNING] __main__: 기본 API URL 사용: PUBLIC_DATA_API_URL 환경변수로 수정 가능
2026-05-17 13:08:12,285 [INFO] __main__: 크롤러 시작: url=https://api.odcloud.kr/api/15063980/v1/uddi:bcd05d59-17ae-4d06-9a43-931d896950a2
2026-05-17 13:08:12,285 [INFO] __main__: 공공 데이터 전체 조회 시작
2026-05-17 13:08:12,484 [ERROR] __main__: API HTTP 에러 (page=1, status_code=400, text={"code":-3,"msg":"등록되지 않은 서비스 입니다."}
): 400 Client Error: Bad Request for url: https://api.odcloud.kr/api/15063980/v1/uddi:bcd05d59-17ae-4d06-9a43-931d896950a2?serviceKey=6ada97b6cda6d1c57b3cc670536fda56a39952a3cf6df77e3986d0483b0b3f1f&page=1&perPage=100
Traceback (most recent call last):
  File "C:\dev\GitHub\eco-price-ai\backend\api_crawler.py", line 53, in fetch_public_data_page
    response.raise_for_status()
  File "C:\Users\heee1\AppData\Local\Programs\Python\Python312\Lib\site-packages\requests\models.py", line 1028, in raise_for_status
    raise HTTPError(http_error_msg, response=self)
requests.exceptions.HTTPError: 400 Client Error: Bad Request for url: https://api.odcloud.kr/api/15063980/v1/uddi:bcd05d59-17ae-4d06-9a43-931d896950a2?serviceKey=6ada97b6cda6d1c57b3cc670536fda56a39952a3cf6df77e3986d0483b0b3f1f&page=1&perPage=100
2026-05-17 13:08:12,489 [ERROR] __main__: 공공 데이터 조회 중 오류 (page=1): 400 Client Error: Bad Request for url: https://api.odcloud.kr/api/15063980/v1/uddi:bcd05d59-17ae-4d06-9a43-931d896950a2?serviceKey=6ada97b6cda6d1c57b3cc670536fda56a39952a3cf6df77e3986d0483b0b3f1f&page=1&perPage=100
Traceback (most recent call last):
  File "C:\dev\GitHub\eco-price-ai\backend\api_crawler.py", line 273, in fetch_all_public_data
    response_json = fetch_public_data_page(api_key, api_url, page_no=page, num_of_rows=BATCH_SIZE)
                    ^^^^^^^^^^^^^^^^^^^^^^^^^^^^^^^^^^^^^^^^^^^^^^^^^^^^^^^^^^^^^^^^^^^^^^^^^^^^^^
  File "C:\dev\GitHub\eco-price-ai\backend\api_crawler.py", line 53, in fetch_public_data_page
    response.raise_for_status()
  File "C:\Users\heee1\AppData\Local\Programs\Python\Python312\Lib\site-packages\requests\models.py", line 1028, in raise_for_status
    raise HTTPError(http_error_msg, response=self)
requests.exceptions.HTTPError: 400 Client Error: Bad Request for url: https://api.odcloud.kr/api/15063980/v1/uddi:bcd05d59-17ae-4d06-9a43-931d896950a2?serviceKey=6ada97b6cda6d1c57b3cc670536fda56a39952a3cf6df77e3986d0483b0b3f1f&page=1&perPage=100
2026-05-17 13:08:12,489 [ERROR] __main__: 환경 설정 오류: 400 Client Error: Bad Request for url: https://api.odcloud.kr/api/15063980/v1/uddi:bcd05d59-17ae-4d06-9a43-931d896950a2?serviceKey=6ada97b6cda6d1c57b3cc670536fda56a39952a3cf6df77e3986d0483b0b3f1f&page=1&perPage=100
Traceback (most recent call last):
  File "C:\dev\GitHub\eco-price-ai\backend\api_crawler.py", line 313, in run_crawler
    records = fetch_all_public_data(api_key, api_url)
              ^^^^^^^^^^^^^^^^^^^^^^^^^^^^^^^^^^^^^^^
  File "C:\dev\GitHub\eco-price-ai\backend\api_crawler.py", line 273, in fetch_all_public_data
    response_json = fetch_public_data_page(api_key, api_url, page_no=page, num_of_rows=BATCH_SIZE)
                    ^^^^^^^^^^^^^^^^^^^^^^^^^^^^^^^^^^^^^^^^^^^^^^^^^^^^^^^^^^^^^^^^^^^^^^^^^^^^^^
  File "C:\dev\GitHub\eco-price-ai\backend\api_crawler.py", line 53, in fetch_public_data_page
    response.raise_for_status()
  File "C:\Users\heee1\AppData\Local\Programs\Python\Python312\Lib\site-packages\requests\models.py", line 1028, in raise_for_status
    raise HTTPError(http_error_msg, response=self)
requests.exceptions.HTTPError: 400 Client Error: Bad Request for url: https://api.odcloud.kr/api/15063980/v1/uddi:bcd05d59-17ae-4d06-9a43-931d896950a2?serviceKey=6ada97b6cda6d1c57b3cc670536fda56a39952a3cf6df77e3986d0483b0b3f1f&page=1&perPage=100
2026-05-17 13:08:12,490 [ERROR] __main__: 크롤러 실패: 400 Client Error: Bad Request for url: https://api.odcloud.kr/api/15063980/v1/uddi:bcd05d59-17ae-4d06-9a43-931d896950a2?serviceKey=6ada97b6cda6d1c57b3cc670536fda56a39952a3cf6df77e3986d0483b0b3f1f&page=1&perPage=100
Traceback (most recent call last):
  File "C:\dev\GitHub\eco-price-ai\backend\api_crawler.py", line 354, in <module>
    run_crawler()
  File "C:\dev\GitHub\eco-price-ai\backend\api_crawler.py", line 313, in run_crawler
    records = fetch_all_public_data(api_key, api_url)
              ^^^^^^^^^^^^^^^^^^^^^^^^^^^^^^^^^^^^^^^
  File "C:\dev\GitHub\eco-price-ai\backend\api_crawler.py", line 273, in fetch_all_public_data
    response_json = fetch_public_data_page(api_key, api_url, page_no=page, num_of_rows=BATCH_SIZE)
                    ^^^^^^^^^^^^^^^^^^^^^^^^^^^^^^^^^^^^^^^^^^^^^^^^^^^^^^^^^^^^^^^^^^^^^^^^^^^^^^
  File "C:\dev\GitHub\eco-price-ai\backend\api_crawler.py", line 53, in fetch_public_data_page
    response.raise_for_status()
  File "C:\Users\heee1\AppData\Local\Programs\Python\Python312\Lib\site-packages\requests\models.py", line 1028, in raise_for_status
    raise HTTPError(http_error_msg, response=self)
requests.exceptions.HTTPError: 400 Client Error: Bad Request for url: https://api.odcloud.kr/api/15063980/v1/uddi:bcd05d59-17ae-4d06-9a43-931d896950a2?serviceKey=6ada97b6cda6d1c57b3cc670536fda56a39952a3cf6df77e3986d0483b0b3f1f&page=1&perPage=100
2026-05-17 13:09:44,573 [INFO] __main__: ============================================================
2026-05-17 13:09:44,573 [INFO] __main__: 마켓 가격 크롤러 시작
2026-05-17 13:09:44,573 [INFO] __main__: ============================================================
2026-05-17 13:09:44,573 [WARNING] __main__: 기본 API URL 사용: PUBLIC_DATA_API_URL 환경변수로 수정 가능
2026-05-17 13:09:44,578 [INFO] __main__: 크롤러 시작: url=https://api.odcloud.kr/api/15063980/v1/uddi:bcd05d59-17ae-4d06-9a43-931d896950a2
2026-05-17 13:09:44,578 [INFO] __main__: 공공 데이터 전체 조회 시작
2026-05-17 13:09:44,798 [ERROR] __main__: API HTTP 에러 (page=1, status_code=400, text={"code":-3,"msg":"등록되지 않은 서비스 입니다."}
): 400 Client Error: Bad Request for url: https://api.odcloud.kr/api/15063980/v1/uddi:bcd05d59-17ae-4d06-9a43-931d896950a2?serviceKey=6ada97b6cda6d1c57b3cc670536fda56a39952a3cf6df77e3986d0483b0b3f1f&page=1&perPage=100
Traceback (most recent call last):
  File "C:\dev\GitHub\eco-price-ai\backend\api_crawler.py", line 53, in fetch_public_data_page
    response.raise_for_status()
  File "C:\Users\heee1\AppData\Local\Programs\Python\Python312\Lib\site-packages\requests\models.py", line 1028, in raise_for_status
    raise HTTPError(http_error_msg, response=self)
requests.exceptions.HTTPError: 400 Client Error: Bad Request for url: https://api.odcloud.kr/api/15063980/v1/uddi:bcd05d59-17ae-4d06-9a43-931d896950a2?serviceKey=6ada97b6cda6d1c57b3cc670536fda56a39952a3cf6df77e3986d0483b0b3f1f&page=1&perPage=100
2026-05-17 13:09:44,800 [ERROR] __main__: 공공 데이터 조회 중 오류 (page=1): 400 Client Error: Bad Request for url: https://api.odcloud.kr/api/15063980/v1/uddi:bcd05d59-17ae-4d06-9a43-931d896950a2?serviceKey=6ada97b6cda6d1c57b3cc670536fda56a39952a3cf6df77e3986d0483b0b3f1f&page=1&perPage=100
Traceback (most recent call last):
  File "C:\dev\GitHub\eco-price-ai\backend\api_crawler.py", line 273, in fetch_all_public_data
    response_json = fetch_public_data_page(api_key, api_url, page_no=page, num_of_rows=BATCH_SIZE)
                    ^^^^^^^^^^^^^^^^^^^^^^^^^^^^^^^^^^^^^^^^^^^^^^^^^^^^^^^^^^^^^^^^^^^^^^^^^^^^^^
  File "C:\dev\GitHub\eco-price-ai\backend\api_crawler.py", line 53, in fetch_public_data_page
    response.raise_for_status()
  File "C:\Users\heee1\AppData\Local\Programs\Python\Python312\Lib\site-packages\requests\models.py", line 1028, in raise_for_status
    raise HTTPError(http_error_msg, response=self)
requests.exceptions.HTTPError: 400 Client Error: Bad Request for url: https://api.odcloud.kr/api/15063980/v1/uddi:bcd05d59-17ae-4d06-9a43-931d896950a2?serviceKey=6ada97b6cda6d1c57b3cc670536fda56a39952a3cf6df77e3986d0483b0b3f1f&page=1&perPage=100
2026-05-17 13:09:44,800 [ERROR] __main__: 환경 설정 오류: 400 Client Error: Bad Request for url: https://api.odcloud.kr/api/15063980/v1/uddi:bcd05d59-17ae-4d06-9a43-931d896950a2?serviceKey=6ada97b6cda6d1c57b3cc670536fda56a39952a3cf6df77e3986d0483b0b3f1f&page=1&perPage=100
Traceback (most recent call last):
  File "C:\dev\GitHub\eco-price-ai\backend\api_crawler.py", line 313, in run_crawler
    records = fetch_all_public_data(api_key, api_url)
              ^^^^^^^^^^^^^^^^^^^^^^^^^^^^^^^^^^^^^^^
  File "C:\dev\GitHub\eco-price-ai\backend\api_crawler.py", line 273, in fetch_all_public_data
    response_json = fetch_public_data_page(api_key, api_url, page_no=page, num_of_rows=BATCH_SIZE)
                    ^^^^^^^^^^^^^^^^^^^^^^^^^^^^^^^^^^^^^^^^^^^^^^^^^^^^^^^^^^^^^^^^^^^^^^^^^^^^^^
  File "C:\dev\GitHub\eco-price-ai\backend\api_crawler.py", line 53, in fetch_public_data_page
    response.raise_for_status()
  File "C:\Users\heee1\AppData\Local\Programs\Python\Python312\Lib\site-packages\requests\models.py", line 1028, in raise_for_status
    raise HTTPError(http_error_msg, response=self)
requests.exceptions.HTTPError: 400 Client Error: Bad Request for url: https://api.odcloud.kr/api/15063980/v1/uddi:bcd05d59-17ae-4d06-9a43-931d896950a2?serviceKey=6ada97b6cda6d1c57b3cc670536fda56a39952a3cf6df77e3986d0483b0b3f1f&page=1&perPage=100
2026-05-17 13:09:44,800 [ERROR] __main__: 크롤러 실패: 400 Client Error: Bad Request for url: https://api.odcloud.kr/api/15063980/v1/uddi:bcd05d59-17ae-4d06-9a43-931d896950a2?serviceKey=6ada97b6cda6d1c57b3cc670536fda56a39952a3cf6df77e3986d0483b0b3f1f&page=1&perPage=100
Traceback (most recent call last):
  File "C:\dev\GitHub\eco-price-ai\backend\api_crawler.py", line 354, in <module>
    run_crawler()
  File "C:\dev\GitHub\eco-price-ai\backend\api_crawler.py", line 313, in run_crawler
    records = fetch_all_public_data(api_key, api_url)
              ^^^^^^^^^^^^^^^^^^^^^^^^^^^^^^^^^^^^^^^
  File "C:\dev\GitHub\eco-price-ai\backend\api_crawler.py", line 273, in fetch_all_public_data
    response_json = fetch_public_data_page(api_key, api_url, page_no=page, num_of_rows=BATCH_SIZE)
                    ^^^^^^^^^^^^^^^^^^^^^^^^^^^^^^^^^^^^^^^^^^^^^^^^^^^^^^^^^^^^^^^^^^^^^^^^^^^^^^
  File "C:\dev\GitHub\eco-price-ai\backend\api_crawler.py", line 53, in fetch_public_data_page
    response.raise_for_status()
  File "C:\Users\heee1\AppData\Local\Programs\Python\Python312\Lib\site-packages\requests\models.py", line 1028, in raise_for_status
    raise HTTPError(http_error_msg, response=self)
requests.exceptions.HTTPError: 400 Client Error: Bad Request for url: https://api.odcloud.kr/api/15063980/v1/uddi:bcd05d59-17ae-4d06-9a43-931d896950a2?serviceKey=6ada97b6cda6d1c57b3cc670536fda56a39952a3cf6df77e3986d0483b0b3f1f&page=1&perPage=100
2026-05-17 13:14:38,200 [INFO] __main__: ============================================================
2026-05-17 13:14:38,200 [INFO] __main__: 마켓 가격 크롤러 시작
2026-05-17 13:14:38,200 [INFO] __main__: ============================================================
2026-05-17 13:14:38,200 [WARNING] __main__: 기본 API URL 사용: PUBLIC_DATA_API_URL 환경변수로 수정 가능
2026-05-17 13:14:38,200 [INFO] __main__: 크롤러 시작: url=https://api.odcloud.kr/api/15063980/v1/uddi:bcd05d59-17ae-4d06-9a43-931d896950a2
2026-05-17 13:14:38,200 [INFO] __main__: 공공 데이터 전체 조회 시작
2026-05-17 13:14:38,410 [ERROR] __main__: API HTTP 에러 (page=1, status_code=400, text={"code":-3,"msg":"등록되지 않은 서비스 입니다."}
): 400 Client Error: Bad Request for url: https://api.odcloud.kr/api/15063980/v1/uddi:bcd05d59-17ae-4d06-9a43-931d896950a2?serviceKey=6ada97b6cda6d1c57b3cc670536fda56a39952a3cf6df77e3986d0483b0b3f1f&page=1&perPage=100
Traceback (most recent call last):
  File "C:\dev\GitHub\eco-price-ai\backend\api_crawler.py", line 60, in fetch_public_data_page
    response.raise_for_status()
  File "C:\Users\heee1\AppData\Local\Programs\Python\Python312\Lib\site-packages\requests\models.py", line 1028, in raise_for_status
    raise HTTPError(http_error_msg, response=self)
requests.exceptions.HTTPError: 400 Client Error: Bad Request for url: https://api.odcloud.kr/api/15063980/v1/uddi:bcd05d59-17ae-4d06-9a43-931d896950a2?serviceKey=6ada97b6cda6d1c57b3cc670536fda56a39952a3cf6df77e3986d0483b0b3f1f&page=1&perPage=100
2026-05-17 13:14:38,410 [ERROR] __main__: 공공 데이터 조회 중 오류 (page=1): 400 Client Error: Bad Request for url: https://api.odcloud.kr/api/15063980/v1/uddi:bcd05d59-17ae-4d06-9a43-931d896950a2?serviceKey=6ada97b6cda6d1c57b3cc670536fda56a39952a3cf6df77e3986d0483b0b3f1f&page=1&perPage=100
Traceback (most recent call last):
  File "C:\dev\GitHub\eco-price-ai\backend\api_crawler.py", line 280, in fetch_all_public_data
    response_json = fetch_public_data_page(api_key, api_url, page_no=page, num_of_rows=BATCH_SIZE)
                    ^^^^^^^^^^^^^^^^^^^^^^^^^^^^^^^^^^^^^^^^^^^^^^^^^^^^^^^^^^^^^^^^^^^^^^^^^^^^^^
  File "C:\dev\GitHub\eco-price-ai\backend\api_crawler.py", line 60, in fetch_public_data_page
    response.raise_for_status()
  File "C:\Users\heee1\AppData\Local\Programs\Python\Python312\Lib\site-packages\requests\models.py", line 1028, in raise_for_status
    raise HTTPError(http_error_msg, response=self)
requests.exceptions.HTTPError: 400 Client Error: Bad Request for url: https://api.odcloud.kr/api/15063980/v1/uddi:bcd05d59-17ae-4d06-9a43-931d896950a2?serviceKey=6ada97b6cda6d1c57b3cc670536fda56a39952a3cf6df77e3986d0483b0b3f1f&page=1&perPage=100
2026-05-17 13:14:38,418 [ERROR] __main__: 환경 설정 오류: 400 Client Error: Bad Request for url: https://api.odcloud.kr/api/15063980/v1/uddi:bcd05d59-17ae-4d06-9a43-931d896950a2?serviceKey=6ada97b6cda6d1c57b3cc670536fda56a39952a3cf6df77e3986d0483b0b3f1f&page=1&perPage=100
Traceback (most recent call last):
  File "C:\dev\GitHub\eco-price-ai\backend\api_crawler.py", line 320, in run_crawler
    records = fetch_all_public_data(api_key, api_url)
              ^^^^^^^^^^^^^^^^^^^^^^^^^^^^^^^^^^^^^^^
  File "C:\dev\GitHub\eco-price-ai\backend\api_crawler.py", line 280, in fetch_all_public_data
    response_json = fetch_public_data_page(api_key, api_url, page_no=page, num_of_rows=BATCH_SIZE)
                    ^^^^^^^^^^^^^^^^^^^^^^^^^^^^^^^^^^^^^^^^^^^^^^^^^^^^^^^^^^^^^^^^^^^^^^^^^^^^^^
  File "C:\dev\GitHub\eco-price-ai\backend\api_crawler.py", line 60, in fetch_public_data_page
    response.raise_for_status()
  File "C:\Users\heee1\AppData\Local\Programs\Python\Python312\Lib\site-packages\requests\models.py", line 1028, in raise_for_status
    raise HTTPError(http_error_msg, response=self)
requests.exceptions.HTTPError: 400 Client Error: Bad Request for url: https://api.odcloud.kr/api/15063980/v1/uddi:bcd05d59-17ae-4d06-9a43-931d896950a2?serviceKey=6ada97b6cda6d1c57b3cc670536fda56a39952a3cf6df77e3986d0483b0b3f1f&page=1&perPage=100
2026-05-17 13:14:38,418 [ERROR] __main__: 크롤러 실패: 400 Client Error: Bad Request for url: https://api.odcloud.kr/api/15063980/v1/uddi:bcd05d59-17ae-4d06-9a43-931d896950a2?serviceKey=6ada97b6cda6d1c57b3cc670536fda56a39952a3cf6df77e3986d0483b0b3f1f&page=1&perPage=100
Traceback (most recent call last):
  File "C:\dev\GitHub\eco-price-ai\backend\api_crawler.py", line 361, in <module>
    run_crawler()
  File "C:\dev\GitHub\eco-price-ai\backend\api_crawler.py", line 320, in run_crawler
    records = fetch_all_public_data(api_key, api_url)
              ^^^^^^^^^^^^^^^^^^^^^^^^^^^^^^^^^^^^^^^
  File "C:\dev\GitHub\eco-price-ai\backend\api_crawler.py", line 280, in fetch_all_public_data
    response_json = fetch_public_data_page(api_key, api_url, page_no=page, num_of_rows=BATCH_SIZE)
                    ^^^^^^^^^^^^^^^^^^^^^^^^^^^^^^^^^^^^^^^^^^^^^^^^^^^^^^^^^^^^^^^^^^^^^^^^^^^^^^
  File "C:\dev\GitHub\eco-price-ai\backend\api_crawler.py", line 60, in fetch_public_data_page
    response.raise_for_status()
  File "C:\Users\heee1\AppData\Local\Programs\Python\Python312\Lib\site-packages\requests\models.py", line 1028, in raise_for_status
    raise HTTPError(http_error_msg, response=self)
requests.exceptions.HTTPError: 400 Client Error: Bad Request for url: https://api.odcloud.kr/api/15063980/v1/uddi:bcd05d59-17ae-4d06-9a43-931d896950a2?serviceKey=6ada97b6cda6d1c57b3cc670536fda56a39952a3cf6df77e3986d0483b0b3f1f&page=1&perPage=100
2026-05-17 15:10:48,500 [INFO] __main__: ============================================================
2026-05-17 15:10:48,500 [INFO] __main__: 마켓 가격 크롤러 시작
2026-05-17 15:10:48,501 [INFO] __main__: ============================================================
2026-05-17 15:10:48,501 [WARNING] __main__: 기본 API URL 사용: PUBLIC_DATA_API_URL 환경변수로 수정 가능
2026-05-17 15:10:48,501 [INFO] __main__: 크롤러 시작: url=https://api.odcloud.kr/api/15063980/v1/uddi:bcd05d59-17ae-4d06-9a43-931d896950a2
2026-05-17 15:10:48,501 [INFO] __main__: 공공 데이터 전체 조회 시작
2026-05-17 15:10:48,801 [ERROR] __main__: API HTTP 에러 (page=1, status_code=400, text={"code":-3,"msg":"등록되지 않은 서비스 입니다."}
): 400 Client Error: Bad Request for url: https://api.odcloud.kr/api/15063980/v1/uddi:bcd05d59-17ae-4d06-9a43-931d896950a2?serviceKey=6ada97b6cda6d1c57b3cc670536fda56a39952a3cf6df77e3986d0483b0b3f1f&page=1&perPage=100
Traceback (most recent call last):
  File "C:\dev\GitHub\eco-price-ai\backend\api_crawler.py", line 59, in fetch_public_data_page
    response.raise_for_status()
  File "C:\Users\heee1\AppData\Local\Programs\Python\Python312\Lib\site-packages\requests\models.py", line 1028, in raise_for_status
    raise HTTPError(http_error_msg, response=self)
requests.exceptions.HTTPError: 400 Client Error: Bad Request for url: https://api.odcloud.kr/api/15063980/v1/uddi:bcd05d59-17ae-4d06-9a43-931d896950a2?serviceKey=6ada97b6cda6d1c57b3cc670536fda56a39952a3cf6df77e3986d0483b0b3f1f&page=1&perPage=100
2026-05-17 15:10:48,810 [ERROR] __main__: 공공 데이터 조회 중 오류 (page=1): 400 Client Error: Bad Request for url: https://api.odcloud.kr/api/15063980/v1/uddi:bcd05d59-17ae-4d06-9a43-931d896950a2?serviceKey=6ada97b6cda6d1c57b3cc670536fda56a39952a3cf6df77e3986d0483b0b3f1f&page=1&perPage=100
Traceback (most recent call last):
  File "C:\dev\GitHub\eco-price-ai\backend\api_crawler.py", line 279, in fetch_all_public_data
    response_json = fetch_public_data_page(api_key, api_url, page_no=page, num_of_rows=BATCH_SIZE)
                    ^^^^^^^^^^^^^^^^^^^^^^^^^^^^^^^^^^^^^^^^^^^^^^^^^^^^^^^^^^^^^^^^^^^^^^^^^^^^^^
  File "C:\dev\GitHub\eco-price-ai\backend\api_crawler.py", line 59, in fetch_public_data_page
    response.raise_for_status()
  File "C:\Users\heee1\AppData\Local\Programs\Python\Python312\Lib\site-packages\requests\models.py", line 1028, in raise_for_status
    raise HTTPError(http_error_msg, response=self)
requests.exceptions.HTTPError: 400 Client Error: Bad Request for url: https://api.odcloud.kr/api/15063980/v1/uddi:bcd05d59-17ae-4d06-9a43-931d896950a2?serviceKey=6ada97b6cda6d1c57b3cc670536fda56a39952a3cf6df77e3986d0483b0b3f1f&page=1&perPage=100
2026-05-17 15:10:48,812 [ERROR] __main__: 환경 설정 오류: 400 Client Error: Bad Request for url: https://api.odcloud.kr/api/15063980/v1/uddi:bcd05d59-17ae-4d06-9a43-931d896950a2?serviceKey=6ada97b6cda6d1c57b3cc670536fda56a39952a3cf6df77e3986d0483b0b3f1f&page=1&perPage=100
Traceback (most recent call last):
  File "C:\dev\GitHub\eco-price-ai\backend\api_crawler.py", line 319, in run_crawler
    records = fetch_all_public_data(api_key, api_url)
              ^^^^^^^^^^^^^^^^^^^^^^^^^^^^^^^^^^^^^^^
  File "C:\dev\GitHub\eco-price-ai\backend\api_crawler.py", line 279, in fetch_all_public_data
    response_json = fetch_public_data_page(api_key, api_url, page_no=page, num_of_rows=BATCH_SIZE)
                    ^^^^^^^^^^^^^^^^^^^^^^^^^^^^^^^^^^^^^^^^^^^^^^^^^^^^^^^^^^^^^^^^^^^^^^^^^^^^^^
  File "C:\dev\GitHub\eco-price-ai\backend\api_crawler.py", line 59, in fetch_public_data_page
    response.raise_for_status()
  File "C:\Users\heee1\AppData\Local\Programs\Python\Python312\Lib\site-packages\requests\models.py", line 1028, in raise_for_status
    raise HTTPError(http_error_msg, response=self)
requests.exceptions.HTTPError: 400 Client Error: Bad Request for url: https://api.odcloud.kr/api/15063980/v1/uddi:bcd05d59-17ae-4d06-9a43-931d896950a2?serviceKey=6ada97b6cda6d1c57b3cc670536fda56a39952a3cf6df77e3986d0483b0b3f1f&page=1&perPage=100
2026-05-17 15:10:48,812 [ERROR] __main__: 크롤러 실패: 400 Client Error: Bad Request for url: https://api.odcloud.kr/api/15063980/v1/uddi:bcd05d59-17ae-4d06-9a43-931d896950a2?serviceKey=6ada97b6cda6d1c57b3cc670536fda56a39952a3cf6df77e3986d0483b0b3f1f&page=1&perPage=100
Traceback (most recent call last):
  File "C:\dev\GitHub\eco-price-ai\backend\api_crawler.py", line 360, in <module>
    run_crawler()
  File "C:\dev\GitHub\eco-price-ai\backend\api_crawler.py", line 319, in run_crawler
    records = fetch_all_public_data(api_key, api_url)
              ^^^^^^^^^^^^^^^^^^^^^^^^^^^^^^^^^^^^^^^
  File "C:\dev\GitHub\eco-price-ai\backend\api_crawler.py", line 279, in fetch_all_public_data
    response_json = fetch_public_data_page(api_key, api_url, page_no=page, num_of_rows=BATCH_SIZE)
                    ^^^^^^^^^^^^^^^^^^^^^^^^^^^^^^^^^^^^^^^^^^^^^^^^^^^^^^^^^^^^^^^^^^^^^^^^^^^^^^
  File "C:\dev\GitHub\eco-price-ai\backend\api_crawler.py", line 59, in fetch_public_data_page
    response.raise_for_status()
  File "C:\Users\heee1\AppData\Local\Programs\Python\Python312\Lib\site-packages\requests\models.py", line 1028, in raise_for_status
    raise HTTPError(http_error_msg, response=self)
requests.exceptions.HTTPError: 400 Client Error: Bad Request for url: https://api.odcloud.kr/api/15063980/v1/uddi:bcd05d59-17ae-4d06-9a43-931d896950a2?serviceKey=6ada97b6cda6d1c57b3cc670536fda56a39952a3cf6df77e3986d0483b0b3f1f&page=1&perPage=100
2026-05-17 15:11:56,367 [INFO] __main__: ============================================================
2026-05-17 15:11:56,367 [INFO] __main__: 마켓 가격 크롤러 시작
2026-05-17 15:11:56,367 [INFO] __main__: ============================================================
2026-05-17 15:11:56,367 [WARNING] __main__: 기본 API URL 사용: PUBLIC_DATA_API_URL 환경변수로 수정 가능
2026-05-17 15:11:56,367 [INFO] __main__: 크롤러 시작: url=https://api.odcloud.kr/api/15063980/v1/uddi:bcd05d59-17ae-4d06-9a43-931d896950a2
2026-05-17 15:11:56,367 [INFO] __main__: 공공 데이터 전체 조회 시작
2026-05-17 15:11:56,582 [ERROR] __main__: API HTTP 에러 (page=1, status_code=400, text={"code":-3,"msg":"등록되지 않은 서비스 입니다."}
): 400 Client Error: Bad Request for url: https://api.odcloud.kr/api/15063980/v1/uddi:bcd05d59-17ae-4d06-9a43-931d896950a2?serviceKey=6ada97b6cda6d1c57b3cc670536fda56a39952a3cf6df77e3986d0483b0b3f1f&page=1&perPage=100
Traceback (most recent call last):
  File "C:\dev\GitHub\eco-price-ai\backend\api_crawler.py", line 60, in fetch_public_data_page
    response.raise_for_status()
  File "C:\Users\heee1\AppData\Local\Programs\Python\Python312\Lib\site-packages\requests\models.py", line 1028, in raise_for_status
    raise HTTPError(http_error_msg, response=self)
requests.exceptions.HTTPError: 400 Client Error: Bad Request for url: https://api.odcloud.kr/api/15063980/v1/uddi:bcd05d59-17ae-4d06-9a43-931d896950a2?serviceKey=6ada97b6cda6d1c57b3cc670536fda56a39952a3cf6df77e3986d0483b0b3f1f&page=1&perPage=100
2026-05-17 15:11:56,582 [ERROR] __main__: 공공 데이터 조회 중 오류 (page=1): 400 Client Error: Bad Request for url: https://api.odcloud.kr/api/15063980/v1/uddi:bcd05d59-17ae-4d06-9a43-931d896950a2?serviceKey=6ada97b6cda6d1c57b3cc670536fda56a39952a3cf6df77e3986d0483b0b3f1f&page=1&perPage=100
Traceback (most recent call last):
  File "C:\dev\GitHub\eco-price-ai\backend\api_crawler.py", line 280, in fetch_all_public_data
    response_json = fetch_public_data_page(api_key, api_url, page_no=page, num_of_rows=BATCH_SIZE)
                    ^^^^^^^^^^^^^^^^^^^^^^^^^^^^^^^^^^^^^^^^^^^^^^^^^^^^^^^^^^^^^^^^^^^^^^^^^^^^^^
  File "C:\dev\GitHub\eco-price-ai\backend\api_crawler.py", line 60, in fetch_public_data_page
    response.raise_for_status()
  File "C:\Users\heee1\AppData\Local\Programs\Python\Python312\Lib\site-packages\requests\models.py", line 1028, in raise_for_status
    raise HTTPError(http_error_msg, response=self)
requests.exceptions.HTTPError: 400 Client Error: Bad Request for url: https://api.odcloud.kr/api/15063980/v1/uddi:bcd05d59-17ae-4d06-9a43-931d896950a2?serviceKey=6ada97b6cda6d1c57b3cc670536fda56a39952a3cf6df77e3986d0483b0b3f1f&page=1&perPage=100
2026-05-17 15:11:56,585 [ERROR] __main__: 환경 설정 오류: 400 Client Error: Bad Request for url: https://api.odcloud.kr/api/15063980/v1/uddi:bcd05d59-17ae-4d06-9a43-931d896950a2?serviceKey=6ada97b6cda6d1c57b3cc670536fda56a39952a3cf6df77e3986d0483b0b3f1f&page=1&perPage=100
Traceback (most recent call last):
  File "C:\dev\GitHub\eco-price-ai\backend\api_crawler.py", line 320, in run_crawler
    records = fetch_all_public_data(api_key, api_url)
              ^^^^^^^^^^^^^^^^^^^^^^^^^^^^^^^^^^^^^^^
  File "C:\dev\GitHub\eco-price-ai\backend\api_crawler.py", line 280, in fetch_all_public_data
    response_json = fetch_public_data_page(api_key, api_url, page_no=page, num_of_rows=BATCH_SIZE)
                    ^^^^^^^^^^^^^^^^^^^^^^^^^^^^^^^^^^^^^^^^^^^^^^^^^^^^^^^^^^^^^^^^^^^^^^^^^^^^^^
  File "C:\dev\GitHub\eco-price-ai\backend\api_crawler.py", line 60, in fetch_public_data_page
    response.raise_for_status()
  File "C:\Users\heee1\AppData\Local\Programs\Python\Python312\Lib\site-packages\requests\models.py", line 1028, in raise_for_status
    raise HTTPError(http_error_msg, response=self)
requests.exceptions.HTTPError: 400 Client Error: Bad Request for url: https://api.odcloud.kr/api/15063980/v1/uddi:bcd05d59-17ae-4d06-9a43-931d896950a2?serviceKey=6ada97b6cda6d1c57b3cc670536fda56a39952a3cf6df77e3986d0483b0b3f1f&page=1&perPage=100
2026-05-17 15:11:56,585 [ERROR] __main__: 크롤러 실패: 400 Client Error: Bad Request for url: https://api.odcloud.kr/api/15063980/v1/uddi:bcd05d59-17ae-4d06-9a43-931d896950a2?serviceKey=6ada97b6cda6d1c57b3cc670536fda56a39952a3cf6df77e3986d0483b0b3f1f&page=1&perPage=100
Traceback (most recent call last):
  File "C:\dev\GitHub\eco-price-ai\backend\api_crawler.py", line 361, in <module>
    run_crawler()
  File "C:\dev\GitHub\eco-price-ai\backend\api_crawler.py", line 320, in run_crawler
    records = fetch_all_public_data(api_key, api_url)
              ^^^^^^^^^^^^^^^^^^^^^^^^^^^^^^^^^^^^^^^
  File "C:\dev\GitHub\eco-price-ai\backend\api_crawler.py", line 280, in fetch_all_public_data
    response_json = fetch_public_data_page(api_key, api_url, page_no=page, num_of_rows=BATCH_SIZE)
                    ^^^^^^^^^^^^^^^^^^^^^^^^^^^^^^^^^^^^^^^^^^^^^^^^^^^^^^^^^^^^^^^^^^^^^^^^^^^^^^
  File "C:\dev\GitHub\eco-price-ai\backend\api_crawler.py", line 60, in fetch_public_data_page
    response.raise_for_status()
  File "C:\Users\heee1\AppData\Local\Programs\Python\Python312\Lib\site-packages\requests\models.py", line 1028, in raise_for_status
    raise HTTPError(http_error_msg, response=self)
requests.exceptions.HTTPError: 400 Client Error: Bad Request for url: https://api.odcloud.kr/api/15063980/v1/uddi:bcd05d59-17ae-4d06-9a43-931d896950a2?serviceKey=6ada97b6cda6d1c57b3cc670536fda56a39952a3cf6df77e3986d0483b0b3f1f&page=1&perPage=100
2026-05-17 15:57:06,372 [INFO] __main__: ============================================================
2026-05-17 15:57:06,372 [INFO] __main__: 마켓 가격 크롤러 시작
2026-05-17 15:57:06,372 [INFO] __main__: ============================================================
2026-05-17 15:57:06,375 [WARNING] __main__: 기본 API URL 사용: PUBLIC_DATA_API_URL 환경변수로 수정 가능
2026-05-17 15:57:06,375 [INFO] __main__: 크롤러 시작: url=https://api.odcloud.kr/api/15063980/v1/uddi:bcd05d59-17ae-4d06-9a43-931d896950a2
2026-05-17 15:57:06,375 [INFO] __main__: 공공 데이터 전체 조회 시작
2026-05-17 15:57:06,956 [ERROR] __main__: API HTTP 에러 (page=1, status_code=400, text={"code":-3,"msg":"등록되지 않은 서비스 입니다."}
): 400 Client Error: Bad Request for url: https://api.odcloud.kr/api/15063980/v1/uddi:bcd05d59-17ae-4d06-9a43-931d896950a2?serviceKey=6ada97b6cda6d1c57b3cc670536fda56a39952a3cf6df77e3986d0483b0b3f1f&page=1&perPage=100
Traceback (most recent call last):
  File "C:\dev\GitHub\eco-price-ai\backend\api_crawler.py", line 62, in fetch_public_data_page
    response.raise_for_status()
  File "C:\Users\heee1\AppData\Local\Programs\Python\Python312\Lib\site-packages\requests\models.py", line 1028, in raise_for_status
    raise HTTPError(http_error_msg, response=self)
requests.exceptions.HTTPError: 400 Client Error: Bad Request for url: https://api.odcloud.kr/api/15063980/v1/uddi:bcd05d59-17ae-4d06-9a43-931d896950a2?serviceKey=6ada97b6cda6d1c57b3cc670536fda56a39952a3cf6df77e3986d0483b0b3f1f&page=1&perPage=100
2026-05-17 15:57:06,962 [ERROR] __main__: 공공 데이터 조회 중 오류 (page=1): 400 Client Error: Bad Request for url: https://api.odcloud.kr/api/15063980/v1/uddi:bcd05d59-17ae-4d06-9a43-931d896950a2?serviceKey=6ada97b6cda6d1c57b3cc670536fda56a39952a3cf6df77e3986d0483b0b3f1f&page=1&perPage=100
Traceback (most recent call last):
  File "C:\dev\GitHub\eco-price-ai\backend\api_crawler.py", line 282, in fetch_all_public_data
    response_json = fetch_public_data_page(api_key, api_url, page_no=page, num_of_rows=BATCH_SIZE)
                    ^^^^^^^^^^^^^^^^^^^^^^^^^^^^^^^^^^^^^^^^^^^^^^^^^^^^^^^^^^^^^^^^^^^^^^^^^^^^^^
  File "C:\dev\GitHub\eco-price-ai\backend\api_crawler.py", line 62, in fetch_public_data_page
    response.raise_for_status()
  File "C:\Users\heee1\AppData\Local\Programs\Python\Python312\Lib\site-packages\requests\models.py", line 1028, in raise_for_status
    raise HTTPError(http_error_msg, response=self)
requests.exceptions.HTTPError: 400 Client Error: Bad Request for url: https://api.odcloud.kr/api/15063980/v1/uddi:bcd05d59-17ae-4d06-9a43-931d896950a2?serviceKey=6ada97b6cda6d1c57b3cc670536fda56a39952a3cf6df77e3986d0483b0b3f1f&page=1&perPage=100
2026-05-17 15:57:06,963 [ERROR] __main__: 환경 설정 오류: 400 Client Error: Bad Request for url: https://api.odcloud.kr/api/15063980/v1/uddi:bcd05d59-17ae-4d06-9a43-931d896950a2?serviceKey=6ada97b6cda6d1c57b3cc670536fda56a39952a3cf6df77e3986d0483b0b3f1f&page=1&perPage=100
Traceback (most recent call last):
  File "C:\dev\GitHub\eco-price-ai\backend\api_crawler.py", line 322, in run_crawler
    records = fetch_all_public_data(api_key, api_url)
              ^^^^^^^^^^^^^^^^^^^^^^^^^^^^^^^^^^^^^^^
  File "C:\dev\GitHub\eco-price-ai\backend\api_crawler.py", line 282, in fetch_all_public_data
    response_json = fetch_public_data_page(api_key, api_url, page_no=page, num_of_rows=BATCH_SIZE)
                    ^^^^^^^^^^^^^^^^^^^^^^^^^^^^^^^^^^^^^^^^^^^^^^^^^^^^^^^^^^^^^^^^^^^^^^^^^^^^^^
  File "C:\dev\GitHub\eco-price-ai\backend\api_crawler.py", line 62, in fetch_public_data_page
    response.raise_for_status()
  File "C:\Users\heee1\AppData\Local\Programs\Python\Python312\Lib\site-packages\requests\models.py", line 1028, in raise_for_status
    raise HTTPError(http_error_msg, response=self)
requests.exceptions.HTTPError: 400 Client Error: Bad Request for url: https://api.odcloud.kr/api/15063980/v1/uddi:bcd05d59-17ae-4d06-9a43-931d896950a2?serviceKey=6ada97b6cda6d1c57b3cc670536fda56a39952a3cf6df77e3986d0483b0b3f1f&page=1&perPage=100
2026-05-17 15:57:06,963 [ERROR] __main__: 크롤러 실패: 400 Client Error: Bad Request for url: https://api.odcloud.kr/api/15063980/v1/uddi:bcd05d59-17ae-4d06-9a43-931d896950a2?serviceKey=6ada97b6cda6d1c57b3cc670536fda56a39952a3cf6df77e3986d0483b0b3f1f&page=1&perPage=100
Traceback (most recent call last):
  File "C:\dev\GitHub\eco-price-ai\backend\api_crawler.py", line 363, in <module>
    run_crawler()
  File "C:\dev\GitHub\eco-price-ai\backend\api_crawler.py", line 322, in run_crawler
    records = fetch_all_public_data(api_key, api_url)
              ^^^^^^^^^^^^^^^^^^^^^^^^^^^^^^^^^^^^^^^
  File "C:\dev\GitHub\eco-price-ai\backend\api_crawler.py", line 282, in fetch_all_public_data
    response_json = fetch_public_data_page(api_key, api_url, page_no=page, num_of_rows=BATCH_SIZE)
                    ^^^^^^^^^^^^^^^^^^^^^^^^^^^^^^^^^^^^^^^^^^^^^^^^^^^^^^^^^^^^^^^^^^^^^^^^^^^^^^
  File "C:\dev\GitHub\eco-price-ai\backend\api_crawler.py", line 62, in fetch_public_data_page
    response.raise_for_status()
  File "C:\Users\heee1\AppData\Local\Programs\Python\Python312\Lib\site-packages\requests\models.py", line 1028, in raise_for_status
    raise HTTPError(http_error_msg, response=self)
requests.exceptions.HTTPError: 400 Client Error: Bad Request for url: https://api.odcloud.kr/api/15063980/v1/uddi:bcd05d59-17ae-4d06-9a43-931d896950a2?serviceKey=6ada97b6cda6d1c57b3cc670536fda56a39952a3cf6df77e3986d0483b0b3f1f&page=1&perPage=100
2026-05-17 16:35:27,226 [INFO] __main__: ============================================================
2026-05-17 16:35:27,226 [INFO] __main__: 마켓 가격 크롤러 시작
2026-05-17 16:35:27,229 [INFO] __main__: ============================================================
2026-05-17 16:35:27,229 [WARNING] __main__: 기본 API URL 사용: PUBLIC_DATA_API_URL 환경변수로 수정 가능
2026-05-17 16:35:27,229 [INFO] __main__: 크롤러 시작: url=https://api.odcloud.kr/api/15063980/v1/uddi:bcd05d59-17ae-4d06-9a43-931d896950a2
2026-05-17 16:35:27,229 [INFO] __main__: 공공 데이터 전체 조회 시작
2026-05-17 16:35:27,438 [ERROR] __main__: API HTTP 에러 (page=1, status_code=400, text={"code":-3,"msg":"등록되지 않은 서비스 입니다."}
): 400 Client Error: Bad Request for url: https://api.odcloud.kr/api/15063980/v1/uddi:bcd05d59-17ae-4d06-9a43-931d896950a2?page=1&perPage=100&serviceKey=6ada97b6cda6d1c57b3cc670536fda56a39952a3cf6df77e3986d0483b0b3f1f
Traceback (most recent call last):
  File "C:\dev\GitHub\eco-price-ai\backend\api_crawler.py", line 64, in fetch_public_data_page
    response.raise_for_status()
  File "C:\Users\heee1\AppData\Local\Programs\Python\Python312\Lib\site-packages\requests\models.py", line 1028, in raise_for_status
    raise HTTPError(http_error_msg, response=self)
requests.exceptions.HTTPError: 400 Client Error: Bad Request for url: https://api.odcloud.kr/api/15063980/v1/uddi:bcd05d59-17ae-4d06-9a43-931d896950a2?page=1&perPage=100&serviceKey=6ada97b6cda6d1c57b3cc670536fda56a39952a3cf6df77e3986d0483b0b3f1f
2026-05-17 16:35:27,446 [ERROR] __main__: 공공 데이터 조회 중 오류 (page=1): 400 Client Error: Bad Request for url: https://api.odcloud.kr/api/15063980/v1/uddi:bcd05d59-17ae-4d06-9a43-931d896950a2?page=1&perPage=100&serviceKey=6ada97b6cda6d1c57b3cc670536fda56a39952a3cf6df77e3986d0483b0b3f1f
Traceback (most recent call last):
  File "C:\dev\GitHub\eco-price-ai\backend\api_crawler.py", line 284, in fetch_all_public_data
    response_json = fetch_public_data_page(api_key, api_url, page_no=page, num_of_rows=BATCH_SIZE)
                    ^^^^^^^^^^^^^^^^^^^^^^^^^^^^^^^^^^^^^^^^^^^^^^^^^^^^^^^^^^^^^^^^^^^^^^^^^^^^^^
  File "C:\dev\GitHub\eco-price-ai\backend\api_crawler.py", line 64, in fetch_public_data_page
    response.raise_for_status()
  File "C:\Users\heee1\AppData\Local\Programs\Python\Python312\Lib\site-packages\requests\models.py", line 1028, in raise_for_status
    raise HTTPError(http_error_msg, response=self)
requests.exceptions.HTTPError: 400 Client Error: Bad Request for url: https://api.odcloud.kr/api/15063980/v1/uddi:bcd05d59-17ae-4d06-9a43-931d896950a2?page=1&perPage=100&serviceKey=6ada97b6cda6d1c57b3cc670536fda56a39952a3cf6df77e3986d0483b0b3f1f
2026-05-17 16:35:27,447 [ERROR] __main__: 환경 설정 오류: 400 Client Error: Bad Request for url: https://api.odcloud.kr/api/15063980/v1/uddi:bcd05d59-17ae-4d06-9a43-931d896950a2?page=1&perPage=100&serviceKey=6ada97b6cda6d1c57b3cc670536fda56a39952a3cf6df77e3986d0483b0b3f1f
Traceback (most recent call last):
  File "C:\dev\GitHub\eco-price-ai\backend\api_crawler.py", line 324, in run_crawler
    records = fetch_all_public_data(api_key, api_url)
              ^^^^^^^^^^^^^^^^^^^^^^^^^^^^^^^^^^^^^^^
  File "C:\dev\GitHub\eco-price-ai\backend\api_crawler.py", line 284, in fetch_all_public_data
    response_json = fetch_public_data_page(api_key, api_url, page_no=page, num_of_rows=BATCH_SIZE)
                    ^^^^^^^^^^^^^^^^^^^^^^^^^^^^^^^^^^^^^^^^^^^^^^^^^^^^^^^^^^^^^^^^^^^^^^^^^^^^^^
  File "C:\dev\GitHub\eco-price-ai\backend\api_crawler.py", line 64, in fetch_public_data_page
    response.raise_for_status()
  File "C:\Users\heee1\AppData\Local\Programs\Python\Python312\Lib\site-packages\requests\models.py", line 1028, in raise_for_status
    raise HTTPError(http_error_msg, response=self)
requests.exceptions.HTTPError: 400 Client Error: Bad Request for url: https://api.odcloud.kr/api/15063980/v1/uddi:bcd05d59-17ae-4d06-9a43-931d896950a2?page=1&perPage=100&serviceKey=6ada97b6cda6d1c57b3cc670536fda56a39952a3cf6df77e3986d0483b0b3f1f
2026-05-17 16:35:27,448 [ERROR] __main__: 크롤러 실패: 400 Client Error: Bad Request for url: https://api.odcloud.kr/api/15063980/v1/uddi:bcd05d59-17ae-4d06-9a43-931d896950a2?page=1&perPage=100&serviceKey=6ada97b6cda6d1c57b3cc670536fda56a39952a3cf6df77e3986d0483b0b3f1f
Traceback (most recent call last):
  File "C:\dev\GitHub\eco-price-ai\backend\api_crawler.py", line 365, in <module>
    run_crawler()
  File "C:\dev\GitHub\eco-price-ai\backend\api_crawler.py", line 324, in run_crawler
    records = fetch_all_public_data(api_key, api_url)
              ^^^^^^^^^^^^^^^^^^^^^^^^^^^^^^^^^^^^^^^
  File "C:\dev\GitHub\eco-price-ai\backend\api_crawler.py", line 284, in fetch_all_public_data
    response_json = fetch_public_data_page(api_key, api_url, page_no=page, num_of_rows=BATCH_SIZE)
                    ^^^^^^^^^^^^^^^^^^^^^^^^^^^^^^^^^^^^^^^^^^^^^^^^^^^^^^^^^^^^^^^^^^^^^^^^^^^^^^
  File "C:\dev\GitHub\eco-price-ai\backend\api_crawler.py", line 64, in fetch_public_data_page
    response.raise_for_status()
  File "C:\Users\heee1\AppData\Local\Programs\Python\Python312\Lib\site-packages\requests\models.py", line 1028, in raise_for_status
    raise HTTPError(http_error_msg, response=self)
requests.exceptions.HTTPError: 400 Client Error: Bad Request for url: https://api.odcloud.kr/api/15063980/v1/uddi:bcd05d59-17ae-4d06-9a43-931d896950a2?page=1&perPage=100&serviceKey=6ada97b6cda6d1c57b3cc670536fda56a39952a3cf6df77e3986d0483b0b3f1f
2026-05-17 16:36:25,749 [INFO] __main__: ============================================================
2026-05-17 16:36:25,749 [INFO] __main__: 마켓 가격 크롤러 시작
2026-05-17 16:36:25,749 [INFO] __main__: ============================================================
2026-05-17 16:36:25,749 [WARNING] __main__: 기본 API URL 사용: PUBLIC_DATA_API_URL 환경변수로 수정 가능
2026-05-17 16:36:25,749 [INFO] __main__: 크롤러 시작: url=https://api.odcloud.kr/api/15063980/v1/uddi:bcd05d59-17ae-4d06-9a43-931d896950a2
2026-05-17 16:36:25,749 [INFO] __main__: 공공 데이터 전체 조회 시작
2026-05-17 16:36:25,960 [ERROR] __main__: API HTTP 에러 (page=1, status_code=400, text={"code":-3,"msg":"등록되지 않은 서비스 입니다."}
): 400 Client Error: Bad Request for url: https://api.odcloud.kr/api/15063980/v1/uddi:bcd05d59-17ae-4d06-9a43-931d896950a2?page=1&perPage=100
Traceback (most recent call last):
  File "C:\dev\GitHub\eco-price-ai\backend\api_crawler.py", line 61, in fetch_public_data_page
    response.raise_for_status()
  File "C:\Users\heee1\AppData\Local\Programs\Python\Python312\Lib\site-packages\requests\models.py", line 1028, in raise_for_status
    raise HTTPError(http_error_msg, response=self)
requests.exceptions.HTTPError: 400 Client Error: Bad Request for url: https://api.odcloud.kr/api/15063980/v1/uddi:bcd05d59-17ae-4d06-9a43-931d896950a2?page=1&perPage=100
2026-05-17 16:36:25,962 [ERROR] __main__: 공공 데이터 조회 중 오류 (page=1): 400 Client Error: Bad Request for url: https://api.odcloud.kr/api/15063980/v1/uddi:bcd05d59-17ae-4d06-9a43-931d896950a2?page=1&perPage=100
Traceback (most recent call last):
  File "C:\dev\GitHub\eco-price-ai\backend\api_crawler.py", line 281, in fetch_all_public_data
    response_json = fetch_public_data_page(api_key, api_url, page_no=page, num_of_rows=BATCH_SIZE)
                    ^^^^^^^^^^^^^^^^^^^^^^^^^^^^^^^^^^^^^^^^^^^^^^^^^^^^^^^^^^^^^^^^^^^^^^^^^^^^^^
  File "C:\dev\GitHub\eco-price-ai\backend\api_crawler.py", line 61, in fetch_public_data_page
    response.raise_for_status()
  File "C:\Users\heee1\AppData\Local\Programs\Python\Python312\Lib\site-packages\requests\models.py", line 1028, in raise_for_status
    raise HTTPError(http_error_msg, response=self)
requests.exceptions.HTTPError: 400 Client Error: Bad Request for url: https://api.odcloud.kr/api/15063980/v1/uddi:bcd05d59-17ae-4d06-9a43-931d896950a2?page=1&perPage=100
2026-05-17 16:36:25,962 [ERROR] __main__: 환경 설정 오류: 400 Client Error: Bad Request for url: https://api.odcloud.kr/api/15063980/v1/uddi:bcd05d59-17ae-4d06-9a43-931d896950a2?page=1&perPage=100
Traceback (most recent call last):
  File "C:\dev\GitHub\eco-price-ai\backend\api_crawler.py", line 321, in run_crawler
    records = fetch_all_public_data(api_key, api_url)
              ^^^^^^^^^^^^^^^^^^^^^^^^^^^^^^^^^^^^^^^
  File "C:\dev\GitHub\eco-price-ai\backend\api_crawler.py", line 281, in fetch_all_public_data
    response_json = fetch_public_data_page(api_key, api_url, page_no=page, num_of_rows=BATCH_SIZE)
                    ^^^^^^^^^^^^^^^^^^^^^^^^^^^^^^^^^^^^^^^^^^^^^^^^^^^^^^^^^^^^^^^^^^^^^^^^^^^^^^
  File "C:\dev\GitHub\eco-price-ai\backend\api_crawler.py", line 61, in fetch_public_data_page
    response.raise_for_status()
  File "C:\Users\heee1\AppData\Local\Programs\Python\Python312\Lib\site-packages\requests\models.py", line 1028, in raise_for_status
    raise HTTPError(http_error_msg, response=self)
requests.exceptions.HTTPError: 400 Client Error: Bad Request for url: https://api.odcloud.kr/api/15063980/v1/uddi:bcd05d59-17ae-4d06-9a43-931d896950a2?page=1&perPage=100
2026-05-17 16:36:25,962 [ERROR] __main__: 크롤러 실패: 400 Client Error: Bad Request for url: https://api.odcloud.kr/api/15063980/v1/uddi:bcd05d59-17ae-4d06-9a43-931d896950a2?page=1&perPage=100
Traceback (most recent call last):
  File "C:\dev\GitHub\eco-price-ai\backend\api_crawler.py", line 362, in <module>
    run_crawler()
  File "C:\dev\GitHub\eco-price-ai\backend\api_crawler.py", line 321, in run_crawler
    records = fetch_all_public_data(api_key, api_url)
              ^^^^^^^^^^^^^^^^^^^^^^^^^^^^^^^^^^^^^^^
  File "C:\dev\GitHub\eco-price-ai\backend\api_crawler.py", line 281, in fetch_all_public_data
    response_json = fetch_public_data_page(api_key, api_url, page_no=page, num_of_rows=BATCH_SIZE)
                    ^^^^^^^^^^^^^^^^^^^^^^^^^^^^^^^^^^^^^^^^^^^^^^^^^^^^^^^^^^^^^^^^^^^^^^^^^^^^^^
  File "C:\dev\GitHub\eco-price-ai\backend\api_crawler.py", line 61, in fetch_public_data_page
    response.raise_for_status()
  File "C:\Users\heee1\AppData\Local\Programs\Python\Python312\Lib\site-packages\requests\models.py", line 1028, in raise_for_status
    raise HTTPError(http_error_msg, response=self)
requests.exceptions.HTTPError: 400 Client Error: Bad Request for url: https://api.odcloud.kr/api/15063980/v1/uddi:bcd05d59-17ae-4d06-9a43-931d896950a2?page=1&perPage=100
2026-05-17 16:41:34,425 [INFO] __main__: ============================================================
2026-05-17 16:41:34,425 [INFO] __main__: 마켓 가격 크롤러 시작
2026-05-17 16:41:34,425 [INFO] __main__: ============================================================
2026-05-17 16:41:34,425 [WARNING] __main__: 기본 API URL 사용: PUBLIC_DATA_API_URL 환경변수로 수정 가능
2026-05-17 16:41:34,425 [INFO] __main__: 크롤러 시작: url=https://api.odcloud.kr/api/15063980/v1/uddi:bcd05d59-17ae-4d06-9a43-931d896950a2
2026-05-17 16:41:34,425 [INFO] __main__: 공공 데이터 전체 조회 시작
2026-05-17 16:41:34,625 [ERROR] __main__: API HTTP 에러 (page=1, status_code=400, text={"code":-3,"msg":"등록되지 않은 서비스 입니다."}
): 400 Client Error: Bad Request for url: https://api.odcloud.kr/api/15063980/v1/uddi:bcd05d59-17ae-4d06-9a43-931d896950a2?page=1&perPage=100&serviceKey=6ada97b6cda6d1c57b3cc670536fda56a39952a3cf6df77e3986d0483b0b3f1f
Traceback (most recent call last):
  File "C:\dev\GitHub\eco-price-ai\backend\api_crawler.py", line 59, in fetch_public_data_page
    response.raise_for_status()
  File "C:\Users\heee1\AppData\Local\Programs\Python\Python312\Lib\site-packages\requests\models.py", line 1028, in raise_for_status
    raise HTTPError(http_error_msg, response=self)
requests.exceptions.HTTPError: 400 Client Error: Bad Request for url: https://api.odcloud.kr/api/15063980/v1/uddi:bcd05d59-17ae-4d06-9a43-931d896950a2?page=1&perPage=100&serviceKey=6ada97b6cda6d1c57b3cc670536fda56a39952a3cf6df77e3986d0483b0b3f1f
2026-05-17 16:41:34,625 [ERROR] __main__: 공공 데이터 조회 중 오류 (page=1): 400 Client Error: Bad Request for url: https://api.odcloud.kr/api/15063980/v1/uddi:bcd05d59-17ae-4d06-9a43-931d896950a2?page=1&perPage=100&serviceKey=6ada97b6cda6d1c57b3cc670536fda56a39952a3cf6df77e3986d0483b0b3f1f
Traceback (most recent call last):
  File "C:\dev\GitHub\eco-price-ai\backend\api_crawler.py", line 279, in fetch_all_public_data
    response_json = fetch_public_data_page(api_key, api_url, page_no=page, num_of_rows=BATCH_SIZE)
                    ^^^^^^^^^^^^^^^^^^^^^^^^^^^^^^^^^^^^^^^^^^^^^^^^^^^^^^^^^^^^^^^^^^^^^^^^^^^^^^
  File "C:\dev\GitHub\eco-price-ai\backend\api_crawler.py", line 59, in fetch_public_data_page
    response.raise_for_status()
  File "C:\Users\heee1\AppData\Local\Programs\Python\Python312\Lib\site-packages\requests\models.py", line 1028, in raise_for_status
    raise HTTPError(http_error_msg, response=self)
requests.exceptions.HTTPError: 400 Client Error: Bad Request for url: https://api.odcloud.kr/api/15063980/v1/uddi:bcd05d59-17ae-4d06-9a43-931d896950a2?page=1&perPage=100&serviceKey=6ada97b6cda6d1c57b3cc670536fda56a39952a3cf6df77e3986d0483b0b3f1f
2026-05-17 16:41:34,625 [ERROR] __main__: 환경 설정 오류: 400 Client Error: Bad Request for url: https://api.odcloud.kr/api/15063980/v1/uddi:bcd05d59-17ae-4d06-9a43-931d896950a2?page=1&perPage=100&serviceKey=6ada97b6cda6d1c57b3cc670536fda56a39952a3cf6df77e3986d0483b0b3f1f
Traceback (most recent call last):
  File "C:\dev\GitHub\eco-price-ai\backend\api_crawler.py", line 319, in run_crawler
    records = fetch_all_public_data(api_key, api_url)
              ^^^^^^^^^^^^^^^^^^^^^^^^^^^^^^^^^^^^^^^
  File "C:\dev\GitHub\eco-price-ai\backend\api_crawler.py", line 279, in fetch_all_public_data
    response_json = fetch_public_data_page(api_key, api_url, page_no=page, num_of_rows=BATCH_SIZE)
                    ^^^^^^^^^^^^^^^^^^^^^^^^^^^^^^^^^^^^^^^^^^^^^^^^^^^^^^^^^^^^^^^^^^^^^^^^^^^^^^
  File "C:\dev\GitHub\eco-price-ai\backend\api_crawler.py", line 59, in fetch_public_data_page
    response.raise_for_status()
  File "C:\Users\heee1\AppData\Local\Programs\Python\Python312\Lib\site-packages\requests\models.py", line 1028, in raise_for_status
    raise HTTPError(http_error_msg, response=self)
requests.exceptions.HTTPError: 400 Client Error: Bad Request for url: https://api.odcloud.kr/api/15063980/v1/uddi:bcd05d59-17ae-4d06-9a43-931d896950a2?page=1&perPage=100&serviceKey=6ada97b6cda6d1c57b3cc670536fda56a39952a3cf6df77e3986d0483b0b3f1f
2026-05-17 16:41:34,625 [ERROR] __main__: 크롤러 실패: 400 Client Error: Bad Request for url: https://api.odcloud.kr/api/15063980/v1/uddi:bcd05d59-17ae-4d06-9a43-931d896950a2?page=1&perPage=100&serviceKey=6ada97b6cda6d1c57b3cc670536fda56a39952a3cf6df77e3986d0483b0b3f1f
Traceback (most recent call last):
  File "C:\dev\GitHub\eco-price-ai\backend\api_crawler.py", line 360, in <module>
    run_crawler()
  File "C:\dev\GitHub\eco-price-ai\backend\api_crawler.py", line 319, in run_crawler
    records = fetch_all_public_data(api_key, api_url)
              ^^^^^^^^^^^^^^^^^^^^^^^^^^^^^^^^^^^^^^^
  File "C:\dev\GitHub\eco-price-ai\backend\api_crawler.py", line 279, in fetch_all_public_data
    response_json = fetch_public_data_page(api_key, api_url, page_no=page, num_of_rows=BATCH_SIZE)
                    ^^^^^^^^^^^^^^^^^^^^^^^^^^^^^^^^^^^^^^^^^^^^^^^^^^^^^^^^^^^^^^^^^^^^^^^^^^^^^^
  File "C:\dev\GitHub\eco-price-ai\backend\api_crawler.py", line 59, in fetch_public_data_page
    response.raise_for_status()
  File "C:\Users\heee1\AppData\Local\Programs\Python\Python312\Lib\site-packages\requests\models.py", line 1028, in raise_for_status
    raise HTTPError(http_error_msg, response=self)
requests.exceptions.HTTPError: 400 Client Error: Bad Request for url: https://api.odcloud.kr/api/15063980/v1/uddi:bcd05d59-17ae-4d06-9a43-931d896950a2?page=1&perPage=100&serviceKey=6ada97b6cda6d1c57b3cc670536fda56a39952a3cf6df77e3986d0483b0b3f1f
2026-05-17 16:42:14,125 [INFO] __main__: ============================================================
2026-05-17 16:42:14,125 [INFO] __main__: 마켓 가격 크롤러 시작
2026-05-17 16:42:14,125 [INFO] __main__: ============================================================
2026-05-17 16:42:14,125 [WARNING] __main__: 기본 API URL 사용: PUBLIC_DATA_API_URL 환경변수로 수정 가능
2026-05-17 16:42:14,126 [INFO] __main__: 크롤러 시작: url=https://api.odcloud.kr/api/15063980/v1/uddi:bcd05d59-17ae-4d06-9a43-931d896950a2
2026-05-17 16:42:14,126 [INFO] __main__: 공공 데이터 전체 조회 시작
2026-05-17 16:42:14,320 [ERROR] __main__: API HTTP 에러 (page=1, status_code=400, text={"code":-3,"msg":"등록되지 않은 서비스 입니다."}
): 400 Client Error: Bad Request for url: https://api.odcloud.kr/api/15063980/v1/uddi:bcd05d59-17ae-4d06-9a43-931d896950a2?page=1&perPage=100&serviceKey=6ada97b6cda6d1c57b3cc670536fda56a39952a3cf6df77e3986d0483b0b3f1f
Traceback (most recent call last):
  File "C:\dev\GitHub\eco-price-ai\backend\api_crawler.py", line 62, in fetch_public_data_page
    response.raise_for_status()
  File "C:\Users\heee1\AppData\Local\Programs\Python\Python312\Lib\site-packages\requests\models.py", line 1028, in raise_for_status
    raise HTTPError(http_error_msg, response=self)
requests.exceptions.HTTPError: 400 Client Error: Bad Request for url: https://api.odcloud.kr/api/15063980/v1/uddi:bcd05d59-17ae-4d06-9a43-931d896950a2?page=1&perPage=100&serviceKey=6ada97b6cda6d1c57b3cc670536fda56a39952a3cf6df77e3986d0483b0b3f1f
2026-05-17 16:42:14,323 [ERROR] __main__: 공공 데이터 조회 중 오류 (page=1): 400 Client Error: Bad Request for url: https://api.odcloud.kr/api/15063980/v1/uddi:bcd05d59-17ae-4d06-9a43-931d896950a2?page=1&perPage=100&serviceKey=6ada97b6cda6d1c57b3cc670536fda56a39952a3cf6df77e3986d0483b0b3f1f
Traceback (most recent call last):
  File "C:\dev\GitHub\eco-price-ai\backend\api_crawler.py", line 282, in fetch_all_public_data
    response_json = fetch_public_data_page(api_key, api_url, page_no=page, num_of_rows=BATCH_SIZE)
                    ^^^^^^^^^^^^^^^^^^^^^^^^^^^^^^^^^^^^^^^^^^^^^^^^^^^^^^^^^^^^^^^^^^^^^^^^^^^^^^
  File "C:\dev\GitHub\eco-price-ai\backend\api_crawler.py", line 62, in fetch_public_data_page
    response.raise_for_status()
  File "C:\Users\heee1\AppData\Local\Programs\Python\Python312\Lib\site-packages\requests\models.py", line 1028, in raise_for_status
    raise HTTPError(http_error_msg, response=self)
requests.exceptions.HTTPError: 400 Client Error: Bad Request for url: https://api.odcloud.kr/api/15063980/v1/uddi:bcd05d59-17ae-4d06-9a43-931d896950a2?page=1&perPage=100&serviceKey=6ada97b6cda6d1c57b3cc670536fda56a39952a3cf6df77e3986d0483b0b3f1f
2026-05-17 16:42:14,323 [ERROR] __main__: 환경 설정 오류: 400 Client Error: Bad Request for url: https://api.odcloud.kr/api/15063980/v1/uddi:bcd05d59-17ae-4d06-9a43-931d896950a2?page=1&perPage=100&serviceKey=6ada97b6cda6d1c57b3cc670536fda56a39952a3cf6df77e3986d0483b0b3f1f
Traceback (most recent call last):
  File "C:\dev\GitHub\eco-price-ai\backend\api_crawler.py", line 322, in run_crawler
    records = fetch_all_public_data(api_key, api_url)
              ^^^^^^^^^^^^^^^^^^^^^^^^^^^^^^^^^^^^^^^
  File "C:\dev\GitHub\eco-price-ai\backend\api_crawler.py", line 282, in fetch_all_public_data
    response_json = fetch_public_data_page(api_key, api_url, page_no=page, num_of_rows=BATCH_SIZE)
                    ^^^^^^^^^^^^^^^^^^^^^^^^^^^^^^^^^^^^^^^^^^^^^^^^^^^^^^^^^^^^^^^^^^^^^^^^^^^^^^
  File "C:\dev\GitHub\eco-price-ai\backend\api_crawler.py", line 62, in fetch_public_data_page
    response.raise_for_status()
  File "C:\Users\heee1\AppData\Local\Programs\Python\Python312\Lib\site-packages\requests\models.py", line 1028, in raise_for_status
    raise HTTPError(http_error_msg, response=self)
requests.exceptions.HTTPError: 400 Client Error: Bad Request for url: https://api.odcloud.kr/api/15063980/v1/uddi:bcd05d59-17ae-4d06-9a43-931d896950a2?page=1&perPage=100&serviceKey=6ada97b6cda6d1c57b3cc670536fda56a39952a3cf6df77e3986d0483b0b3f1f
2026-05-17 16:42:14,323 [ERROR] __main__: 크롤러 실패: 400 Client Error: Bad Request for url: https://api.odcloud.kr/api/15063980/v1/uddi:bcd05d59-17ae-4d06-9a43-931d896950a2?page=1&perPage=100&serviceKey=6ada97b6cda6d1c57b3cc670536fda56a39952a3cf6df77e3986d0483b0b3f1f
Traceback (most recent call last):
  File "C:\dev\GitHub\eco-price-ai\backend\api_crawler.py", line 363, in <module>
    run_crawler()
  File "C:\dev\GitHub\eco-price-ai\backend\api_crawler.py", line 322, in run_crawler
    records = fetch_all_public_data(api_key, api_url)
              ^^^^^^^^^^^^^^^^^^^^^^^^^^^^^^^^^^^^^^^
  File "C:\dev\GitHub\eco-price-ai\backend\api_crawler.py", line 282, in fetch_all_public_data
    response_json = fetch_public_data_page(api_key, api_url, page_no=page, num_of_rows=BATCH_SIZE)
                    ^^^^^^^^^^^^^^^^^^^^^^^^^^^^^^^^^^^^^^^^^^^^^^^^^^^^^^^^^^^^^^^^^^^^^^^^^^^^^^
  File "C:\dev\GitHub\eco-price-ai\backend\api_crawler.py", line 62, in fetch_public_data_page
    response.raise_for_status()
  File "C:\Users\heee1\AppData\Local\Programs\Python\Python312\Lib\site-packages\requests\models.py", line 1028, in raise_for_status
    raise HTTPError(http_error_msg, response=self)
requests.exceptions.HTTPError: 400 Client Error: Bad Request for url: https://api.odcloud.kr/api/15063980/v1/uddi:bcd05d59-17ae-4d06-9a43-931d896950a2?page=1&perPage=100&serviceKey=6ada97b6cda6d1c57b3cc670536fda56a39952a3cf6df77e3986d0483b0b3f1f
2026-05-17 16:44:42,976 [INFO] __main__: ============================================================
2026-05-17 16:44:42,976 [INFO] __main__: 마켓 가격 크롤러 시작
2026-05-17 16:44:42,976 [INFO] __main__: ============================================================
2026-05-17 16:44:42,976 [WARNING] __main__: 기본 API URL 사용: PUBLIC_DATA_API_URL 환경변수로 수정 가능
2026-05-17 16:44:42,976 [INFO] __main__: 크롤러 시작: url=https://api.odcloud.kr/api/15063980/v1/uddi:bcd05d59-17ae-4d06-9a43-931d896950a2
2026-05-17 16:44:42,976 [INFO] __main__: 공공 데이터 전체 조회 시작
2026-05-17 16:44:43,183 [ERROR] __main__: API HTTP 에러 (page=1, status_code=400, text={"code":-3,"msg":"등록되지 않은 서비스 입니다."}
): 400 Client Error: Bad Request for url: https://api.odcloud.kr/api/15063980/v1/uddi:bcd05d59-17ae-4d06-9a43-931d896950a2?page=1&perPage=100
Traceback (most recent call last):
  File "C:\dev\GitHub\eco-price-ai\backend\api_crawler.py", line 61, in fetch_public_data_page
    response.raise_for_status()
  File "C:\Users\heee1\AppData\Local\Programs\Python\Python312\Lib\site-packages\requests\models.py", line 1028, in raise_for_status
    raise HTTPError(http_error_msg, response=self)
requests.exceptions.HTTPError: 400 Client Error: Bad Request for url: https://api.odcloud.kr/api/15063980/v1/uddi:bcd05d59-17ae-4d06-9a43-931d896950a2?page=1&perPage=100
2026-05-17 16:44:43,183 [ERROR] __main__: 공공 데이터 조회 중 오류 (page=1): 400 Client Error: Bad Request for url: https://api.odcloud.kr/api/15063980/v1/uddi:bcd05d59-17ae-4d06-9a43-931d896950a2?page=1&perPage=100
Traceback (most recent call last):
  File "C:\dev\GitHub\eco-price-ai\backend\api_crawler.py", line 281, in fetch_all_public_data
    response_json = fetch_public_data_page(api_key, api_url, page_no=page, num_of_rows=BATCH_SIZE)
                    ^^^^^^^^^^^^^^^^^^^^^^^^^^^^^^^^^^^^^^^^^^^^^^^^^^^^^^^^^^^^^^^^^^^^^^^^^^^^^^
  File "C:\dev\GitHub\eco-price-ai\backend\api_crawler.py", line 61, in fetch_public_data_page
    response.raise_for_status()
  File "C:\Users\heee1\AppData\Local\Programs\Python\Python312\Lib\site-packages\requests\models.py", line 1028, in raise_for_status
    raise HTTPError(http_error_msg, response=self)
requests.exceptions.HTTPError: 400 Client Error: Bad Request for url: https://api.odcloud.kr/api/15063980/v1/uddi:bcd05d59-17ae-4d06-9a43-931d896950a2?page=1&perPage=100
2026-05-17 16:44:43,186 [ERROR] __main__: 환경 설정 오류: 400 Client Error: Bad Request for url: https://api.odcloud.kr/api/15063980/v1/uddi:bcd05d59-17ae-4d06-9a43-931d896950a2?page=1&perPage=100
Traceback (most recent call last):
  File "C:\dev\GitHub\eco-price-ai\backend\api_crawler.py", line 321, in run_crawler
    records = fetch_all_public_data(api_key, api_url)
              ^^^^^^^^^^^^^^^^^^^^^^^^^^^^^^^^^^^^^^^
  File "C:\dev\GitHub\eco-price-ai\backend\api_crawler.py", line 281, in fetch_all_public_data
    response_json = fetch_public_data_page(api_key, api_url, page_no=page, num_of_rows=BATCH_SIZE)
                    ^^^^^^^^^^^^^^^^^^^^^^^^^^^^^^^^^^^^^^^^^^^^^^^^^^^^^^^^^^^^^^^^^^^^^^^^^^^^^^
  File "C:\dev\GitHub\eco-price-ai\backend\api_crawler.py", line 61, in fetch_public_data_page
    response.raise_for_status()
  File "C:\Users\heee1\AppData\Local\Programs\Python\Python312\Lib\site-packages\requests\models.py", line 1028, in raise_for_status
    raise HTTPError(http_error_msg, response=self)
requests.exceptions.HTTPError: 400 Client Error: Bad Request for url: https://api.odcloud.kr/api/15063980/v1/uddi:bcd05d59-17ae-4d06-9a43-931d896950a2?page=1&perPage=100
2026-05-17 16:44:43,186 [ERROR] __main__: 크롤러 실패: 400 Client Error: Bad Request for url: https://api.odcloud.kr/api/15063980/v1/uddi:bcd05d59-17ae-4d06-9a43-931d896950a2?page=1&perPage=100
Traceback (most recent call last):
  File "C:\dev\GitHub\eco-price-ai\backend\api_crawler.py", line 362, in <module>
    run_crawler()
  File "C:\dev\GitHub\eco-price-ai\backend\api_crawler.py", line 321, in run_crawler
    records = fetch_all_public_data(api_key, api_url)
              ^^^^^^^^^^^^^^^^^^^^^^^^^^^^^^^^^^^^^^^
  File "C:\dev\GitHub\eco-price-ai\backend\api_crawler.py", line 281, in fetch_all_public_data
    response_json = fetch_public_data_page(api_key, api_url, page_no=page, num_of_rows=BATCH_SIZE)
                    ^^^^^^^^^^^^^^^^^^^^^^^^^^^^^^^^^^^^^^^^^^^^^^^^^^^^^^^^^^^^^^^^^^^^^^^^^^^^^^
  File "C:\dev\GitHub\eco-price-ai\backend\api_crawler.py", line 61, in fetch_public_data_page
    response.raise_for_status()
  File "C:\Users\heee1\AppData\Local\Programs\Python\Python312\Lib\site-packages\requests\models.py", line 1028, in raise_for_status
    raise HTTPError(http_error_msg, response=self)
requests.exceptions.HTTPError: 400 Client Error: Bad Request for url: https://api.odcloud.kr/api/15063980/v1/uddi:bcd05d59-17ae-4d06-9a43-931d896950a2?page=1&perPage=100
2026-05-17 16:45:01,725 [INFO] __main__: ============================================================
2026-05-17 16:45:01,725 [INFO] __main__: 마켓 가격 크롤러 시작
2026-05-17 16:45:01,725 [INFO] __main__: ============================================================
2026-05-17 16:45:01,728 [WARNING] __main__: 기본 API URL 사용: PUBLIC_DATA_API_URL 환경변수로 수정 가능
2026-05-17 16:45:01,728 [INFO] __main__: 크롤러 시작: url=https://api.odcloud.kr/api/15063980/v1/uddi:bcd05d59-17ae-4d06-9a43-931d896950a2
2026-05-17 16:45:01,728 [INFO] __main__: 공공 데이터 전체 조회 시작
2026-05-17 16:45:02,083 [ERROR] __main__: API HTTP 에러 (page=1, status_code=400, text={"code":-3,"msg":"등록되지 않은 서비스 입니다."}
): 400 Client Error: Bad Request for url: https://api.odcloud.kr/api/15063980/v1/uddi:bcd05d59-17ae-4d06-9a43-931d896950a2?page=1&perPage=100&serviceKey=6ada97b6cda6d1c57b3cc670536fda56a39952a3cf6df77e3986d0483b0b3f1f
Traceback (most recent call last):
  File "C:\dev\GitHub\eco-price-ai\backend\api_crawler.py", line 59, in fetch_public_data_page
    response.raise_for_status()
  File "C:\Users\heee1\AppData\Local\Programs\Python\Python312\Lib\site-packages\requests\models.py", line 1028, in raise_for_status
    raise HTTPError(http_error_msg, response=self)
requests.exceptions.HTTPError: 400 Client Error: Bad Request for url: https://api.odcloud.kr/api/15063980/v1/uddi:bcd05d59-17ae-4d06-9a43-931d896950a2?page=1&perPage=100&serviceKey=6ada97b6cda6d1c57b3cc670536fda56a39952a3cf6df77e3986d0483b0b3f1f
2026-05-17 16:45:02,088 [ERROR] __main__: 공공 데이터 조회 중 오류 (page=1): 400 Client Error: Bad Request for url: https://api.odcloud.kr/api/15063980/v1/uddi:bcd05d59-17ae-4d06-9a43-931d896950a2?page=1&perPage=100&serviceKey=6ada97b6cda6d1c57b3cc670536fda56a39952a3cf6df77e3986d0483b0b3f1f
Traceback (most recent call last):
  File "C:\dev\GitHub\eco-price-ai\backend\api_crawler.py", line 279, in fetch_all_public_data
    response_json = fetch_public_data_page(api_key, api_url, page_no=page, num_of_rows=BATCH_SIZE)
                    ^^^^^^^^^^^^^^^^^^^^^^^^^^^^^^^^^^^^^^^^^^^^^^^^^^^^^^^^^^^^^^^^^^^^^^^^^^^^^^
  File "C:\dev\GitHub\eco-price-ai\backend\api_crawler.py", line 59, in fetch_public_data_page
    response.raise_for_status()
  File "C:\Users\heee1\AppData\Local\Programs\Python\Python312\Lib\site-packages\requests\models.py", line 1028, in raise_for_status
    raise HTTPError(http_error_msg, response=self)
requests.exceptions.HTTPError: 400 Client Error: Bad Request for url: https://api.odcloud.kr/api/15063980/v1/uddi:bcd05d59-17ae-4d06-9a43-931d896950a2?page=1&perPage=100&serviceKey=6ada97b6cda6d1c57b3cc670536fda56a39952a3cf6df77e3986d0483b0b3f1f
2026-05-17 16:45:02,090 [ERROR] __main__: 환경 설정 오류: 400 Client Error: Bad Request for url: https://api.odcloud.kr/api/15063980/v1/uddi:bcd05d59-17ae-4d06-9a43-931d896950a2?page=1&perPage=100&serviceKey=6ada97b6cda6d1c57b3cc670536fda56a39952a3cf6df77e3986d0483b0b3f1f
Traceback (most recent call last):
  File "C:\dev\GitHub\eco-price-ai\backend\api_crawler.py", line 319, in run_crawler
    records = fetch_all_public_data(api_key, api_url)
              ^^^^^^^^^^^^^^^^^^^^^^^^^^^^^^^^^^^^^^^
  File "C:\dev\GitHub\eco-price-ai\backend\api_crawler.py", line 279, in fetch_all_public_data
    response_json = fetch_public_data_page(api_key, api_url, page_no=page, num_of_rows=BATCH_SIZE)
                    ^^^^^^^^^^^^^^^^^^^^^^^^^^^^^^^^^^^^^^^^^^^^^^^^^^^^^^^^^^^^^^^^^^^^^^^^^^^^^^
  File "C:\dev\GitHub\eco-price-ai\backend\api_crawler.py", line 59, in fetch_public_data_page
    response.raise_for_status()
  File "C:\Users\heee1\AppData\Local\Programs\Python\Python312\Lib\site-packages\requests\models.py", line 1028, in raise_for_status
    raise HTTPError(http_error_msg, response=self)
requests.exceptions.HTTPError: 400 Client Error: Bad Request for url: https://api.odcloud.kr/api/15063980/v1/uddi:bcd05d59-17ae-4d06-9a43-931d896950a2?page=1&perPage=100&serviceKey=6ada97b6cda6d1c57b3cc670536fda56a39952a3cf6df77e3986d0483b0b3f1f
2026-05-17 16:45:02,090 [ERROR] __main__: 크롤러 실패: 400 Client Error: Bad Request for url: https://api.odcloud.kr/api/15063980/v1/uddi:bcd05d59-17ae-4d06-9a43-931d896950a2?page=1&perPage=100&serviceKey=6ada97b6cda6d1c57b3cc670536fda56a39952a3cf6df77e3986d0483b0b3f1f
Traceback (most recent call last):
  File "C:\dev\GitHub\eco-price-ai\backend\api_crawler.py", line 360, in <module>
    run_crawler()
  File "C:\dev\GitHub\eco-price-ai\backend\api_crawler.py", line 319, in run_crawler
    records = fetch_all_public_data(api_key, api_url)
              ^^^^^^^^^^^^^^^^^^^^^^^^^^^^^^^^^^^^^^^
  File "C:\dev\GitHub\eco-price-ai\backend\api_crawler.py", line 279, in fetch_all_public_data
    response_json = fetch_public_data_page(api_key, api_url, page_no=page, num_of_rows=BATCH_SIZE)
                    ^^^^^^^^^^^^^^^^^^^^^^^^^^^^^^^^^^^^^^^^^^^^^^^^^^^^^^^^^^^^^^^^^^^^^^^^^^^^^^
  File "C:\dev\GitHub\eco-price-ai\backend\api_crawler.py", line 59, in fetch_public_data_page
    response.raise_for_status()
  File "C:\Users\heee1\AppData\Local\Programs\Python\Python312\Lib\site-packages\requests\models.py", line 1028, in raise_for_status
    raise HTTPError(http_error_msg, response=self)
requests.exceptions.HTTPError: 400 Client Error: Bad Request for url: https://api.odcloud.kr/api/15063980/v1/uddi:bcd05d59-17ae-4d06-9a43-931d896950a2?page=1&perPage=100&serviceKey=6ada97b6cda6d1c57b3cc670536fda56a39952a3cf6df77e3986d0483b0b3f1f
2026-05-17 17:46:12,809 [INFO] __main__: ============================================================
2026-05-17 17:46:12,809 [INFO] __main__: 마켓 가격 크롤러 시작
2026-05-17 17:46:12,809 [INFO] __main__: ============================================================
2026-05-17 17:46:12,811 [WARNING] __main__: 기본 API URL 사용: PUBLIC_DATA_API_URL 환경변수로 수정 가능
2026-05-17 17:46:12,811 [INFO] __main__: 크롤러 시작: url=https://api.odcloud.kr/api/15063980/v1/uddi:bcd05d59-17ae-4d06-9a43-931d896950a2
2026-05-17 17:46:12,811 [INFO] __main__: 공공 데이터 전체 조회 시작
2026-05-17 17:46:13,051 [ERROR] __main__: API HTTP 에러 (page=1, status_code=400, text={"code":-3,"msg":"등록되지 않은 서비스 입니다."}
): 400 Client Error: Bad Request for url: https://api.odcloud.kr/api/15063980/v1/uddi:bcd05d59-17ae-4d06-9a43-931d896950a2?page=1&perPage=100
Traceback (most recent call last):
  File "C:\dev\GitHub\eco-price-ai\backend\api_crawler.py", line 61, in fetch_public_data_page
    response.raise_for_status()
  File "C:\Users\heee1\AppData\Local\Programs\Python\Python312\Lib\site-packages\requests\models.py", line 1028, in raise_for_status
    raise HTTPError(http_error_msg, response=self)
requests.exceptions.HTTPError: 400 Client Error: Bad Request for url: https://api.odcloud.kr/api/15063980/v1/uddi:bcd05d59-17ae-4d06-9a43-931d896950a2?page=1&perPage=100
2026-05-17 17:46:13,051 [ERROR] __main__: 공공 데이터 조회 중 오류 (page=1): 400 Client Error: Bad Request for url: https://api.odcloud.kr/api/15063980/v1/uddi:bcd05d59-17ae-4d06-9a43-931d896950a2?page=1&perPage=100
Traceback (most recent call last):
  File "C:\dev\GitHub\eco-price-ai\backend\api_crawler.py", line 281, in fetch_all_public_data
    response_json = fetch_public_data_page(api_key, api_url, page_no=page, num_of_rows=BATCH_SIZE)
                    ^^^^^^^^^^^^^^^^^^^^^^^^^^^^^^^^^^^^^^^^^^^^^^^^^^^^^^^^^^^^^^^^^^^^^^^^^^^^^^
  File "C:\dev\GitHub\eco-price-ai\backend\api_crawler.py", line 61, in fetch_public_data_page
    response.raise_for_status()
  File "C:\Users\heee1\AppData\Local\Programs\Python\Python312\Lib\site-packages\requests\models.py", line 1028, in raise_for_status
    raise HTTPError(http_error_msg, response=self)
requests.exceptions.HTTPError: 400 Client Error: Bad Request for url: https://api.odcloud.kr/api/15063980/v1/uddi:bcd05d59-17ae-4d06-9a43-931d896950a2?page=1&perPage=100
2026-05-17 17:46:13,054 [ERROR] __main__: 환경 설정 오류: 400 Client Error: Bad Request for url: https://api.odcloud.kr/api/15063980/v1/uddi:bcd05d59-17ae-4d06-9a43-931d896950a2?page=1&perPage=100
Traceback (most recent call last):
  File "C:\dev\GitHub\eco-price-ai\backend\api_crawler.py", line 321, in run_crawler
    records = fetch_all_public_data(api_key, api_url)
              ^^^^^^^^^^^^^^^^^^^^^^^^^^^^^^^^^^^^^^^
  File "C:\dev\GitHub\eco-price-ai\backend\api_crawler.py", line 281, in fetch_all_public_data
    response_json = fetch_public_data_page(api_key, api_url, page_no=page, num_of_rows=BATCH_SIZE)
                    ^^^^^^^^^^^^^^^^^^^^^^^^^^^^^^^^^^^^^^^^^^^^^^^^^^^^^^^^^^^^^^^^^^^^^^^^^^^^^^
  File "C:\dev\GitHub\eco-price-ai\backend\api_crawler.py", line 61, in fetch_public_data_page
    response.raise_for_status()
  File "C:\Users\heee1\AppData\Local\Programs\Python\Python312\Lib\site-packages\requests\models.py", line 1028, in raise_for_status
    raise HTTPError(http_error_msg, response=self)
requests.exceptions.HTTPError: 400 Client Error: Bad Request for url: https://api.odcloud.kr/api/15063980/v1/uddi:bcd05d59-17ae-4d06-9a43-931d896950a2?page=1&perPage=100
2026-05-17 17:46:13,054 [ERROR] __main__: 크롤러 실패: 400 Client Error: Bad Request for url: https://api.odcloud.kr/api/15063980/v1/uddi:bcd05d59-17ae-4d06-9a43-931d896950a2?page=1&perPage=100
Traceback (most recent call last):
  File "C:\dev\GitHub\eco-price-ai\backend\api_crawler.py", line 362, in <module>
    run_crawler()
  File "C:\dev\GitHub\eco-price-ai\backend\api_crawler.py", line 321, in run_crawler
    records = fetch_all_public_data(api_key, api_url)
              ^^^^^^^^^^^^^^^^^^^^^^^^^^^^^^^^^^^^^^^
  File "C:\dev\GitHub\eco-price-ai\backend\api_crawler.py", line 281, in fetch_all_public_data
    response_json = fetch_public_data_page(api_key, api_url, page_no=page, num_of_rows=BATCH_SIZE)
                    ^^^^^^^^^^^^^^^^^^^^^^^^^^^^^^^^^^^^^^^^^^^^^^^^^^^^^^^^^^^^^^^^^^^^^^^^^^^^^^
  File "C:\dev\GitHub\eco-price-ai\backend\api_crawler.py", line 61, in fetch_public_data_page
    response.raise_for_status()
  File "C:\Users\heee1\AppData\Local\Programs\Python\Python312\Lib\site-packages\requests\models.py", line 1028, in raise_for_status
    raise HTTPError(http_error_msg, response=self)
requests.exceptions.HTTPError: 400 Client Error: Bad Request for url: https://api.odcloud.kr/api/15063980/v1/uddi:bcd05d59-17ae-4d06-9a43-931d896950a2?page=1&perPage=100
2026-05-17 17:57:15,098 [INFO] __main__: ============================================================
2026-05-17 17:57:15,098 [INFO] __main__: 마켓 가격 크롤러 시작
2026-05-17 17:57:15,099 [INFO] __main__: ============================================================
2026-05-17 17:57:15,099 [WARNING] __main__: 기본 API URL 사용: PUBLIC_DATA_API_URL 환경변수로 수정 가능
2026-05-17 17:57:15,099 [INFO] __main__: 크롤러 시작: url=http://openapi.price.go.kr/openApiImpl/ProductPriceInfoService/getProductInfoSvc.do
2026-05-17 17:57:15,099 [INFO] __main__: 공공 데이터 전체 조회 시작
2026-05-17 17:59:20,625 [INFO] __main__: ============================================================
2026-05-17 17:59:20,627 [INFO] __main__: 마켓 가격 크롤러 시작
2026-05-17 17:59:20,627 [INFO] __main__: ============================================================
2026-05-17 17:59:20,627 [WARNING] __main__: 기본 API URL 사용: PUBLIC_DATA_API_URL 환경변수로 수정 가능
2026-05-17 17:59:20,627 [INFO] __main__: 크롤러 시작: url=http://openapi.price.go.kr/openApiImpl/ProductPriceInfoService/getProductInfoSvc.do
2026-05-17 17:59:20,627 [INFO] __main__: 공공 데이터 전체 조회 시작
2026-05-17 17:59:20,627 [INFO] __main__: 페이지 1 조회 중...
2026-05-17 17:59:20,925 [INFO] __main__: 페이지 1: 604개 항목 추출
2026-05-17 17:59:20,937 [INFO] __main__: 페이지 1: 604개 항목 파싱 완료
2026-05-17 17:59:20,937 [INFO] __main__: 마지막 페이지 도달 (page=1, items=604)
2026-05-17 17:59:20,937 [INFO] __main__: 공공 데이터 조회 완료: 총 604개 레코드
2026-05-17 17:59:20,937 [INFO] __main__: 공공 데이터에서 604개 레코드 조회 완료
2026-05-17 17:59:20,937 [INFO] __main__: 데이터베이스 세션 시작
2026-05-17 17:59:20,937 [INFO] __main__: 마켓 가격 Upsert 시작: 604개 레코드
2026-05-17 17:59:20,981 [INFO] __main__: 604개 새로운 마켓 가격 레코드 삽입 중...
2026-05-17 17:59:21,042 [INFO] __main__: Upsert 완료: 604개 삽입, 0개 업데이트
2026-05-17 17:59:21,042 [INFO] __main__: ============================================================
2026-05-17 17:59:21,043 [INFO] __main__: 마켓 가격 크롤러 완료 (성공)
2026-05-17 17:59:21,043 [INFO] __main__: ============================================================
2026-05-17 19:39:08,647 [INFO] __main__: ============================================================
2026-05-17 19:39:08,647 [INFO] __main__: 마켓 가격 크롤러 시작
2026-05-17 19:39:08,647 [INFO] __main__: ============================================================
2026-05-17 19:39:08,647 [WARNING] __main__: 기본 API URL 사용: PUBLIC_DATA_API_URL 환경변수로 수정 가능
2026-05-17 19:39:08,648 [INFO] __main__: 크롤러 시작: url=http://openapi.price.go.kr/openApiImpl/ProductPriceInfoService/getProductInfoSvc.do
2026-05-17 19:39:08,648 [INFO] __main__: 공공 데이터 전체 조회 시작
2026-05-17 19:39:08,648 [INFO] __main__: 기존 마켓 가격 데이터 초기화 중...
2026-05-17 19:39:08,648 [ERROR] __main__: 공공 데이터 조회 중 오류 (page=1): name 'db_session' is not defined
Traceback (most recent call last):
  File "C:\dev\GitHub\eco-price-ai\backend\api_crawler.py", line 296, in fetch_all_public_data
    db_session.query(MarketPrice).delete()
    ^^^^^^^^^^
NameError: name 'db_session' is not defined. Did you mean: 'get_db_session'?
2026-05-17 19:39:08,649 [ERROR] __main__: 마켓 가격 크롤러 실패: name 'db_session' is not defined
Traceback (most recent call last):
  File "C:\dev\GitHub\eco-price-ai\backend\api_crawler.py", line 342, in run_crawler
    records = fetch_all_public_data(api_key, api_url)
              ^^^^^^^^^^^^^^^^^^^^^^^^^^^^^^^^^^^^^^^
  File "C:\dev\GitHub\eco-price-ai\backend\api_crawler.py", line 296, in fetch_all_public_data
    db_session.query(MarketPrice).delete()
    ^^^^^^^^^^
NameError: name 'db_session' is not defined. Did you mean: 'get_db_session'?
2026-05-17 19:39:08,650 [ERROR] __main__: 크롤러 실패: name 'db_session' is not defined
Traceback (most recent call last):
  File "C:\dev\GitHub\eco-price-ai\backend\api_crawler.py", line 383, in <module>
    run_crawler()
  File "C:\dev\GitHub\eco-price-ai\backend\api_crawler.py", line 342, in run_crawler
    records = fetch_all_public_data(api_key, api_url)
              ^^^^^^^^^^^^^^^^^^^^^^^^^^^^^^^^^^^^^^^
  File "C:\dev\GitHub\eco-price-ai\backend\api_crawler.py", line 296, in fetch_all_public_data
    db_session.query(MarketPrice).delete()
    ^^^^^^^^^^
NameError: name 'db_session' is not defined. Did you mean: 'get_db_session'?
2026-05-17 19:39:40,432 [INFO] __main__: ============================================================
2026-05-17 19:39:40,432 [INFO] __main__: 마켓 가격 크롤러 시작
2026-05-17 19:39:40,435 [INFO] __main__: ============================================================
2026-05-17 19:39:40,435 [WARNING] __main__: 기본 API URL 사용: PUBLIC_DATA_API_URL 환경변수로 수정 가능
2026-05-17 19:39:40,435 [INFO] __main__: 크롤러 시작: url=http://openapi.price.go.kr/openApiImpl/ProductPriceInfoService/getProductInfoSvc.do
2026-05-17 19:39:40,435 [INFO] __main__: 공공 데이터 전체 조회 시작
2026-05-17 19:39:40,435 [INFO] __main__: 페이지 1 조회 중...
2026-05-17 19:39:40,594 [INFO] __main__: 페이지 1: 604개 항목 추출
2026-05-17 19:39:40,602 [INFO] __main__: 페이지 1: 560개 항목 파싱 완료
2026-05-17 19:39:40,602 [INFO] __main__: 마지막 페이지 도달 (page=1, items=604)
2026-05-17 19:39:40,602 [INFO] __main__: 공공 데이터 조회 완료: 총 560개 레코드
2026-05-17 19:39:40,602 [INFO] __main__: 공공 데이터에서 560개 레코드 조회 완료
2026-05-17 19:39:40,603 [INFO] __main__: 데이터베이스 세션 시작
2026-05-17 19:39:40,603 [INFO] __main__: 마켓 가격 Upsert 시작: 560개 레코드
2026-05-17 19:39:40,641 [INFO] __main__: 560개 기존 마켓 가격 레코드 업데이트 중...
2026-05-17 19:39:40,863 [INFO] __main__: Upsert 완료: 0개 삽입, 560개 업데이트
2026-05-17 19:39:40,863 [INFO] __main__: ============================================================
2026-05-17 19:39:40,863 [INFO] __main__: 마켓 가격 크롤러 완료 (성공)
2026-05-17 19:39:40,863 [INFO] __main__: ============================================================
2026-05-17 19:39:53,643 [INFO] __main__: ============================================================
2026-05-17 19:39:53,643 [INFO] __main__: 마켓 가격 크롤러 시작
2026-05-17 19:39:53,643 [INFO] __main__: ============================================================
2026-05-17 19:39:53,643 [WARNING] __main__: 기본 API URL 사용: PUBLIC_DATA_API_URL 환경변수로 수정 가능
2026-05-17 19:39:53,643 [INFO] __main__: 크롤러 시작: url=http://openapi.price.go.kr/openApiImpl/ProductPriceInfoService/getProductInfoSvc.do
2026-05-17 19:39:53,643 [INFO] __main__: 공공 데이터 전체 조회 시작
2026-05-17 19:39:53,643 [INFO] __main__: 페이지 1 조회 중...
2026-05-17 19:39:53,955 [INFO] __main__: 페이지 1: 604개 항목 추출
2026-05-17 19:39:53,966 [INFO] __main__: 페이지 1: 560개 항목 파싱 완료
2026-05-17 19:39:53,966 [INFO] __main__: 마지막 페이지 도달 (page=1, items=604)
2026-05-17 19:39:53,966 [INFO] __main__: 공공 데이터 조회 완료: 총 560개 레코드
2026-05-17 19:39:53,966 [INFO] __main__: 공공 데이터에서 560개 레코드 조회 완료
2026-05-17 19:39:53,966 [INFO] __main__: 데이터베이스 세션 시작
2026-05-17 19:39:53,966 [INFO] __main__: 마켓 가격 Upsert 시작: 560개 레코드
2026-05-17 19:39:54,010 [INFO] __main__: 560개 새로운 마켓 가격 레코드 삽입 중...
2026-05-17 19:39:54,075 [INFO] __main__: Upsert 완료: 560개 삽입, 0개 업데이트
2026-05-17 19:39:54,075 [INFO] __main__: ============================================================
2026-05-17 19:39:54,076 [INFO] __main__: 마켓 가격 크롤러 완료 (성공)
2026-05-17 19:39:54,076 [INFO] __main__: ============================================================
2026-05-17 23:45:57,723 [INFO] __main__: ============================================================
2026-05-17 23:45:57,723 [INFO] __main__: 마켓 가격 크롤러 시작
2026-05-17 23:45:57,723 [INFO] __main__: ============================================================
2026-05-17 23:45:57,723 [WARNING] __main__: 기본 API URL 사용: PUBLIC_DATA_API_URL 환경변수로 수정 가능
2026-05-17 23:45:57,723 [INFO] __main__: 크롤러 시작: url=http://openapi.price.go.kr/openApiImpl/ProductPriceInfoService/getProductInfoSvc.do
2026-05-17 23:45:57,723 [INFO] __main__: 공공 데이터 전체 조회 시작
2026-05-17 23:45:57,723 [INFO] __main__: 페이지 1 조회 중...
2026-05-17 23:45:57,924 [INFO] __main__: 페이지 1: 604개 항목 추출
2026-05-17 23:45:57,937 [INFO] __main__: 페이지 1: 574개 항목 파싱 완료
2026-05-17 23:45:57,937 [INFO] __main__: 마지막 페이지 도달 (page=1, items=604)
2026-05-17 23:45:57,938 [INFO] __main__: 공공 데이터 조회 완료: 총 574개 레코드
2026-05-17 23:45:57,938 [INFO] __main__: 공공 데이터에서 574개 레코드 조회 완료
2026-05-17 23:45:57,938 [INFO] __main__: 데이터베이스 세션 시작
2026-05-17 23:45:57,938 [INFO] __main__: 마켓 가격 Upsert 시작: 574개 레코드
2026-05-17 23:45:57,984 [INFO] __main__: 16개 새로운 마켓 가격 레코드 삽입 중...
2026-05-17 23:45:57,986 [INFO] __main__: 558개 기존 마켓 가격 레코드 업데이트 중...
2026-05-17 23:45:58,223 [INFO] __main__: Upsert 완료: 16개 삽입, 558개 업데이트
2026-05-17 23:45:58,223 [INFO] __main__: ============================================================
2026-05-17 23:45:58,223 [INFO] __main__: 마켓 가격 크롤러 완료 (성공)
2026-05-17 23:45:58,223 [INFO] __main__: ============================================================
2026-05-19 21:30:19,402 [INFO] __main__: ============================================================
2026-05-19 21:30:19,402 [INFO] __main__: 마켓 가격 크롤러 시작
2026-05-19 21:30:19,402 [INFO] __main__: ============================================================
2026-05-19 21:30:19,402 [WARNING] __main__: 기본 API URL 사용: PUBLIC_DATA_API_URL 환경변수로 수정 가능
2026-05-19 21:30:19,402 [INFO] __main__: 크롤러 시작: url=http://openapi.price.go.kr/openApiImpl/ProductPriceInfoService/getProductInfoSvc.do
2026-05-19 21:30:19,402 [INFO] __main__: 공공 데이터 전체 조회 시작
2026-05-19 21:30:19,402 [INFO] __main__: 페이지 1 조회 중...
2026-05-19 21:30:19,412 [ERROR] __main__: API 요청 실패 (page=1): HTTPConnectionPool(host='openapi.price.go.kr', port=80): Max retries exceeded with url: /openApiImpl/ProductPriceInfoService/getProductInfoSvc.do?serviceKey=6ada97b6cda6d1c57b3cc670536fda56a39952a3cf6df77e3986d0483b0b3f1f&page=1&perPage=100 (Caused by NameResolutionError("HTTPConnection(host='openapi.price.go.kr', port=80): Failed to resolve 'openapi.price.go.kr' ([Errno 11002] getaddrinfo failed)"))
Traceback (most recent call last):
  File "C:\Users\heee1\AppData\Local\Programs\Python\Python312\Lib\site-packages\urllib3\connection.py", line 204, in _new_conn
    sock = connection.create_connection(
           ^^^^^^^^^^^^^^^^^^^^^^^^^^^^^
  File "C:\Users\heee1\AppData\Local\Programs\Python\Python312\Lib\site-packages\urllib3\util\connection.py", line 60, in create_connection
    for res in socket.getaddrinfo(host, port, family, socket.SOCK_STREAM):
               ^^^^^^^^^^^^^^^^^^^^^^^^^^^^^^^^^^^^^^^^^^^^^^^^^^^^^^^^^^
  File "C:\Users\heee1\AppData\Local\Programs\Python\Python312\Lib\socket.py", line 978, in getaddrinfo
    for res in _socket.getaddrinfo(host, port, family, type, proto, flags):
               ^^^^^^^^^^^^^^^^^^^^^^^^^^^^^^^^^^^^^^^^^^^^^^^^^^^^^^^^^^^
socket.gaierror: [Errno 11002] getaddrinfo failed

The above exception was the direct cause of the following exception:

Traceback (most recent call last):
  File "C:\Users\heee1\AppData\Local\Programs\Python\Python312\Lib\site-packages\urllib3\connectionpool.py", line 788, in urlopen
    response = self._make_request(
               ^^^^^^^^^^^^^^^^^^^
  File "C:\Users\heee1\AppData\Local\Programs\Python\Python312\Lib\site-packages\urllib3\connectionpool.py", line 493, in _make_request
    conn.request(
  File "C:\Users\heee1\AppData\Local\Programs\Python\Python312\Lib\site-packages\urllib3\connection.py", line 500, in request
    self.endheaders()
  File "C:\Users\heee1\AppData\Local\Programs\Python\Python312\Lib\http\client.py", line 1333, in endheaders
    self._send_output(message_body, encode_chunked=encode_chunked)
  File "C:\Users\heee1\AppData\Local\Programs\Python\Python312\Lib\http\client.py", line 1093, in _send_output
    self.send(msg)
  File "C:\Users\heee1\AppData\Local\Programs\Python\Python312\Lib\http\client.py", line 1037, in send
    self.connect()
  File "C:\Users\heee1\AppData\Local\Programs\Python\Python312\Lib\site-packages\urllib3\connection.py", line 331, in connect
    self.sock = self._new_conn()
                ^^^^^^^^^^^^^^^^
  File "C:\Users\heee1\AppData\Local\Programs\Python\Python312\Lib\site-packages\urllib3\connection.py", line 211, in _new_conn
    raise NameResolutionError(self.host, self, e) from e
urllib3.exceptions.NameResolutionError: HTTPConnection(host='openapi.price.go.kr', port=80): Failed to resolve 'openapi.price.go.kr' ([Errno 11002] getaddrinfo failed)

The above exception was the direct cause of the following exception:

Traceback (most recent call last):
  File "C:\Users\heee1\AppData\Local\Programs\Python\Python312\Lib\site-packages\requests\adapters.py", line 645, in send
    resp = conn.urlopen(
           ^^^^^^^^^^^^^
  File "C:\Users\heee1\AppData\Local\Programs\Python\Python312\Lib\site-packages\urllib3\connectionpool.py", line 842, in urlopen
    retries = retries.increment(
              ^^^^^^^^^^^^^^^^^^
  File "C:\Users\heee1\AppData\Local\Programs\Python\Python312\Lib\site-packages\urllib3\util\retry.py", line 543, in increment
    raise MaxRetryError(_pool, url, reason) from reason  # type: ignore[arg-type]
    ^^^^^^^^^^^^^^^^^^^^^^^^^^^^^^^^^^^^^^^^^^^^^^^^^^^
urllib3.exceptions.MaxRetryError: HTTPConnectionPool(host='openapi.price.go.kr', port=80): Max retries exceeded with url: /openApiImpl/ProductPriceInfoService/getProductInfoSvc.do?serviceKey=6ada97b6cda6d1c57b3cc670536fda56a39952a3cf6df77e3986d0483b0b3f1f&page=1&perPage=100 (Caused by NameResolutionError("HTTPConnection(host='openapi.price.go.kr', port=80): Failed to resolve 'openapi.price.go.kr' ([Errno 11002] getaddrinfo failed)"))

During handling of the above exception, another exception occurred:

Traceback (most recent call last):
  File "C:\dev\GitHub\eco-price-ai\backend\api_crawler.py", line 60, in fetch_public_data_page
    response = requests.get(api_url, params=params, headers=headers, timeout=30)
               ^^^^^^^^^^^^^^^^^^^^^^^^^^^^^^^^^^^^^^^^^^^^^^^^^^^^^^^^^^^^^^^^^
  File "C:\Users\heee1\AppData\Local\Programs\Python\Python312\Lib\site-packages\requests\api.py", line 73, in get
    return request("get", url, params=params, **kwargs)
           ^^^^^^^^^^^^^^^^^^^^^^^^^^^^^^^^^^^^^^^^^^^^
  File "C:\Users\heee1\AppData\Local\Programs\Python\Python312\Lib\site-packages\requests\api.py", line 59, in request
    return session.request(method=method, url=url, **kwargs)
           ^^^^^^^^^^^^^^^^^^^^^^^^^^^^^^^^^^^^^^^^^^^^^^^^^
  File "C:\Users\heee1\AppData\Local\Programs\Python\Python312\Lib\site-packages\requests\sessions.py", line 592, in request
    resp = self.send(prep, **send_kwargs)
           ^^^^^^^^^^^^^^^^^^^^^^^^^^^^^^
  File "C:\Users\heee1\AppData\Local\Programs\Python\Python312\Lib\site-packages\requests\sessions.py", line 706, in send
    r = adapter.send(request, **kwargs)
        ^^^^^^^^^^^^^^^^^^^^^^^^^^^^^^^
  File "C:\Users\heee1\AppData\Local\Programs\Python\Python312\Lib\site-packages\requests\adapters.py", line 678, in send
    raise ConnectionError(e, request=request)
requests.exceptions.ConnectionError: HTTPConnectionPool(host='openapi.price.go.kr', port=80): Max retries exceeded with url: /openApiImpl/ProductPriceInfoService/getProductInfoSvc.do?serviceKey=6ada97b6cda6d1c57b3cc670536fda56a39952a3cf6df77e3986d0483b0b3f1f&page=1&perPage=100 (Caused by NameResolutionError("HTTPConnection(host='openapi.price.go.kr', port=80): Failed to resolve 'openapi.price.go.kr' ([Errno 11002] getaddrinfo failed)"))
2026-05-19 21:30:19,572 [ERROR] __main__: 공공 데이터 조회 중 오류 (page=1): HTTPConnectionPool(host='openapi.price.go.kr', port=80): Max retries exceeded with url: /openApiImpl/ProductPriceInfoService/getProductInfoSvc.do?serviceKey=6ada97b6cda6d1c57b3cc670536fda56a39952a3cf6df77e3986d0483b0b3f1f&page=1&perPage=100 (Caused by NameResolutionError("HTTPConnection(host='openapi.price.go.kr', port=80): Failed to resolve 'openapi.price.go.kr' ([Errno 11002] getaddrinfo failed)"))
Traceback (most recent call last):
  File "C:\Users\heee1\AppData\Local\Programs\Python\Python312\Lib\site-packages\urllib3\connection.py", line 204, in _new_conn
    sock = connection.create_connection(
           ^^^^^^^^^^^^^^^^^^^^^^^^^^^^^
  File "C:\Users\heee1\AppData\Local\Programs\Python\Python312\Lib\site-packages\urllib3\util\connection.py", line 60, in create_connection
    for res in socket.getaddrinfo(host, port, family, socket.SOCK_STREAM):
               ^^^^^^^^^^^^^^^^^^^^^^^^^^^^^^^^^^^^^^^^^^^^^^^^^^^^^^^^^^
  File "C:\Users\heee1\AppData\Local\Programs\Python\Python312\Lib\socket.py", line 978, in getaddrinfo
    for res in _socket.getaddrinfo(host, port, family, type, proto, flags):
               ^^^^^^^^^^^^^^^^^^^^^^^^^^^^^^^^^^^^^^^^^^^^^^^^^^^^^^^^^^^
socket.gaierror: [Errno 11002] getaddrinfo failed

The above exception was the direct cause of the following exception:

Traceback (most recent call last):
  File "C:\Users\heee1\AppData\Local\Programs\Python\Python312\Lib\site-packages\urllib3\connectionpool.py", line 788, in urlopen
    response = self._make_request(
               ^^^^^^^^^^^^^^^^^^^
  File "C:\Users\heee1\AppData\Local\Programs\Python\Python312\Lib\site-packages\urllib3\connectionpool.py", line 493, in _make_request
    conn.request(
  File "C:\Users\heee1\AppData\Local\Programs\Python\Python312\Lib\site-packages\urllib3\connection.py", line 500, in request
    self.endheaders()
  File "C:\Users\heee1\AppData\Local\Programs\Python\Python312\Lib\http\client.py", line 1333, in endheaders
    self._send_output(message_body, encode_chunked=encode_chunked)
  File "C:\Users\heee1\AppData\Local\Programs\Python\Python312\Lib\http\client.py", line 1093, in _send_output
    self.send(msg)
  File "C:\Users\heee1\AppData\Local\Programs\Python\Python312\Lib\http\client.py", line 1037, in send
    self.connect()
  File "C:\Users\heee1\AppData\Local\Programs\Python\Python312\Lib\site-packages\urllib3\connection.py", line 331, in connect
    self.sock = self._new_conn()
                ^^^^^^^^^^^^^^^^
  File "C:\Users\heee1\AppData\Local\Programs\Python\Python312\Lib\site-packages\urllib3\connection.py", line 211, in _new_conn
    raise NameResolutionError(self.host, self, e) from e
urllib3.exceptions.NameResolutionError: HTTPConnection(host='openapi.price.go.kr', port=80): Failed to resolve 'openapi.price.go.kr' ([Errno 11002] getaddrinfo failed)

The above exception was the direct cause of the following exception:

Traceback (most recent call last):
  File "C:\Users\heee1\AppData\Local\Programs\Python\Python312\Lib\site-packages\requests\adapters.py", line 645, in send
    resp = conn.urlopen(
           ^^^^^^^^^^^^^
  File "C:\Users\heee1\AppData\Local\Programs\Python\Python312\Lib\site-packages\urllib3\connectionpool.py", line 842, in urlopen
    retries = retries.increment(
              ^^^^^^^^^^^^^^^^^^
  File "C:\Users\heee1\AppData\Local\Programs\Python\Python312\Lib\site-packages\urllib3\util\retry.py", line 543, in increment
    raise MaxRetryError(_pool, url, reason) from reason  # type: ignore[arg-type]
    ^^^^^^^^^^^^^^^^^^^^^^^^^^^^^^^^^^^^^^^^^^^^^^^^^^^
urllib3.exceptions.MaxRetryError: HTTPConnectionPool(host='openapi.price.go.kr', port=80): Max retries exceeded with url: /openApiImpl/ProductPriceInfoService/getProductInfoSvc.do?serviceKey=6ada97b6cda6d1c57b3cc670536fda56a39952a3cf6df77e3986d0483b0b3f1f&page=1&perPage=100 (Caused by NameResolutionError("HTTPConnection(host='openapi.price.go.kr', port=80): Failed to resolve 'openapi.price.go.kr' ([Errno 11002] getaddrinfo failed)"))

During handling of the above exception, another exception occurred:

Traceback (most recent call last):
  File "C:\dev\GitHub\eco-price-ai\backend\api_crawler.py", line 301, in fetch_all_public_data
    response_text = fetch_public_data_page(api_key, api_url, page_no=page, num_of_rows=BATCH_SIZE)
                    ^^^^^^^^^^^^^^^^^^^^^^^^^^^^^^^^^^^^^^^^^^^^^^^^^^^^^^^^^^^^^^^^^^^^^^^^^^^^^^
  File "C:\dev\GitHub\eco-price-ai\backend\api_crawler.py", line 60, in fetch_public_data_page
    response = requests.get(api_url, params=params, headers=headers, timeout=30)
               ^^^^^^^^^^^^^^^^^^^^^^^^^^^^^^^^^^^^^^^^^^^^^^^^^^^^^^^^^^^^^^^^^
  File "C:\Users\heee1\AppData\Local\Programs\Python\Python312\Lib\site-packages\requests\api.py", line 73, in get
    return request("get", url, params=params, **kwargs)
           ^^^^^^^^^^^^^^^^^^^^^^^^^^^^^^^^^^^^^^^^^^^^
  File "C:\Users\heee1\AppData\Local\Programs\Python\Python312\Lib\site-packages\requests\api.py", line 59, in request
    return session.request(method=method, url=url, **kwargs)
           ^^^^^^^^^^^^^^^^^^^^^^^^^^^^^^^^^^^^^^^^^^^^^^^^^
  File "C:\Users\heee1\AppData\Local\Programs\Python\Python312\Lib\site-packages\requests\sessions.py", line 592, in request
    resp = self.send(prep, **send_kwargs)
           ^^^^^^^^^^^^^^^^^^^^^^^^^^^^^^
  File "C:\Users\heee1\AppData\Local\Programs\Python\Python312\Lib\site-packages\requests\sessions.py", line 706, in send
    r = adapter.send(request, **kwargs)
        ^^^^^^^^^^^^^^^^^^^^^^^^^^^^^^^
  File "C:\Users\heee1\AppData\Local\Programs\Python\Python312\Lib\site-packages\requests\adapters.py", line 678, in send
    raise ConnectionError(e, request=request)
requests.exceptions.ConnectionError: HTTPConnectionPool(host='openapi.price.go.kr', port=80): Max retries exceeded with url: /openApiImpl/ProductPriceInfoService/getProductInfoSvc.do?serviceKey=6ada97b6cda6d1c57b3cc670536fda56a39952a3cf6df77e3986d0483b0b3f1f&page=1&perPage=100 (Caused by NameResolutionError("HTTPConnection(host='openapi.price.go.kr', port=80): Failed to resolve 'openapi.price.go.kr' ([Errno 11002] getaddrinfo failed)"))
2026-05-19 21:30:19,573 [ERROR] __main__: 환경 설정 오류: HTTPConnectionPool(host='openapi.price.go.kr', port=80): Max retries exceeded with url: /openApiImpl/ProductPriceInfoService/getProductInfoSvc.do?serviceKey=6ada97b6cda6d1c57b3cc670536fda56a39952a3cf6df77e3986d0483b0b3f1f&page=1&perPage=100 (Caused by NameResolutionError("HTTPConnection(host='openapi.price.go.kr', port=80): Failed to resolve 'openapi.price.go.kr' ([Errno 11002] getaddrinfo failed)"))
Traceback (most recent call last):
  File "C:\Users\heee1\AppData\Local\Programs\Python\Python312\Lib\site-packages\urllib3\connection.py", line 204, in _new_conn
    sock = connection.create_connection(
           ^^^^^^^^^^^^^^^^^^^^^^^^^^^^^
  File "C:\Users\heee1\AppData\Local\Programs\Python\Python312\Lib\site-packages\urllib3\util\connection.py", line 60, in create_connection
    for res in socket.getaddrinfo(host, port, family, socket.SOCK_STREAM):
               ^^^^^^^^^^^^^^^^^^^^^^^^^^^^^^^^^^^^^^^^^^^^^^^^^^^^^^^^^^
  File "C:\Users\heee1\AppData\Local\Programs\Python\Python312\Lib\socket.py", line 978, in getaddrinfo
    for res in _socket.getaddrinfo(host, port, family, type, proto, flags):
               ^^^^^^^^^^^^^^^^^^^^^^^^^^^^^^^^^^^^^^^^^^^^^^^^^^^^^^^^^^^
socket.gaierror: [Errno 11002] getaddrinfo failed

The above exception was the direct cause of the following exception:

Traceback (most recent call last):
  File "C:\Users\heee1\AppData\Local\Programs\Python\Python312\Lib\site-packages\urllib3\connectionpool.py", line 788, in urlopen
    response = self._make_request(
               ^^^^^^^^^^^^^^^^^^^
  File "C:\Users\heee1\AppData\Local\Programs\Python\Python312\Lib\site-packages\urllib3\connectionpool.py", line 493, in _make_request
    conn.request(
  File "C:\Users\heee1\AppData\Local\Programs\Python\Python312\Lib\site-packages\urllib3\connection.py", line 500, in request
    self.endheaders()
  File "C:\Users\heee1\AppData\Local\Programs\Python\Python312\Lib\http\client.py", line 1333, in endheaders
    self._send_output(message_body, encode_chunked=encode_chunked)
  File "C:\Users\heee1\AppData\Local\Programs\Python\Python312\Lib\http\client.py", line 1093, in _send_output
    self.send(msg)
  File "C:\Users\heee1\AppData\Local\Programs\Python\Python312\Lib\http\client.py", line 1037, in send
    self.connect()
  File "C:\Users\heee1\AppData\Local\Programs\Python\Python312\Lib\site-packages\urllib3\connection.py", line 331, in connect
    self.sock = self._new_conn()
                ^^^^^^^^^^^^^^^^
  File "C:\Users\heee1\AppData\Local\Programs\Python\Python312\Lib\site-packages\urllib3\connection.py", line 211, in _new_conn
    raise NameResolutionError(self.host, self, e) from e
urllib3.exceptions.NameResolutionError: HTTPConnection(host='openapi.price.go.kr', port=80): Failed to resolve 'openapi.price.go.kr' ([Errno 11002] getaddrinfo failed)

The above exception was the direct cause of the following exception:

Traceback (most recent call last):
  File "C:\Users\heee1\AppData\Local\Programs\Python\Python312\Lib\site-packages\requests\adapters.py", line 645, in send
    resp = conn.urlopen(
           ^^^^^^^^^^^^^
  File "C:\Users\heee1\AppData\Local\Programs\Python\Python312\Lib\site-packages\urllib3\connectionpool.py", line 842, in urlopen
    retries = retries.increment(
              ^^^^^^^^^^^^^^^^^^
  File "C:\Users\heee1\AppData\Local\Programs\Python\Python312\Lib\site-packages\urllib3\util\retry.py", line 543, in increment
    raise MaxRetryError(_pool, url, reason) from reason  # type: ignore[arg-type]
    ^^^^^^^^^^^^^^^^^^^^^^^^^^^^^^^^^^^^^^^^^^^^^^^^^^^
urllib3.exceptions.MaxRetryError: HTTPConnectionPool(host='openapi.price.go.kr', port=80): Max retries exceeded with url: /openApiImpl/ProductPriceInfoService/getProductInfoSvc.do?serviceKey=6ada97b6cda6d1c57b3cc670536fda56a39952a3cf6df77e3986d0483b0b3f1f&page=1&perPage=100 (Caused by NameResolutionError("HTTPConnection(host='openapi.price.go.kr', port=80): Failed to resolve 'openapi.price.go.kr' ([Errno 11002] getaddrinfo failed)"))

During handling of the above exception, another exception occurred:

Traceback (most recent call last):
  File "C:\dev\GitHub\eco-price-ai\backend\api_crawler.py", line 341, in run_crawler
    records = fetch_all_public_data(api_key, api_url)
              ^^^^^^^^^^^^^^^^^^^^^^^^^^^^^^^^^^^^^^^
  File "C:\dev\GitHub\eco-price-ai\backend\api_crawler.py", line 301, in fetch_all_public_data
    response_text = fetch_public_data_page(api_key, api_url, page_no=page, num_of_rows=BATCH_SIZE)
                    ^^^^^^^^^^^^^^^^^^^^^^^^^^^^^^^^^^^^^^^^^^^^^^^^^^^^^^^^^^^^^^^^^^^^^^^^^^^^^^
  File "C:\dev\GitHub\eco-price-ai\backend\api_crawler.py", line 60, in fetch_public_data_page
    response = requests.get(api_url, params=params, headers=headers, timeout=30)
               ^^^^^^^^^^^^^^^^^^^^^^^^^^^^^^^^^^^^^^^^^^^^^^^^^^^^^^^^^^^^^^^^^
  File "C:\Users\heee1\AppData\Local\Programs\Python\Python312\Lib\site-packages\requests\api.py", line 73, in get
    return request("get", url, params=params, **kwargs)
           ^^^^^^^^^^^^^^^^^^^^^^^^^^^^^^^^^^^^^^^^^^^^
  File "C:\Users\heee1\AppData\Local\Programs\Python\Python312\Lib\site-packages\requests\api.py", line 59, in request
    return session.request(method=method, url=url, **kwargs)
           ^^^^^^^^^^^^^^^^^^^^^^^^^^^^^^^^^^^^^^^^^^^^^^^^^
  File "C:\Users\heee1\AppData\Local\Programs\Python\Python312\Lib\site-packages\requests\sessions.py", line 592, in request
    resp = self.send(prep, **send_kwargs)
           ^^^^^^^^^^^^^^^^^^^^^^^^^^^^^^
  File "C:\Users\heee1\AppData\Local\Programs\Python\Python312\Lib\site-packages\requests\sessions.py", line 706, in send
    r = adapter.send(request, **kwargs)
        ^^^^^^^^^^^^^^^^^^^^^^^^^^^^^^^
  File "C:\Users\heee1\AppData\Local\Programs\Python\Python312\Lib\site-packages\requests\adapters.py", line 678, in send
    raise ConnectionError(e, request=request)
requests.exceptions.ConnectionError: HTTPConnectionPool(host='openapi.price.go.kr', port=80): Max retries exceeded with url: /openApiImpl/ProductPriceInfoService/getProductInfoSvc.do?serviceKey=6ada97b6cda6d1c57b3cc670536fda56a39952a3cf6df77e3986d0483b0b3f1f&page=1&perPage=100 (Caused by NameResolutionError("HTTPConnection(host='openapi.price.go.kr', port=80): Failed to resolve 'openapi.price.go.kr' ([Errno 11002] getaddrinfo failed)"))
2026-05-19 21:30:19,574 [ERROR] __main__: 크롤러 실패: HTTPConnectionPool(host='openapi.price.go.kr', port=80): Max retries exceeded with url: /openApiImpl/ProductPriceInfoService/getProductInfoSvc.do?serviceKey=6ada97b6cda6d1c57b3cc670536fda56a39952a3cf6df77e3986d0483b0b3f1f&page=1&perPage=100 (Caused by NameResolutionError("HTTPConnection(host='openapi.price.go.kr', port=80): Failed to resolve 'openapi.price.go.kr' ([Errno 11002] getaddrinfo failed)"))
Traceback (most recent call last):
  File "C:\Users\heee1\AppData\Local\Programs\Python\Python312\Lib\site-packages\urllib3\connection.py", line 204, in _new_conn
    sock = connection.create_connection(
           ^^^^^^^^^^^^^^^^^^^^^^^^^^^^^
  File "C:\Users\heee1\AppData\Local\Programs\Python\Python312\Lib\site-packages\urllib3\util\connection.py", line 60, in create_connection
    for res in socket.getaddrinfo(host, port, family, socket.SOCK_STREAM):
               ^^^^^^^^^^^^^^^^^^^^^^^^^^^^^^^^^^^^^^^^^^^^^^^^^^^^^^^^^^
  File "C:\Users\heee1\AppData\Local\Programs\Python\Python312\Lib\socket.py", line 978, in getaddrinfo
    for res in _socket.getaddrinfo(host, port, family, type, proto, flags):
               ^^^^^^^^^^^^^^^^^^^^^^^^^^^^^^^^^^^^^^^^^^^^^^^^^^^^^^^^^^^
socket.gaierror: [Errno 11002] getaddrinfo failed

The above exception was the direct cause of the following exception:

Traceback (most recent call last):
  File "C:\Users\heee1\AppData\Local\Programs\Python\Python312\Lib\site-packages\urllib3\connectionpool.py", line 788, in urlopen
    response = self._make_request(
               ^^^^^^^^^^^^^^^^^^^
  File "C:\Users\heee1\AppData\Local\Programs\Python\Python312\Lib\site-packages\urllib3\connectionpool.py", line 493, in _make_request
    conn.request(
  File "C:\Users\heee1\AppData\Local\Programs\Python\Python312\Lib\site-packages\urllib3\connection.py", line 500, in request
    self.endheaders()
  File "C:\Users\heee1\AppData\Local\Programs\Python\Python312\Lib\http\client.py", line 1333, in endheaders
    self._send_output(message_body, encode_chunked=encode_chunked)
  File "C:\Users\heee1\AppData\Local\Programs\Python\Python312\Lib\http\client.py", line 1093, in _send_output
    self.send(msg)
  File "C:\Users\heee1\AppData\Local\Programs\Python\Python312\Lib\http\client.py", line 1037, in send
    self.connect()
  File "C:\Users\heee1\AppData\Local\Programs\Python\Python312\Lib\site-packages\urllib3\connection.py", line 331, in connect
    self.sock = self._new_conn()
                ^^^^^^^^^^^^^^^^
  File "C:\Users\heee1\AppData\Local\Programs\Python\Python312\Lib\site-packages\urllib3\connection.py", line 211, in _new_conn
    raise NameResolutionError(self.host, self, e) from e
urllib3.exceptions.NameResolutionError: HTTPConnection(host='openapi.price.go.kr', port=80): Failed to resolve 'openapi.price.go.kr' ([Errno 11002] getaddrinfo failed)

The above exception was the direct cause of the following exception:

Traceback (most recent call last):
  File "C:\Users\heee1\AppData\Local\Programs\Python\Python312\Lib\site-packages\requests\adapters.py", line 645, in send
    resp = conn.urlopen(
           ^^^^^^^^^^^^^
  File "C:\Users\heee1\AppData\Local\Programs\Python\Python312\Lib\site-packages\urllib3\connectionpool.py", line 842, in urlopen
    retries = retries.increment(
              ^^^^^^^^^^^^^^^^^^
  File "C:\Users\heee1\AppData\Local\Programs\Python\Python312\Lib\site-packages\urllib3\util\retry.py", line 543, in increment
    raise MaxRetryError(_pool, url, reason) from reason  # type: ignore[arg-type]
    ^^^^^^^^^^^^^^^^^^^^^^^^^^^^^^^^^^^^^^^^^^^^^^^^^^^
urllib3.exceptions.MaxRetryError: HTTPConnectionPool(host='openapi.price.go.kr', port=80): Max retries exceeded with url: /openApiImpl/ProductPriceInfoService/getProductInfoSvc.do?serviceKey=6ada97b6cda6d1c57b3cc670536fda56a39952a3cf6df77e3986d0483b0b3f1f&page=1&perPage=100 (Caused by NameResolutionError("HTTPConnection(host='openapi.price.go.kr', port=80): Failed to resolve 'openapi.price.go.kr' ([Errno 11002] getaddrinfo failed)"))

During handling of the above exception, another exception occurred:

Traceback (most recent call last):
  File "C:\dev\GitHub\eco-price-ai\backend\api_crawler.py", line 382, in <module>
    run_crawler()
  File "C:\dev\GitHub\eco-price-ai\backend\api_crawler.py", line 341, in run_crawler
    records = fetch_all_public_data(api_key, api_url)
              ^^^^^^^^^^^^^^^^^^^^^^^^^^^^^^^^^^^^^^^
  File "C:\dev\GitHub\eco-price-ai\backend\api_crawler.py", line 301, in fetch_all_public_data
    response_text = fetch_public_data_page(api_key, api_url, page_no=page, num_of_rows=BATCH_SIZE)
                    ^^^^^^^^^^^^^^^^^^^^^^^^^^^^^^^^^^^^^^^^^^^^^^^^^^^^^^^^^^^^^^^^^^^^^^^^^^^^^^
  File "C:\dev\GitHub\eco-price-ai\backend\api_crawler.py", line 60, in fetch_public_data_page
    response = requests.get(api_url, params=params, headers=headers, timeout=30)
               ^^^^^^^^^^^^^^^^^^^^^^^^^^^^^^^^^^^^^^^^^^^^^^^^^^^^^^^^^^^^^^^^^
  File "C:\Users\heee1\AppData\Local\Programs\Python\Python312\Lib\site-packages\requests\api.py", line 73, in get
    return request("get", url, params=params, **kwargs)
           ^^^^^^^^^^^^^^^^^^^^^^^^^^^^^^^^^^^^^^^^^^^^
  File "C:\Users\heee1\AppData\Local\Programs\Python\Python312\Lib\site-packages\requests\api.py", line 59, in request
    return session.request(method=method, url=url, **kwargs)
           ^^^^^^^^^^^^^^^^^^^^^^^^^^^^^^^^^^^^^^^^^^^^^^^^^
  File "C:\Users\heee1\AppData\Local\Programs\Python\Python312\Lib\site-packages\requests\sessions.py", line 592, in request
    resp = self.send(prep, **send_kwargs)
           ^^^^^^^^^^^^^^^^^^^^^^^^^^^^^^
  File "C:\Users\heee1\AppData\Local\Programs\Python\Python312\Lib\site-packages\requests\sessions.py", line 706, in send
    r = adapter.send(request, **kwargs)
        ^^^^^^^^^^^^^^^^^^^^^^^^^^^^^^^
  File "C:\Users\heee1\AppData\Local\Programs\Python\Python312\Lib\site-packages\requests\adapters.py", line 678, in send
    raise ConnectionError(e, request=request)
requests.exceptions.ConnectionError: HTTPConnectionPool(host='openapi.price.go.kr', port=80): Max retries exceeded with url: /openApiImpl/ProductPriceInfoService/getProductInfoSvc.do?serviceKey=6ada97b6cda6d1c57b3cc670536fda56a39952a3cf6df77e3986d0483b0b3f1f&page=1&perPage=100 (Caused by NameResolutionError("HTTPConnection(host='openapi.price.go.kr', port=80): Failed to resolve 'openapi.price.go.kr' ([Errno 11002] getaddrinfo failed)"))
